  .   ____          _            __ _ _
 /\\ / ___'_ __ _ _(_)_ __  __ _ \ \ \ \
( ( )\___ | '_ | '_| | '_ \/ _` | \ \ \ \
 \\/  ___)| |_)| | | | | || (_| |  ) ) ) )
  '  |____| .__|_| |_|_| |_\__, | / / / /
 =========|_|==============|___/=/_/_/_/

 :: Spring Boot ::                (v3.3.0)

2026-06-17T16:27:07.710+08:00  INFO 37112 --- [threat-platform] [           main] com.cd.ThreatPlatformApplication         : Starting ThreatPlatformApplication v0.0.1-SNAPSHOT using Java 17.0.6 with PID 37112 (C:\DATA\2026实训\java\target\threat-platform-0.0.1-SNAPSHOT.jar started by xieya in C:\DATA\2026实训\java)
2026-06-17T16:27:07.714+08:00  INFO 37112 --- [threat-platform] [           main] com.cd.ThreatPlatformApplication         : The following 1 profile is active: "dev"
2026-06-17T16:27:07.715+08:00 DEBUG 37112 --- [threat-platform] [           main] o.s.boot.SpringApplication               : Loading source class com.cd.ThreatPlatformApplication
2026-06-17T16:27:07.818+08:00 DEBUG 37112 --- [threat-platform] [           main] ConfigServletWebServerApplicationContext : Refreshing org.springframework.boot.web.servlet.context.AnnotationConfigServletWebServerApplicationContext@7ca20101
2026-06-17T16:27:10.502+08:00 DEBUG 37112 --- [threat-platform] [           main] .s.b.w.e.t.TomcatServletWebServerFactory : Code archive: C:\DATA\2026实训\java\target\threat-platform-0.0.1-SNAPSHOT.jar
2026-06-17T16:27:10.508+08:00 DEBUG 37112 --- [threat-platform] [           main] .s.b.w.e.t.TomcatServletWebServerFactory : Code archive: C:\DATA\2026实训\java\target\threat-platform-0.0.1-SNAPSHOT.jar
2026-06-17T16:27:10.510+08:00 DEBUG 37112 --- [threat-platform] [           main] .s.b.w.e.t.TomcatServletWebServerFactory : None of the document roots [src/main/webapp, public, static] point to a directory and will be ignored.
2026-06-17T16:27:10.659+08:00  INFO 37112 --- [threat-platform] [           main] o.s.b.w.embedded.tomcat.TomcatWebServer  : Tomcat initialized with port 18081 (http)
2026-06-17T16:27:10.707+08:00  INFO 37112 --- [threat-platform] [           main] o.apache.catalina.core.StandardService   : Starting service [Tomcat]
2026-06-17T16:27:10.708+08:00  INFO 37112 --- [threat-platform] [           main] o.apache.catalina.core.StandardEngine    : Starting Servlet engine: [Apache Tomcat/10.1.24]
2026-06-17T16:27:10.821+08:00  INFO 37112 --- [threat-platform] [           main] o.a.c.c.C.[Tomcat].[localhost].[/]       : Initializing Spring embedded WebApplicationContext
2026-06-17T16:27:10.822+08:00 DEBUG 37112 --- [threat-platform] [           main] w.s.c.ServletWebServerApplicationContext : Published root WebApplicationContext as ServletContext attribute with name [org.springframework.web.context.WebApplicationContext.ROOT]
2026-06-17T16:27:10.824+08:00  INFO 37112 --- [threat-platform] [           main] w.s.c.ServletWebServerApplicationContext : Root WebApplicationContext: initialization completed in 3005 ms
2026-06-17T16:27:12.883+08:00  INFO 37112 --- [threat-platform] [           main] com.zaxxer.hikari.HikariDataSource       : HikariPool-1 - Starting...
2026-06-17T16:27:13.426+08:00  INFO 37112 --- [threat-platform] [           main] com.zaxxer.hikari.pool.HikariPool        : HikariPool-1 - Added connection com.mysql.cj.jdbc.ConnectionImpl@10b87ff6
2026-06-17T16:27:13.431+08:00  INFO 37112 --- [threat-platform] [           main] com.zaxxer.hikari.HikariDataSource       : HikariPool-1 - Start completed.
2026-06-17T16:27:13.636+08:00 DEBUG 37112 --- [threat-platform] [           main] o.s.b.w.s.ServletContextInitializerBeans : Mapping filters: springSecurityFilterChain urls=[/*] order=-100, characterEncodingFilter urls=[/*] order=-2147483648, formContentFilter urls=[/*] order=-9900, requestContextFilter urls=[/*] order=-105, jwtAuthenticationFilter urls=[/*] order=2147483647
2026-06-17T16:27:13.637+08:00 DEBUG 37112 --- [threat-platform] [           main] o.s.b.w.s.ServletContextInitializerBeans : Mapping servlets: dispatcherServlet urls=[/]
2026-06-17T16:27:13.768+08:00 DEBUG 37112 --- [threat-platform] [           main] o.s.b.w.s.f.OrderedRequestContextFilter  : Filter 'requestContextFilter' configured for use
2026-06-17T16:27:13.781+08:00 DEBUG 37112 --- [threat-platform] [           main] s.b.w.s.f.OrderedCharacterEncodingFilter : Filter 'characterEncodingFilter' configured for use
2026-06-17T16:27:13.782+08:00 DEBUG 37112 --- [threat-platform] [           main] .DelegatingFilterProxyRegistrationBean$1 : Filter 'springSecurityFilterChain' configured for use
2026-06-17T16:27:13.783+08:00 DEBUG 37112 --- [threat-platform] [           main] o.s.b.w.s.f.OrderedFormContentFilter     : Filter 'formContentFilter' configured for use
2026-06-17T16:27:14.022+08:00 DEBUG 37112 --- [threat-platform] [           main] o.s.b.a.AutoConfigurationPackages        : @EnableAutoConfiguration was declared on a class in the package 'com.cd'. Automatic @Repository and @Entity scanning is enabled.
2026-06-17T16:27:14.215+08:00 DEBUG 37112 --- [threat-platform] [           main] ySourcesPropertyResolver$DefaultResolver : Found key 'DASHSCOPE_API_KEY' in PropertySource 'systemEnvironment' with value of type String
2026-06-17T16:27:16.142+08:00 DEBUG 37112 --- [threat-platform] [           main] o.s.w.s.s.s.WebSocketHandlerMapping      : Patterns [/ws/alerts] in 'webSocketHandlerMapping'
2026-06-17T16:27:16.302+08:00  INFO 37112 --- [threat-platform] [           main] eAuthenticationProviderManagerConfigurer : Global AuthenticationManager configured with AuthenticationProvider bean with name authenticationProvider
2026-06-17T16:27:16.303+08:00  WARN 37112 --- [threat-platform] [           main] r$InitializeUserDetailsManagerConfigurer : Global AuthenticationManager configured with an AuthenticationProvider bean. UserDetailsService beans will not be used for username/password login. Consider removing the AuthenticationProvider bean. Alternatively, consider using the UserDetailsService in a manually instantiated DaoAuthenticationProvider.
2026-06-17T16:27:16.368+08:00  INFO 37112 --- [threat-platform] [           main] o.s.b.a.w.s.WelcomePageHandlerMapping    : Adding welcome page: class path resource [static/index.html]
2026-06-17T16:27:16.507+08:00 DEBUG 37112 --- [threat-platform] [           main] s.w.s.m.m.a.RequestMappingHandlerMapping : 190 mappings in 'requestMappingHandlerMapping'
2026-06-17T16:27:16.571+08:00 DEBUG 37112 --- [threat-platform] [           main] o.s.w.s.handler.SimpleUrlHandlerMapping  : Patterns [/webjars/**, /**, /uploads/**] in 'resourceHandlerMapping'
2026-06-17T16:27:16.648+08:00  INFO 37112 --- [threat-platform] [           main] o.s.s.web.DefaultSecurityFilterChain     : Will secure any request with [org.springframework.security.web.session.DisableEncodeUrlFilter@580154b3, org.springframework.security.web.context.request.async.WebAsyncManagerIntegrationFilter@79fc4e99, org.springframework.security.web.context.SecurityContextHolderFilter@1d40f597, org.springframework.security.web.header.HeaderWriterFilter@796642ae, org.springframework.web.filter.CorsFilter@6e7fa4b0, org.springframework.security.web.authentication.logout.LogoutFilter@6a54aa7a, com.cd.common.security.JwtAuthenticationFilter@7ff09659, org.springframework.security.web.savedrequest.RequestCacheAwareFilter@2078bf0a, org.springframework.security.web.servletapi.SecurityContextHolderAwareRequestFilter@14d298d6, org.springframework.security.web.authentication.AnonymousAuthenticationFilter@6c7f804c, org.springframework.security.web.session.SessionManagementFilter@7b58d678, org.springframework.security.web.access.ExceptionTranslationFilter@19fc0ef7, org.springframework.security.web.access.intercept.AuthorizationFilter@3e73f5e7]
2026-06-17T16:27:16.798+08:00 DEBUG 37112 --- [threat-platform] [           main] s.w.s.m.m.a.RequestMappingHandlerAdapter : ControllerAdvice beans: 0 @ModelAttribute, 0 @InitBinder, 1 RequestBodyAdvice, 1 ResponseBodyAdvice
2026-06-17T16:27:16.890+08:00 DEBUG 37112 --- [threat-platform] [           main] .m.m.a.ExceptionHandlerExceptionResolver : ControllerAdvice beans: 1 @ExceptionHandler, 1 ResponseBodyAdvice
2026-06-17T16:27:17.194+08:00  INFO 37112 --- [threat-platform] [           main] o.s.b.w.embedded.tomcat.TomcatWebServer  : Tomcat started on port 18081 (http) with context path '/'
2026-06-17T16:27:17.197+08:00  INFO 37112 --- [threat-platform] [           main] o.s.a.r.c.CachingConnectionFactory       : Attempting to connect to: [139.155.139.242:15333]
2026-06-17T16:27:17.278+08:00  INFO 37112 --- [threat-platform] [           main] o.s.a.r.c.CachingConnectionFactory       : Created new connection: rabbitConnectionFactory#647ff23e:0/SimpleConnection@1bb0fa38 [delegate=amqp://admin@139.155.139.242:15333/my_vhost, localPort=50536]
2026-06-17T16:27:18.413+08:00 DEBUG 37112 --- [threat-platform] [           main] .s.b.a.l.ConditionEvaluationReportLogger : 


============================
CONDITIONS EVALUATION REPORT
============================


Positive matches:
-----------------

   AopAutoConfiguration matched:
      - @ConditionalOnProperty (spring.aop.auto=true) matched (OnPropertyCondition)

   AopAutoConfiguration.ClassProxyingConfiguration matched:
      - @ConditionalOnMissingClass did not find unwanted class 'org.aspectj.weaver.Advice' (OnClassCondition)
      - @ConditionalOnProperty (spring.aop.proxy-target-class=true) matched (OnPropertyCondition)

   ApplicationAvailabilityAutoConfiguration#applicationAvailability matched:
      - @ConditionalOnMissingBean (types: org.springframework.boot.availability.ApplicationAvailability; SearchStrategy: all) did not find any beans (OnBeanCondition)

   CaffeineCacheConfiguration matched:
      - @ConditionalOnClass found required classes 'com.github.benmanes.caffeine.cache.Caffeine', 'org.springframework.cache.caffeine.CaffeineCacheManager' (OnClassCondition)
      - Cache org.springframework.boot.autoconfigure.cache.CaffeineCacheConfiguration automatic cache type (CacheCondition)

   DataSourceAutoConfiguration matched:
      - @ConditionalOnClass found required classes 'javax.sql.DataSource', 'org.springframework.jdbc.datasource.embedded.EmbeddedDatabaseType' (OnClassCondition)
      - @ConditionalOnMissingBean (types: io.r2dbc.spi.ConnectionFactory; SearchStrategy: all) did not find any beans (OnBeanCondition)

   DataSourceAutoConfiguration.PooledDataSourceConfiguration matched:
      - AnyNestedCondition 1 matched 1 did not; NestedCondition on DataSourceAutoConfiguration.PooledDataSourceCondition.PooledDataSourceAvailable PooledDataSource found supported DataSource; NestedCondition on DataSourceAutoConfiguration.PooledDataSourceCondition.ExplicitType @ConditionalOnProperty (spring.datasource.type) did not find property 'type' (DataSourceAutoConfiguration.PooledDataSourceCondition)
      - @ConditionalOnMissingBean (types: javax.sql.DataSource,javax.sql.XADataSource; SearchStrategy: all) did not find any beans (OnBeanCondition)

   DataSourceAutoConfiguration.PooledDataSourceConfiguration#jdbcConnectionDetails matched:
      - @ConditionalOnMissingBean (types: org.springframework.boot.autoconfigure.jdbc.JdbcConnectionDetails; SearchStrategy: all) did not find any beans (OnBeanCondition)

   DataSourceConfiguration.Hikari matched:
      - @ConditionalOnClass found required class 'com.zaxxer.hikari.HikariDataSource' (OnClassCondition)
      - @ConditionalOnProperty (spring.datasource.type=com.zaxxer.hikari.HikariDataSource) matched (OnPropertyCondition)
      - @ConditionalOnMissingBean (types: javax.sql.DataSource; SearchStrategy: all) did not find any beans (OnBeanCondition)

   DataSourceInitializationConfiguration matched:
      - @ConditionalOnClass found required class 'org.springframework.jdbc.datasource.init.DatabasePopulator' (OnClassCondition)
      - @ConditionalOnSingleCandidate (types: javax.sql.DataSource; SearchStrategy: all) found a single bean 'dataSource'; @ConditionalOnMissingBean (types: org.springframework.boot.autoconfigure.sql.init.SqlDataSourceScriptDatabaseInitializer,org.springframework.boot.autoconfigure.sql.init.SqlR2dbcScriptDatabaseInitializer; SearchStrategy: all) did not find any beans (OnBeanCondition)

   DataSourceJmxConfiguration matched:
      - @ConditionalOnProperty (spring.jmx.enabled=true) matched (OnPropertyCondition)

   DataSourceJmxConfiguration.Hikari matched:
      - @ConditionalOnClass found required class 'com.zaxxer.hikari.HikariDataSource' (OnClassCondition)
      - @ConditionalOnSingleCandidate (types: javax.sql.DataSource; SearchStrategy: all) found a single bean 'dataSource' (OnBeanCondition)

   DataSourcePoolMetadataProvidersConfiguration.HikariPoolDataSourceMetadataProviderConfiguration matched:
      - @ConditionalOnClass found required class 'com.zaxxer.hikari.HikariDataSource' (OnClassCondition)

   DataSourceTransactionManagerAutoConfiguration matched:
      - @ConditionalOnClass found required classes 'org.springframework.jdbc.core.JdbcTemplate', 'org.springframework.transaction.TransactionManager' (OnClassCondition)

   DataSourceTransactionManagerAutoConfiguration.JdbcTransactionManagerConfiguration matched:
      - @ConditionalOnSingleCandidate (types: javax.sql.DataSource; SearchStrategy: all) found a single bean 'dataSource' (OnBeanCondition)

   DataSourceTransactionManagerAutoConfiguration.JdbcTransactionManagerConfiguration#transactionManager matched:
      - @ConditionalOnMissingBean (types: org.springframework.transaction.TransactionManager; SearchStrategy: all) did not find any beans (OnBeanCondition)

   DispatcherServletAutoConfiguration matched:
      - @ConditionalOnClass found required class 'org.springframework.web.servlet.DispatcherServlet' (OnClassCondition)
      - found 'session' scope (OnWebApplicationCondition)

   DispatcherServletAutoConfiguration.DispatcherServletConfiguration matched:
      - @ConditionalOnClass found required class 'jakarta.servlet.ServletRegistration' (OnClassCondition)
      - Default DispatcherServlet did not find dispatcher servlet beans (DispatcherServletAutoConfiguration.DefaultDispatcherServletCondition)

   DispatcherServletAutoConfiguration.DispatcherServletRegistrationConfiguration matched:
      - @ConditionalOnClass found required class 'jakarta.servlet.ServletRegistration' (OnClassCondition)
      - DispatcherServlet Registration did not find servlet registration bean (DispatcherServletAutoConfiguration.DispatcherServletRegistrationCondition)

   DispatcherServletAutoConfiguration.DispatcherServletRegistrationConfiguration#dispatcherServletRegistration matched:
      - @ConditionalOnBean (names: dispatcherServlet types: org.springframework.web.servlet.DispatcherServlet; SearchStrategy: all) found bean 'dispatcherServlet' (OnBeanCondition)

   EmbeddedWebServerFactoryCustomizerAutoConfiguration matched:
      - @ConditionalOnWebApplication (required) found 'session' scope (OnWebApplicationCondition)
      - @ConditionalOnWarDeployment the application is not deployed as a WAR file. (OnWarDeploymentCondition)

   EmbeddedWebServerFactoryCustomizerAutoConfiguration.TomcatWebServerFactoryCustomizerConfiguration matched:
      - @ConditionalOnClass found required classes 'org.apache.catalina.startup.Tomcat', 'org.apache.coyote.UpgradeProtocol' (OnClassCondition)

   ErrorMvcAutoConfiguration matched:
      - @ConditionalOnClass found required classes 'jakarta.servlet.Servlet', 'org.springframework.web.servlet.DispatcherServlet' (OnClassCondition)
      - found 'session' scope (OnWebApplicationCondition)

   ErrorMvcAutoConfiguration#basicErrorController matched:
      - @ConditionalOnMissingBean (types: org.springframework.boot.web.servlet.error.ErrorController; SearchStrategy: current) did not find any beans (OnBeanCondition)

   ErrorMvcAutoConfiguration#errorAttributes matched:
      - @ConditionalOnMissingBean (types: org.springframework.boot.web.servlet.error.ErrorAttributes; SearchStrategy: current) did not find any beans (OnBeanCondition)

   ErrorMvcAutoConfiguration.DefaultErrorViewResolverConfiguration#conventionErrorViewResolver matched:
      - @ConditionalOnBean (types: org.springframework.web.servlet.DispatcherServlet; SearchStrategy: all) found bean 'dispatcherServlet'; @ConditionalOnMissingBean (types: org.springframework.boot.autoconfigure.web.servlet.error.ErrorViewResolver; SearchStrategy: all) did not find any beans (OnBeanCondition)

   ErrorMvcAutoConfiguration.WhitelabelErrorViewConfiguration matched:
      - @ConditionalOnProperty (server.error.whitelabel.enabled) matched (OnPropertyCondition)
      - ErrorTemplate Missing did not find error template view (ErrorMvcAutoConfiguration.ErrorTemplateMissingCondition)

   ErrorMvcAutoConfiguration.WhitelabelErrorViewConfiguration#beanNameViewResolver matched:
      - @ConditionalOnMissingBean (types: org.springframework.web.servlet.view.BeanNameViewResolver; SearchStrategy: all) did not find any beans (OnBeanCondition)

   ErrorMvcAutoConfiguration.WhitelabelErrorViewConfiguration#defaultErrorView matched:
      - @ConditionalOnMissingBean (names: error; SearchStrategy: all) did not find any beans (OnBeanCondition)

   GenericCacheConfiguration matched:
      - Cache org.springframework.boot.autoconfigure.cache.GenericCacheConfiguration automatic cache type (CacheCondition)

   HttpEncodingAutoConfiguration matched:
      - @ConditionalOnClass found required class 'org.springframework.web.filter.CharacterEncodingFilter' (OnClassCondition)
      - found 'session' scope (OnWebApplicationCondition)
      - @ConditionalOnProperty (server.servlet.encoding.enabled) matched (OnPropertyCondition)

   HttpEncodingAutoConfiguration#characterEncodingFilter matched:
      - @ConditionalOnMissingBean (types: org.springframework.web.filter.CharacterEncodingFilter; SearchStrategy: all) did not find any beans (OnBeanCondition)

   HttpMessageConvertersAutoConfiguration matched:
      - @ConditionalOnClass found required class 'org.springframework.http.converter.HttpMessageConverter' (OnClassCondition)
      - NoneNestedConditions 0 matched 1 did not; NestedCondition on HttpMessageConvertersAutoConfiguration.NotReactiveWebApplicationCondition.ReactiveWebApplication did not find reactive web application classes (HttpMessageConvertersAutoConfiguration.NotReactiveWebApplicationCondition)

   HttpMessageConvertersAutoConfiguration#messageConverters matched:
      - @ConditionalOnMissingBean (types: org.springframework.boot.autoconfigure.http.HttpMessageConverters; SearchStrategy: all) did not find any beans (OnBeanCondition)

   HttpMessageConvertersAutoConfiguration.StringHttpMessageConverterConfiguration matched:
      - @ConditionalOnClass found required class 'org.springframework.http.converter.StringHttpMessageConverter' (OnClassCondition)

   HttpMessageConvertersAutoConfiguration.StringHttpMessageConverterConfiguration#stringHttpMessageConverter matched:
      - @ConditionalOnMissingBean (types: org.springframework.http.converter.StringHttpMessageConverter; SearchStrategy: all) did not find any beans (OnBeanCondition)

   JacksonAutoConfiguration matched:
      - @ConditionalOnClass found required class 'com.fasterxml.jackson.databind.ObjectMapper' (OnClassCondition)

   JacksonAutoConfiguration.Jackson2ObjectMapperBuilderCustomizerConfiguration matched:
      - @ConditionalOnClass found required class 'org.springframework.http.converter.json.Jackson2ObjectMapperBuilder' (OnClassCondition)

   JacksonAutoConfiguration.JacksonObjectMapperBuilderConfiguration matched:
      - @ConditionalOnClass found required class 'org.springframework.http.converter.json.Jackson2ObjectMapperBuilder' (OnClassCondition)

   JacksonAutoConfiguration.JacksonObjectMapperBuilderConfiguration#jacksonObjectMapperBuilder matched:
      - @ConditionalOnMissingBean (types: org.springframework.http.converter.json.Jackson2ObjectMapperBuilder; SearchStrategy: all) did not find any beans (OnBeanCondition)

   JacksonAutoConfiguration.JacksonObjectMapperConfiguration matched:
      - @ConditionalOnClass found required class 'org.springframework.http.converter.json.Jackson2ObjectMapperBuilder' (OnClassCondition)

   JacksonAutoConfiguration.JacksonObjectMapperConfiguration#jacksonObjectMapper matched:
      - @ConditionalOnMissingBean (types: com.fasterxml.jackson.databind.ObjectMapper; SearchStrategy: all) did not find any beans (OnBeanCondition)

   JacksonAutoConfiguration.ParameterNamesModuleConfiguration matched:
      - @ConditionalOnClass found required class 'com.fasterxml.jackson.module.paramnames.ParameterNamesModule' (OnClassCondition)

   JacksonAutoConfiguration.ParameterNamesModuleConfiguration#parameterNamesModule matched:
      - @ConditionalOnMissingBean (types: com.fasterxml.jackson.module.paramnames.ParameterNamesModule; SearchStrategy: all) did not find any beans (OnBeanCondition)

   JacksonHttpMessageConvertersConfiguration.MappingJackson2HttpMessageConverterConfiguration matched:
      - @ConditionalOnClass found required class 'com.fasterxml.jackson.databind.ObjectMapper' (OnClassCondition)
      - @ConditionalOnProperty (spring.mvc.converters.preferred-json-mapper=jackson) matched (OnPropertyCondition)
      - @ConditionalOnBean (types: com.fasterxml.jackson.databind.ObjectMapper; SearchStrategy: all) found bean 'jacksonObjectMapper' (OnBeanCondition)

   JacksonHttpMessageConvertersConfiguration.MappingJackson2HttpMessageConverterConfiguration#mappingJackson2HttpMessageConverter matched:
      - @ConditionalOnMissingBean (types: org.springframework.http.converter.json.MappingJackson2HttpMessageConverter ignored: org.springframework.hateoas.server.mvc.TypeConstrainedMappingJackson2HttpMessageConverter,org.springframework.data.rest.webmvc.alps.AlpsJsonHttpMessageConverter; SearchStrategy: all) did not find any beans (OnBeanCondition)

   JdbcClientAutoConfiguration matched:
      - @ConditionalOnSingleCandidate (types: org.springframework.jdbc.core.namedparam.NamedParameterJdbcTemplate; SearchStrategy: all) found a single bean 'namedParameterJdbcTemplate'; @ConditionalOnMissingBean (types: org.springframework.jdbc.core.simple.JdbcClient; SearchStrategy: all) did not find any beans (OnBeanCondition)

   JdbcTemplateAutoConfiguration matched:
      - @ConditionalOnClass found required classes 'javax.sql.DataSource', 'org.springframework.jdbc.core.JdbcTemplate' (OnClassCondition)
      - @ConditionalOnSingleCandidate (types: javax.sql.DataSource; SearchStrategy: all) found a single bean 'dataSource' (OnBeanCondition)

   JdbcTemplateConfiguration matched:
      - @ConditionalOnMissingBean (types: org.springframework.jdbc.core.JdbcOperations; SearchStrategy: all) did not find any beans (OnBeanCondition)

   LifecycleAutoConfiguration#defaultLifecycleProcessor matched:
      - @ConditionalOnMissingBean (names: lifecycleProcessor; SearchStrategy: current) did not find any beans (OnBeanCondition)

   MultipartAutoConfiguration matched:
      - @ConditionalOnClass found required classes 'jakarta.servlet.Servlet', 'org.springframework.web.multipart.support.StandardServletMultipartResolver', 'jakarta.servlet.MultipartConfigElement' (OnClassCondition)
      - found 'session' scope (OnWebApplicationCondition)
      - @ConditionalOnProperty (spring.servlet.multipart.enabled) matched (OnPropertyCondition)

   MultipartAutoConfiguration#multipartConfigElement matched:
      - @ConditionalOnMissingBean (types: jakarta.servlet.MultipartConfigElement; SearchStrategy: all) did not find any beans (OnBeanCondition)

   MultipartAutoConfiguration#multipartResolver matched:
      - @ConditionalOnMissingBean (types: org.springframework.web.multipart.MultipartResolver; SearchStrategy: all) did not find any beans (OnBeanCondition)

   MybatisAutoConfiguration matched:
      - @ConditionalOnClass found required classes 'org.apache.ibatis.session.SqlSessionFactory', 'org.mybatis.spring.SqlSessionFactoryBean' (OnClassCondition)
      - @ConditionalOnSingleCandidate (types: javax.sql.DataSource; SearchStrategy: all) found a single bean 'dataSource' (OnBeanCondition)

   MybatisAutoConfiguration#sqlSessionFactory matched:
      - @ConditionalOnMissingBean (types: org.apache.ibatis.session.SqlSessionFactory; SearchStrategy: all) did not find any beans (OnBeanCondition)

   MybatisAutoConfiguration#sqlSessionTemplate matched:
      - @ConditionalOnMissingBean (types: org.mybatis.spring.SqlSessionTemplate; SearchStrategy: all) did not find any beans (OnBeanCondition)

   MybatisLanguageDriverAutoConfiguration matched:
      - @ConditionalOnClass found required class 'org.apache.ibatis.scripting.LanguageDriver' (OnClassCondition)

   NamedParameterJdbcTemplateConfiguration matched:
      - @ConditionalOnSingleCandidate (types: org.springframework.jdbc.core.JdbcTemplate; SearchStrategy: all) found a single bean 'jdbcTemplate'; @ConditionalOnMissingBean (types: org.springframework.jdbc.core.namedparam.NamedParameterJdbcOperations; SearchStrategy: all) did not find any beans (OnBeanCondition)

   NoOpCacheConfiguration matched:
      - Cache org.springframework.boot.autoconfigure.cache.NoOpCacheConfiguration automatic cache type (CacheCondition)

   PersistenceExceptionTranslationAutoConfiguration matched:
      - @ConditionalOnClass found required class 'org.springframework.dao.annotation.PersistenceExceptionTranslationPostProcessor' (OnClassCondition)

   PersistenceExceptionTranslationAutoConfiguration#persistenceExceptionTranslationPostProcessor matched:
      - @ConditionalOnProperty (spring.dao.exceptiontranslation.enabled) matched (OnPropertyCondition)
      - @ConditionalOnMissingBean (types: org.springframework.dao.annotation.PersistenceExceptionTranslationPostProcessor; SearchStrategy: all) did not find any beans (OnBeanCondition)

   PropertyPlaceholderAutoConfiguration#propertySourcesPlaceholderConfigurer matched:
      - @ConditionalOnMissingBean (types: org.springframework.context.support.PropertySourcesPlaceholderConfigurer; SearchStrategy: current) did not find any beans (OnBeanCondition)

   RabbitAnnotationDrivenConfiguration matched:
      - @ConditionalOnClass found required class 'org.springframework.amqp.rabbit.annotation.EnableRabbit' (OnClassCondition)

   RabbitAnnotationDrivenConfiguration#directRabbitListenerContainerFactoryConfigurer matched:
      - @ConditionalOnMissingBean (types: org.springframework.boot.autoconfigure.amqp.DirectRabbitListenerContainerFactoryConfigurer; SearchStrategy: all) did not find any beans (OnBeanCondition)
      - @ConditionalOnThreading found PLATFORM (OnThreadingCondition)

   RabbitAnnotationDrivenConfiguration#simpleRabbitListenerContainerFactory matched:
      - @ConditionalOnProperty (spring.rabbitmq.listener.type=simple) matched (OnPropertyCondition)
      - @ConditionalOnMissingBean (names: rabbitListenerContainerFactory; SearchStrategy: all) did not find any beans (OnBeanCondition)

   RabbitAnnotationDrivenConfiguration#simpleRabbitListenerContainerFactoryConfigurer matched:
      - @ConditionalOnMissingBean (types: org.springframework.boot.autoconfigure.amqp.SimpleRabbitListenerContainerFactoryConfigurer; SearchStrategy: all) did not find any beans (OnBeanCondition)
      - @ConditionalOnThreading found PLATFORM (OnThreadingCondition)

   RabbitAnnotationDrivenConfiguration.EnableRabbitConfiguration matched:
      - @ConditionalOnMissingBean (names: org.springframework.amqp.rabbit.config.internalRabbitListenerAnnotationProcessor; SearchStrategy: all) did not find any beans (OnBeanCondition)

   RabbitAutoConfiguration matched:
      - @ConditionalOnClass found required classes 'org.springframework.amqp.rabbit.core.RabbitTemplate', 'com.rabbitmq.client.Channel' (OnClassCondition)

   RabbitAutoConfiguration.MessagingTemplateConfiguration matched:
      - @ConditionalOnClass found required class 'org.springframework.amqp.rabbit.core.RabbitMessagingTemplate' (OnClassCondition)
      - @ConditionalOnMissingBean (types: org.springframework.amqp.rabbit.core.RabbitMessagingTemplate; SearchStrategy: all) did not find any beans (OnBeanCondition)

   RabbitAutoConfiguration.MessagingTemplateConfiguration#rabbitMessagingTemplate matched:
      - @ConditionalOnSingleCandidate (types: org.springframework.amqp.rabbit.core.RabbitTemplate; SearchStrategy: all) found a single bean 'rabbitTemplate' (OnBeanCondition)

   RabbitAutoConfiguration.RabbitConnectionFactoryCreator#rabbitConnectionDetails matched:
      - @ConditionalOnMissingBean (types: org.springframework.boot.autoconfigure.amqp.RabbitConnectionDetails; SearchStrategy: all) did not find any beans (OnBeanCondition)

   RabbitAutoConfiguration.RabbitConnectionFactoryCreator#rabbitConnectionFactory matched:
      - @ConditionalOnMissingBean (types: org.springframework.amqp.rabbit.connection.ConnectionFactory; SearchStrategy: all) did not find any beans (OnBeanCondition)

   RabbitAutoConfiguration.RabbitConnectionFactoryCreator#rabbitConnectionFactoryBeanConfigurer matched:
      - @ConditionalOnMissingBean (types: org.springframework.boot.autoconfigure.amqp.RabbitConnectionFactoryBeanConfigurer; SearchStrategy: all) did not find any beans (OnBeanCondition)

   RabbitAutoConfiguration.RabbitConnectionFactoryCreator#rabbitConnectionFactoryConfigurer matched:
      - @ConditionalOnMissingBean (types: org.springframework.boot.autoconfigure.amqp.CachingConnectionFactoryConfigurer; SearchStrategy: all) did not find any beans (OnBeanCondition)

   RabbitAutoConfiguration.RabbitTemplateConfiguration#amqpAdmin matched:
      - @ConditionalOnProperty (spring.rabbitmq.dynamic) matched (OnPropertyCondition)
      - @ConditionalOnSingleCandidate (types: org.springframework.amqp.rabbit.connection.ConnectionFactory; SearchStrategy: all) found a single bean 'rabbitConnectionFactory'; @ConditionalOnMissingBean (types: org.springframework.amqp.core.AmqpAdmin; SearchStrategy: all) did not find any beans (OnBeanCondition)

   RabbitAutoConfiguration.RabbitTemplateConfiguration#rabbitTemplate matched:
      - @ConditionalOnSingleCandidate (types: org.springframework.amqp.rabbit.connection.ConnectionFactory; SearchStrategy: all) found a single bean 'rabbitConnectionFactory'; @ConditionalOnMissingBean (types: org.springframework.amqp.rabbit.core.RabbitOperations; SearchStrategy: all) did not find any beans (OnBeanCondition)

   RabbitAutoConfiguration.RabbitTemplateConfiguration#rabbitTemplateConfigurer matched:
      - @ConditionalOnMissingBean (types: org.springframework.boot.autoconfigure.amqp.RabbitTemplateConfigurer; SearchStrategy: all) did not find any beans (OnBeanCondition)

   RestClientAutoConfiguration matched:
      - @ConditionalOnClass found required class 'org.springframework.web.client.RestClient' (OnClassCondition)
      - NoneNestedConditions 0 matched 1 did not; NestedCondition on NotReactiveWebApplicationCondition.ReactiveWebApplication did not find reactive web application classes (NotReactiveWebApplicationCondition)

   RestClientAutoConfiguration#httpMessageConvertersRestClientCustomizer matched:
      - @ConditionalOnMissingBean (types: org.springframework.boot.autoconfigure.web.client.HttpMessageConvertersRestClientCustomizer; SearchStrategy: all) did not find any beans (OnBeanCondition)

   RestClientAutoConfiguration#restClientBuilder matched:
      - @ConditionalOnMissingBean (types: org.springframework.web.client.RestClient$Builder; SearchStrategy: all) did not find any beans (OnBeanCondition)

   RestClientAutoConfiguration#restClientBuilderConfigurer matched:
      - @ConditionalOnMissingBean (types: org.springframework.boot.autoconfigure.web.client.RestClientBuilderConfigurer; SearchStrategy: all) did not find any beans (OnBeanCondition)

   RestClientAutoConfiguration#restClientSsl matched:
      - @ConditionalOnBean (types: org.springframework.boot.ssl.SslBundles; SearchStrategy: all) found bean 'sslBundleRegistry'; @ConditionalOnMissingBean (types: org.springframework.boot.autoconfigure.web.client.RestClientSsl; SearchStrategy: all) did not find any beans (OnBeanCondition)

   RestTemplateAutoConfiguration matched:
      - @ConditionalOnClass found required class 'org.springframework.web.client.RestTemplate' (OnClassCondition)
      - NoneNestedConditions 0 matched 1 did not; NestedCondition on NotReactiveWebApplicationCondition.ReactiveWebApplication did not find reactive web application classes (NotReactiveWebApplicationCondition)

   RestTemplateAutoConfiguration#restTemplateBuilder matched:
      - @ConditionalOnMissingBean (types: org.springframework.boot.web.client.RestTemplateBuilder; SearchStrategy: all) did not find any beans (OnBeanCondition)

   SecurityAutoConfiguration matched:
      - @ConditionalOnClass found required class 'org.springframework.security.authentication.DefaultAuthenticationEventPublisher' (OnClassCondition)

   SecurityAutoConfiguration#authenticationEventPublisher matched:
      - @ConditionalOnMissingBean (types: org.springframework.security.authentication.AuthenticationEventPublisher; SearchStrategy: all) did not find any beans (OnBeanCondition)

   SecurityFilterAutoConfiguration matched:
      - @ConditionalOnClass found required classes 'org.springframework.security.web.context.AbstractSecurityWebApplicationInitializer', 'org.springframework.security.config.http.SessionCreationPolicy' (OnClassCondition)
      - found 'session' scope (OnWebApplicationCondition)

   SecurityFilterAutoConfiguration#securityFilterChainRegistration matched:
      - @ConditionalOnBean (names: springSecurityFilterChain; SearchStrategy: all) found bean 'springSecurityFilterChain' (OnBeanCondition)

   ServletWebServerFactoryAutoConfiguration matched:
      - @ConditionalOnClass found required class 'jakarta.servlet.ServletRequest' (OnClassCondition)
      - found 'session' scope (OnWebApplicationCondition)

   ServletWebServerFactoryAutoConfiguration#tomcatServletWebServerFactoryCustomizer matched:
      - @ConditionalOnClass found required class 'org.apache.catalina.startup.Tomcat' (OnClassCondition)

   ServletWebServerFactoryConfiguration.EmbeddedTomcat matched:
      - @ConditionalOnClass found required classes 'jakarta.servlet.Servlet', 'org.apache.catalina.startup.Tomcat', 'org.apache.coyote.UpgradeProtocol' (OnClassCondition)
      - @ConditionalOnMissingBean (types: org.springframework.boot.web.servlet.server.ServletWebServerFactory; SearchStrategy: current) did not find any beans (OnBeanCondition)

   SimpleCacheConfiguration matched:
      - Cache org.springframework.boot.autoconfigure.cache.SimpleCacheConfiguration automatic cache type (CacheCondition)

   SpringBootWebSecurityConfiguration matched:
      - found 'session' scope (OnWebApplicationCondition)

   SpringBootWebSecurityConfiguration.WebSecurityEnablerConfiguration matched:
      - @ConditionalOnClass found required class 'org.springframework.security.config.annotation.web.configuration.EnableWebSecurity' (OnClassCondition)
      - @ConditionalOnMissingBean (names: springSecurityFilterChain; SearchStrategy: all) did not find any beans (OnBeanCondition)

   SqlInitializationAutoConfiguration matched:
      - @ConditionalOnProperty (spring.sql.init.enabled) matched (OnPropertyCondition)
      - NoneNestedConditions 0 matched 1 did not; NestedCondition on SqlInitializationAutoConfiguration.SqlInitializationModeCondition.ModeIsNever @ConditionalOnProperty (spring.sql.init.mode=never) did not find property 'mode' (SqlInitializationAutoConfiguration.SqlInitializationModeCondition)

   SslAutoConfiguration#sslBundleRegistry matched:
      - @ConditionalOnMissingBean (types: org.springframework.boot.ssl.SslBundleRegistry,org.springframework.boot.ssl.SslBundles; SearchStrategy: all) did not find any beans (OnBeanCondition)

   TaskExecutionAutoConfiguration matched:
      - @ConditionalOnClass found required class 'org.springframework.scheduling.concurrent.ThreadPoolTaskExecutor' (OnClassCondition)

   TaskExecutorConfigurations.SimpleAsyncTaskExecutorBuilderConfiguration#simpleAsyncTaskExecutorBuilder matched:
      - @ConditionalOnMissingBean (types: org.springframework.boot.task.SimpleAsyncTaskExecutorBuilder; SearchStrategy: all) did not find any beans (OnBeanCondition)
      - @ConditionalOnThreading found PLATFORM (OnThreadingCondition)

   TaskExecutorConfigurations.TaskExecutorBuilderConfiguration#taskExecutorBuilder matched:
      - @ConditionalOnMissingBean (types: org.springframework.boot.task.TaskExecutorBuilder; SearchStrategy: all) did not find any beans (OnBeanCondition)

   TaskExecutorConfigurations.TaskExecutorConfiguration matched:
      - @ConditionalOnMissingBean (types: java.util.concurrent.Executor; SearchStrategy: all) did not find any beans (OnBeanCondition)

   TaskExecutorConfigurations.TaskExecutorConfiguration#applicationTaskExecutor matched:
      - @ConditionalOnThreading found PLATFORM (OnThreadingCondition)

   TaskExecutorConfigurations.ThreadPoolTaskExecutorBuilderConfiguration#threadPoolTaskExecutorBuilder matched:
      - @ConditionalOnMissingBean (types: org.springframework.boot.task.TaskExecutorBuilder,org.springframework.boot.task.ThreadPoolTaskExecutorBuilder; SearchStrategy: all) did not find any beans (OnBeanCondition)

   TaskSchedulingAutoConfiguration matched:
      - @ConditionalOnClass found required class 'org.springframework.scheduling.concurrent.ThreadPoolTaskScheduler' (OnClassCondition)

   TaskSchedulingAutoConfiguration#scheduledBeanLazyInitializationExcludeFilter matched:
      - @ConditionalOnBean (names: org.springframework.context.annotation.internalScheduledAnnotationProcessor; SearchStrategy: all) found bean 'org.springframework.context.annotation.internalScheduledAnnotationProcessor' (OnBeanCondition)

   TaskSchedulingConfigurations.SimpleAsyncTaskSchedulerBuilderConfiguration#simpleAsyncTaskSchedulerBuilder matched:
      - @ConditionalOnMissingBean (types: org.springframework.boot.task.SimpleAsyncTaskSchedulerBuilder; SearchStrategy: all) did not find any beans (OnBeanCondition)
      - @ConditionalOnThreading found PLATFORM (OnThreadingCondition)

   TaskSchedulingConfigurations.TaskSchedulerBuilderConfiguration#taskSchedulerBuilder matched:
      - @ConditionalOnMissingBean (types: org.springframework.boot.task.TaskSchedulerBuilder; SearchStrategy: all) did not find any beans (OnBeanCondition)

   TaskSchedulingConfigurations.TaskSchedulerConfiguration matched:
      - @ConditionalOnBean (names: org.springframework.context.annotation.internalScheduledAnnotationProcessor; SearchStrategy: all) found bean 'org.springframework.context.annotation.internalScheduledAnnotationProcessor'; @ConditionalOnMissingBean (types: org.springframework.scheduling.TaskScheduler,java.util.concurrent.ScheduledExecutorService; SearchStrategy: all) did not find any beans (OnBeanCondition)

   TaskSchedulingConfigurations.TaskSchedulerConfiguration#taskScheduler matched:
      - @ConditionalOnThreading found PLATFORM (OnThreadingCondition)

   TaskSchedulingConfigurations.ThreadPoolTaskSchedulerBuilderConfiguration#threadPoolTaskSchedulerBuilder matched:
      - @ConditionalOnMissingBean (types: org.springframework.boot.task.TaskSchedulerBuilder,org.springframework.boot.task.ThreadPoolTaskSchedulerBuilder; SearchStrategy: all) did not find any beans (OnBeanCondition)

   TransactionAutoConfiguration matched:
      - @ConditionalOnClass found required class 'org.springframework.transaction.PlatformTransactionManager' (OnClassCondition)

   TransactionAutoConfiguration.EnableTransactionManagementConfiguration matched:
      - @ConditionalOnBean (types: org.springframework.transaction.TransactionManager; SearchStrategy: all) found bean 'transactionManager'; @ConditionalOnMissingBean (types: org.springframework.transaction.annotation.AbstractTransactionManagementConfiguration; SearchStrategy: all) did not find any beans (OnBeanCondition)

   TransactionAutoConfiguration.EnableTransactionManagementConfiguration.CglibAutoProxyConfiguration matched:
      - @ConditionalOnProperty (spring.aop.proxy-target-class=true) matched (OnPropertyCondition)

   TransactionAutoConfiguration.TransactionTemplateConfiguration matched:
      - @ConditionalOnSingleCandidate (types: org.springframework.transaction.PlatformTransactionManager; SearchStrategy: all) found a single bean 'transactionManager' (OnBeanCondition)

   TransactionAutoConfiguration.TransactionTemplateConfiguration#transactionTemplate matched:
      - @ConditionalOnMissingBean (types: org.springframework.transaction.support.TransactionOperations; SearchStrategy: all) did not find any beans (OnBeanCondition)

   TransactionManagerCustomizationAutoConfiguration matched:
      - @ConditionalOnClass found required class 'org.springframework.transaction.PlatformTransactionManager' (OnClassCondition)

   TransactionManagerCustomizationAutoConfiguration#platformTransactionManagerCustomizers matched:
      - @ConditionalOnMissingBean (types: org.springframework.boot.autoconfigure.transaction.TransactionManagerCustomizers; SearchStrategy: all) did not find any beans (OnBeanCondition)

   ValidationAutoConfiguration matched:
      - @ConditionalOnClass found required class 'jakarta.validation.executable.ExecutableValidator' (OnClassCondition)
      - @ConditionalOnResource found location classpath:META-INF/services/jakarta.validation.spi.ValidationProvider (OnResourceCondition)

   ValidationAutoConfiguration#defaultValidator matched:
      - @ConditionalOnMissingBean (types: jakarta.validation.Validator; SearchStrategy: all) did not find any beans (OnBeanCondition)

   ValidationAutoConfiguration#methodValidationPostProcessor matched:
      - @ConditionalOnMissingBean (types: org.springframework.validation.beanvalidation.MethodValidationPostProcessor; SearchStrategy: current) did not find any beans (OnBeanCondition)

   WebMvcAutoConfiguration matched:
      - @ConditionalOnClass found required classes 'jakarta.servlet.Servlet', 'org.springframework.web.servlet.DispatcherServlet', 'org.springframework.web.servlet.config.annotation.WebMvcConfigurer' (OnClassCondition)
      - found 'session' scope (OnWebApplicationCondition)
      - @ConditionalOnMissingBean (types: org.springframework.web.servlet.config.annotation.WebMvcConfigurationSupport; SearchStrategy: all) did not find any beans (OnBeanCondition)

   WebMvcAutoConfiguration#formContentFilter matched:
      - @ConditionalOnProperty (spring.mvc.formcontent.filter.enabled) matched (OnPropertyCondition)
      - @ConditionalOnMissingBean (types: org.springframework.web.filter.FormContentFilter; SearchStrategy: all) did not find any beans (OnBeanCondition)

   WebMvcAutoConfiguration.EnableWebMvcConfiguration#flashMapManager matched:
      - @ConditionalOnMissingBean (names: flashMapManager; SearchStrategy: all) did not find any beans (OnBeanCondition)

   WebMvcAutoConfiguration.EnableWebMvcConfiguration#localeResolver matched:
      - @ConditionalOnMissingBean (names: localeResolver; SearchStrategy: all) did not find any beans (OnBeanCondition)

   WebMvcAutoConfiguration.EnableWebMvcConfiguration#themeResolver matched:
      - @ConditionalOnMissingBean (names: themeResolver; SearchStrategy: all) did not find any beans (OnBeanCondition)

   WebMvcAutoConfiguration.WebMvcAutoConfigurationAdapter#defaultViewResolver matched:
      - @ConditionalOnMissingBean (types: org.springframework.web.servlet.view.InternalResourceViewResolver; SearchStrategy: all) did not find any beans (OnBeanCondition)

   WebMvcAutoConfiguration.WebMvcAutoConfigurationAdapter#requestContextFilter matched:
      - @ConditionalOnMissingBean (types: org.springframework.web.context.request.RequestContextListener,org.springframework.web.filter.RequestContextFilter; SearchStrategy: all) did not find any beans (OnBeanCondition)

   WebMvcAutoConfiguration.WebMvcAutoConfigurationAdapter#viewResolver matched:
      - @ConditionalOnBean (types: org.springframework.web.servlet.ViewResolver; SearchStrategy: all) found beans 'defaultViewResolver', 'beanNameViewResolver', 'mvcViewResolver'; @ConditionalOnMissingBean (names: viewResolver types: org.springframework.web.servlet.view.ContentNegotiatingViewResolver; SearchStrategy: all) did not find any beans (OnBeanCondition)

   WebSocketMessagingAutoConfiguration matched:
      - @ConditionalOnClass found required class 'org.springframework.web.socket.config.annotation.WebSocketMessageBrokerConfigurer' (OnClassCondition)
      - found 'session' scope (OnWebApplicationCondition)

   WebSocketServletAutoConfiguration matched:
      - @ConditionalOnClass found required classes 'jakarta.servlet.Servlet', 'jakarta.websocket.server.ServerContainer' (OnClassCondition)
      - found 'session' scope (OnWebApplicationCondition)

   WebSocketServletAutoConfiguration.TomcatWebSocketConfiguration matched:
      - @ConditionalOnClass found required classes 'org.apache.catalina.startup.Tomcat', 'org.apache.tomcat.websocket.server.WsSci' (OnClassCondition)

   WebSocketServletAutoConfiguration.TomcatWebSocketConfiguration#websocketServletWebServerCustomizer matched:
      - @ConditionalOnMissingBean (names: websocketServletWebServerCustomizer; SearchStrategy: all) did not find any beans (OnBeanCondition)


Negative matches:
-----------------

   ActiveMQAutoConfiguration:
      Did not match:
         - @ConditionalOnClass did not find required class 'jakarta.jms.ConnectionFactory' (OnClassCondition)

   AopAutoConfiguration.AspectJAutoProxyingConfiguration:
      Did not match:
         - @ConditionalOnClass did not find required class 'org.aspectj.weaver.Advice' (OnClassCondition)

   ArtemisAutoConfiguration:
      Did not match:
         - @ConditionalOnClass did not find required class 'jakarta.jms.ConnectionFactory' (OnClassCondition)

   BatchAutoConfiguration:
      Did not match:
         - @ConditionalOnClass did not find required class 'org.springframework.batch.core.launch.JobLauncher' (OnClassCondition)

   Cache2kCacheConfiguration:
      Did not match:
         - @ConditionalOnClass did not find required class 'org.cache2k.Cache2kBuilder' (OnClassCondition)

   CacheAutoConfiguration:
      Did not match:
         - @ConditionalOnMissingBean (names: cacheResolver types: org.springframework.cache.CacheManager; SearchStrategy: all) found beans of type 'org.springframework.cache.CacheManager' cacheManager (OnBeanCondition)
      Matched:
         - @ConditionalOnClass found required class 'org.springframework.cache.CacheManager' (OnClassCondition)

   CacheAutoConfiguration.CacheManagerEntityManagerFactoryDependsOnPostProcessor:
      Did not match:
         - @ConditionalOnClass did not find required class 'org.springframework.orm.jpa.LocalContainerEntityManagerFactoryBean' (OnClassCondition)
         - Ancestor org.springframework.boot.autoconfigure.cache.CacheAutoConfiguration did not match (ConditionEvaluationReport.AncestorsMatchedCondition)

   CassandraAutoConfiguration:
      Did not match:
         - @ConditionalOnClass did not find required class 'com.datastax.oss.driver.api.core.CqlSession' (OnClassCondition)

   CassandraDataAutoConfiguration:
      Did not match:
         - @ConditionalOnClass did not find required class 'com.datastax.oss.driver.api.core.CqlSession' (OnClassCondition)

   CassandraReactiveDataAutoConfiguration:
      Did not match:
         - @ConditionalOnClass did not find required class 'com.datastax.oss.driver.api.core.CqlSession' (OnClassCondition)

   CassandraReactiveRepositoriesAutoConfiguration:
      Did not match:
         - @ConditionalOnClass did not find required class 'org.springframework.data.cassandra.ReactiveSession' (OnClassCondition)

   CassandraRepositoriesAutoConfiguration:
      Did not match:
         - @ConditionalOnClass did not find required class 'com.datastax.oss.driver.api.core.CqlSession' (OnClassCondition)

   ClientHttpConnectorAutoConfiguration:
      Did not match:
         - @ConditionalOnClass did not find required class 'org.springframework.web.reactive.function.client.WebClient' (OnClassCondition)

   CodecsAutoConfiguration:
      Did not match:
         - @ConditionalOnClass did not find required class 'org.springframework.web.reactive.function.client.WebClient' (OnClassCondition)

   CouchbaseAutoConfiguration:
      Did not match:
         - @ConditionalOnClass did not find required class 'com.couchbase.client.java.Cluster' (OnClassCondition)

   CouchbaseCacheConfiguration:
      Did not match:
         - @ConditionalOnClass did not find required class 'com.couchbase.client.java.Cluster' (OnClassCondition)

   CouchbaseDataAutoConfiguration:
      Did not match:
         - @ConditionalOnClass did not find required class 'com.couchbase.client.java.Bucket' (OnClassCondition)

   CouchbaseReactiveDataAutoConfiguration:
      Did not match:
         - @ConditionalOnClass did not find required class 'com.couchbase.client.java.Cluster' (OnClassCondition)

   CouchbaseReactiveRepositoriesAutoConfiguration:
      Did not match:
         - @ConditionalOnClass did not find required class 'com.couchbase.client.java.Cluster' (OnClassCondition)

   CouchbaseRepositoriesAutoConfiguration:
      Did not match:
         - @ConditionalOnClass did not find required class 'com.couchbase.client.java.Bucket' (OnClassCondition)

   DataSourceAutoConfiguration.EmbeddedDatabaseConfiguration:
      Did not match:
         - EmbeddedDataSource spring.datasource.url is set (DataSourceAutoConfiguration.EmbeddedDatabaseCondition)

   DataSourceCheckpointRestoreConfiguration:
      Did not match:
         - @ConditionalOnClass did not find required class 'org.crac.Resource' (OnClassCondition)

   DataSourceConfiguration.Dbcp2:
      Did not match:
         - @ConditionalOnClass did not find required class 'org.apache.commons.dbcp2.BasicDataSource' (OnClassCondition)

   DataSourceConfiguration.Generic:
      Did not match:
         - @ConditionalOnProperty (spring.datasource.type) did not find property 'spring.datasource.type' (OnPropertyCondition)

   DataSourceConfiguration.OracleUcp:
      Did not match:
         - @ConditionalOnClass did not find required classes 'oracle.ucp.jdbc.PoolDataSourceImpl', 'oracle.jdbc.OracleConnection' (OnClassCondition)

   DataSourceConfiguration.Tomcat:
      Did not match:
         - @ConditionalOnClass did not find required class 'org.apache.tomcat.jdbc.pool.DataSource' (OnClassCondition)

   DataSourceJmxConfiguration.TomcatDataSourceJmxConfiguration:
      Did not match:
         - @ConditionalOnClass did not find required class 'org.apache.tomcat.jdbc.pool.DataSourceProxy' (OnClassCondition)

   DataSourcePoolMetadataProvidersConfiguration.CommonsDbcp2PoolDataSourceMetadataProviderConfiguration:
      Did not match:
         - @ConditionalOnClass did not find required class 'org.apache.commons.dbcp2.BasicDataSource' (OnClassCondition)

   DataSourcePoolMetadataProvidersConfiguration.OracleUcpPoolDataSourceMetadataProviderConfiguration:
      Did not match:
         - @ConditionalOnClass did not find required classes 'oracle.ucp.jdbc.PoolDataSource', 'oracle.jdbc.OracleConnection' (OnClassCondition)

   DataSourcePoolMetadataProvidersConfiguration.TomcatDataSourcePoolMetadataProviderConfiguration:
      Did not match:
         - @ConditionalOnClass did not find required class 'org.apache.tomcat.jdbc.pool.DataSource' (OnClassCondition)

   DispatcherServletAutoConfiguration.DispatcherServletConfiguration#multipartResolver:
      Did not match:
         - @ConditionalOnBean (types: org.springframework.web.multipart.MultipartResolver; SearchStrategy: all) did not find any beans of type org.springframework.web.multipart.MultipartResolver (OnBeanCondition)

   ElasticsearchClientAutoConfiguration:
      Did not match:
         - @ConditionalOnClass did not find required class 'co.elastic.clients.elasticsearch.ElasticsearchClient' (OnClassCondition)

   ElasticsearchDataAutoConfiguration:
      Did not match:
         - @ConditionalOnClass did not find required class 'org.springframework.data.elasticsearch.client.elc.ElasticsearchTemplate' (OnClassCondition)

   ElasticsearchRepositoriesAutoConfiguration:
      Did not match:
         - @ConditionalOnClass did not find required class 'org.springframework.data.elasticsearch.repository.ElasticsearchRepository' (OnClassCondition)

   ElasticsearchRestClientAutoConfiguration:
      Did not match:
         - @ConditionalOnClass did not find required class 'org.elasticsearch.client.RestClientBuilder' (OnClassCondition)

   EmbeddedLdapAutoConfiguration:
      Did not match:
         - @ConditionalOnClass did not find required class 'com.unboundid.ldap.listener.InMemoryDirectoryServer' (OnClassCondition)

   EmbeddedWebServerFactoryCustomizerAutoConfiguration.JettyWebServerFactoryCustomizerConfiguration:
      Did not match:
         - @ConditionalOnClass did not find required classes 'org.eclipse.jetty.server.Server', 'org.eclipse.jetty.util.Loader', 'org.eclipse.jetty.ee10.webapp.WebAppContext' (OnClassCondition)

   EmbeddedWebServerFactoryCustomizerAutoConfiguration.NettyWebServerFactoryCustomizerConfiguration:
      Did not match:
         - @ConditionalOnClass did not find required class 'reactor.netty.http.server.HttpServer' (OnClassCondition)

   EmbeddedWebServerFactoryCustomizerAutoConfiguration.TomcatWebServerFactoryCustomizerConfiguration#tomcatVirtualThreadsProtocolHandlerCustomizer:
      Did not match:
         - @ConditionalOnThreading did not find VIRTUAL (OnThreadingCondition)

   EmbeddedWebServerFactoryCustomizerAutoConfiguration.UndertowWebServerFactoryCustomizerConfiguration:
      Did not match:
         - @ConditionalOnClass did not find required classes 'io.undertow.Undertow', 'org.xnio.SslClientAuthMode' (OnClassCondition)

   ErrorWebFluxAutoConfiguration:
      Did not match:
         - @ConditionalOnClass did not find required class 'org.springframework.web.reactive.config.WebFluxConfigurer' (OnClassCondition)

   FlywayAutoConfiguration:
      Did not match:
         - @ConditionalOnClass did not find required class 'org.flywaydb.core.Flyway' (OnClassCondition)

   FreeMarkerAutoConfiguration:
      Did not match:
         - @ConditionalOnClass did not find required class 'freemarker.template.Configuration' (OnClassCondition)

   GraphQlAutoConfiguration:
      Did not match:
         - @ConditionalOnClass did not find required class 'graphql.GraphQL' (OnClassCondition)

   GraphQlQueryByExampleAutoConfiguration:
      Did not match:
         - @ConditionalOnClass did not find required class 'graphql.GraphQL' (OnClassCondition)

   GraphQlQuerydslAutoConfiguration:
      Did not match:
         - @ConditionalOnClass did not find required class 'com.querydsl.core.Query' (OnClassCondition)

   GraphQlRSocketAutoConfiguration:
      Did not match:
         - @ConditionalOnClass did not find required class 'graphql.GraphQL' (OnClassCondition)

   GraphQlReactiveQueryByExampleAutoConfiguration:
      Did not match:
         - @ConditionalOnClass did not find required class 'graphql.GraphQL' (OnClassCondition)

   GraphQlReactiveQuerydslAutoConfiguration:
      Did not match:
         - @ConditionalOnClass did not find required class 'com.querydsl.core.Query' (OnClassCondition)

   GraphQlWebFluxAutoConfiguration:
      Did not match:
         - @ConditionalOnClass did not find required class 'graphql.GraphQL' (OnClassCondition)

   GraphQlWebFluxSecurityAutoConfiguration:
      Did not match:
         - @ConditionalOnClass did not find required class 'graphql.GraphQL' (OnClassCondition)

   GraphQlWebMvcAutoConfiguration:
      Did not match:
         - @ConditionalOnClass did not find required class 'graphql.GraphQL' (OnClassCondition)

   GraphQlWebMvcSecurityAutoConfiguration:
      Did not match:
         - @ConditionalOnClass did not find required class 'graphql.GraphQL' (OnClassCondition)

   GroovyTemplateAutoConfiguration:
      Did not match:
         - @ConditionalOnClass did not find required class 'groovy.text.markup.MarkupTemplateEngine' (OnClassCondition)

   GsonAutoConfiguration:
      Did not match:
         - @ConditionalOnClass did not find required class 'com.google.gson.Gson' (OnClassCondition)

   GsonHttpMessageConvertersConfiguration:
      Did not match:
         - @ConditionalOnClass did not find required class 'com.google.gson.Gson' (OnClassCondition)

   H2ConsoleAutoConfiguration:
      Did not match:
         - @ConditionalOnClass did not find required class 'org.h2.server.web.JakartaWebServlet' (OnClassCondition)

   HazelcastAutoConfiguration:
      Did not match:
         - @ConditionalOnClass did not find required class 'com.hazelcast.core.HazelcastInstance' (OnClassCondition)

   HazelcastCacheConfiguration:
      Did not match:
         - @ConditionalOnClass did not find required class 'com.hazelcast.core.HazelcastInstance' (OnClassCondition)

   HazelcastJpaDependencyAutoConfiguration:
      Did not match:
         - @ConditionalOnClass did not find required class 'com.hazelcast.core.HazelcastInstance' (OnClassCondition)

   HibernateJpaAutoConfiguration:
      Did not match:
         - @ConditionalOnClass did not find required class 'jakarta.persistence.EntityManager' (OnClassCondition)

   HttpHandlerAutoConfiguration:
      Did not match:
         - @ConditionalOnClass did not find required class 'org.springframework.web.reactive.DispatcherHandler' (OnClassCondition)

   HypermediaAutoConfiguration:
      Did not match:
         - @ConditionalOnClass did not find required class 'org.springframework.hateoas.EntityModel' (OnClassCondition)

   InfinispanCacheConfiguration:
      Did not match:
         - @ConditionalOnClass did not find required class 'org.infinispan.spring.embedded.provider.SpringEmbeddedCacheManager' (OnClassCondition)

   InfluxDbAutoConfiguration:
      Did not match:
         - @ConditionalOnClass did not find required class 'org.influxdb.InfluxDB' (OnClassCondition)

   IntegrationAutoConfiguration:
      Did not match:
         - @ConditionalOnClass did not find required class 'org.springframework.integration.config.EnableIntegration' (OnClassCondition)

   JCacheCacheConfiguration:
      Did not match:
         - @ConditionalOnClass did not find required class 'javax.cache.Caching' (OnClassCondition)

   JacksonHttpMessageConvertersConfiguration.MappingJackson2XmlHttpMessageConverterConfiguration:
      Did not match:
         - @ConditionalOnClass did not find required class 'com.fasterxml.jackson.dataformat.xml.XmlMapper' (OnClassCondition)

   JdbcRepositoriesAutoConfiguration:
      Did not match:
         - @ConditionalOnClass did not find required class 'org.springframework.data.jdbc.repository.config.AbstractJdbcConfiguration' (OnClassCondition)

   JerseyAutoConfiguration:
      Did not match:
         - @ConditionalOnClass did not find required class 'org.glassfish.jersey.server.spring.SpringComponentProvider' (OnClassCondition)

   JmsAutoConfiguration:
      Did not match:
         - @ConditionalOnClass did not find required class 'jakarta.jms.Message' (OnClassCondition)

   JmxAutoConfiguration:
      Did not match:
         - @ConditionalOnProperty (spring.jmx.enabled=true) did not find property 'enabled' (OnPropertyCondition)
      Matched:
         - @ConditionalOnClass found required class 'org.springframework.jmx.export.MBeanExporter' (OnClassCondition)

   JndiConnectionFactoryAutoConfiguration:
      Did not match:
         - @ConditionalOnClass did not find required class 'org.springframework.jms.core.JmsTemplate' (OnClassCondition)

   JndiDataSourceAutoConfiguration:
      Did not match:
         - @ConditionalOnProperty (spring.datasource.jndi-name) did not find property 'jndi-name' (OnPropertyCondition)
      Matched:
         - @ConditionalOnClass found required classes 'javax.sql.DataSource', 'org.springframework.jdbc.datasource.embedded.EmbeddedDatabaseType' (OnClassCondition)

   JooqAutoConfiguration:
      Did not match:
         - @ConditionalOnClass did not find required class 'org.jooq.DSLContext' (OnClassCondition)

   JpaRepositoriesAutoConfiguration:
      Did not match:
         - @ConditionalOnClass did not find required class 'org.springframework.data.jpa.repository.JpaRepository' (OnClassCondition)

   JsonbAutoConfiguration:
      Did not match:
         - @ConditionalOnClass did not find required class 'jakarta.json.bind.Jsonb' (OnClassCondition)

   JsonbHttpMessageConvertersConfiguration:
      Did not match:
         - @ConditionalOnClass did not find required class 'jakarta.json.bind.Jsonb' (OnClassCondition)

   JtaAutoConfiguration:
      Did not match:
         - @ConditionalOnClass did not find required class 'jakarta.transaction.Transaction' (OnClassCondition)

   KafkaAutoConfiguration:
      Did not match:
         - @ConditionalOnClass did not find required class 'org.springframework.kafka.core.KafkaTemplate' (OnClassCondition)

   LdapAutoConfiguration:
      Did not match:
         - @ConditionalOnClass did not find required class 'org.springframework.ldap.core.ContextSource' (OnClassCondition)

   LdapRepositoriesAutoConfiguration:
      Did not match:
         - @ConditionalOnClass did not find required class 'org.springframework.data.ldap.repository.LdapRepository' (OnClassCondition)

   LiquibaseAutoConfiguration:
      Did not match:
         - @ConditionalOnClass did not find required class 'liquibase.change.DatabaseChange' (OnClassCondition)

   MailSenderAutoConfiguration:
      Did not match:
         - @ConditionalOnClass did not find required class 'jakarta.activation.MimeType' (OnClassCondition)

   MailSenderValidatorAutoConfiguration:
      Did not match:
         - @ConditionalOnProperty (spring.mail.test-connection) did not find property 'test-connection' (OnPropertyCondition)

   MessageSourceAutoConfiguration:
      Did not match:
         - ResourceBundle did not find bundle with basename messages (MessageSourceAutoConfiguration.ResourceBundleCondition)

   MongoAutoConfiguration:
      Did not match:
         - @ConditionalOnClass did not find required class 'com.mongodb.client.MongoClient' (OnClassCondition)

   MongoDataAutoConfiguration:
      Did not match:
         - @ConditionalOnClass did not find required class 'com.mongodb.client.MongoClient' (OnClassCondition)

   MongoReactiveAutoConfiguration:
      Did not match:
         - @ConditionalOnClass did not find required class 'com.mongodb.reactivestreams.client.MongoClient' (OnClassCondition)

   MongoReactiveDataAutoConfiguration:
      Did not match:
         - @ConditionalOnClass did not find required class 'com.mongodb.reactivestreams.client.MongoClient' (OnClassCondition)

   MongoReactiveRepositoriesAutoConfiguration:
      Did not match:
         - @ConditionalOnClass did not find required class 'com.mongodb.reactivestreams.client.MongoClient' (OnClassCondition)

   MongoRepositoriesAutoConfiguration:
      Did not match:
         - @ConditionalOnClass did not find required class 'com.mongodb.client.MongoClient' (OnClassCondition)

   MustacheAutoConfiguration:
      Did not match:
         - @ConditionalOnClass did not find required class 'com.samskivert.mustache.Mustache' (OnClassCondition)

   MybatisAutoConfiguration.MapperScannerRegistrarNotFoundConfiguration:
      Did not match:
         - @ConditionalOnMissingBean (types: org.mybatis.spring.mapper.MapperFactoryBean,org.mybatis.spring.mapper.MapperScannerConfigurer; SearchStrategy: all) found beans of type 'org.mybatis.spring.mapper.MapperScannerConfigurer' com.cd.ThreatPlatformApplication#MapperScannerRegistrar#0 (OnBeanCondition)

   MybatisLanguageDriverAutoConfiguration.FreeMarkerConfiguration:
      Did not match:
         - @ConditionalOnClass did not find required classes 'org.mybatis.scripting.freemarker.FreeMarkerLanguageDriver', 'org.mybatis.scripting.freemarker.FreeMarkerLanguageDriverConfig' (OnClassCondition)

   MybatisLanguageDriverAutoConfiguration.LegacyFreeMarkerConfiguration:
      Did not match:
         - @ConditionalOnClass did not find required class 'org.mybatis.scripting.freemarker.FreeMarkerLanguageDriver' (OnClassCondition)

   MybatisLanguageDriverAutoConfiguration.LegacyVelocityConfiguration:
      Did not match:
         - @ConditionalOnClass did not find required class 'org.mybatis.scripting.velocity.Driver' (OnClassCondition)

   MybatisLanguageDriverAutoConfiguration.ThymeleafConfiguration:
      Did not match:
         - @ConditionalOnClass did not find required class 'org.mybatis.scripting.thymeleaf.ThymeleafLanguageDriver' (OnClassCondition)

   MybatisLanguageDriverAutoConfiguration.VelocityConfiguration:
      Did not match:
         - @ConditionalOnClass did not find required classes 'org.mybatis.scripting.velocity.VelocityLanguageDriver', 'org.mybatis.scripting.velocity.VelocityLanguageDriverConfig' (OnClassCondition)

   Neo4jAutoConfiguration:
      Did not match:
         - @ConditionalOnClass did not find required class 'org.neo4j.driver.Driver' (OnClassCondition)

   Neo4jDataAutoConfiguration:
      Did not match:
         - @ConditionalOnClass did not find required class 'org.neo4j.driver.Driver' (OnClassCondition)

   Neo4jReactiveDataAutoConfiguration:
      Did not match:
         - @ConditionalOnClass did not find required class 'org.neo4j.driver.Driver' (OnClassCondition)

   Neo4jReactiveRepositoriesAutoConfiguration:
      Did not match:
         - @ConditionalOnClass did not find required class 'org.neo4j.driver.Driver' (OnClassCondition)

   Neo4jRepositoriesAutoConfiguration:
      Did not match:
         - @ConditionalOnClass did not find required class 'org.neo4j.driver.Driver' (OnClassCondition)

   NettyAutoConfiguration:
      Did not match:
         - @ConditionalOnClass did not find required class 'io.netty.util.NettyRuntime' (OnClassCondition)

   OAuth2AuthorizationServerAutoConfiguration:
      Did not match:
         - @ConditionalOnClass did not find required class 'org.springframework.security.oauth2.server.authorization.OAuth2Authorization' (OnClassCondition)

   OAuth2AuthorizationServerJwtAutoConfiguration:
      Did not match:
         - @ConditionalOnClass did not find required class 'org.springframework.security.oauth2.server.authorization.OAuth2Authorization' (OnClassCondition)

   OAuth2ClientAutoConfiguration:
      Did not match:
         - @ConditionalOnClass did not find required class 'org.springframework.security.oauth2.client.registration.ClientRegistration' (OnClassCondition)

   OAuth2ResourceServerAutoConfiguration:
      Did not match:
         - @ConditionalOnClass did not find required class 'org.springframework.security.oauth2.server.resource.authentication.BearerTokenAuthenticationToken' (OnClassCondition)

   ProjectInfoAutoConfiguration#buildProperties:
      Did not match:
         - @ConditionalOnResource did not find resource '${spring.info.build.location:classpath:META-INF/build-info.properties}' (OnResourceCondition)

   ProjectInfoAutoConfiguration#gitProperties:
      Did not match:
         - GitResource did not find git info at classpath:git.properties (ProjectInfoAutoConfiguration.GitResourceAvailableCondition)

   PulsarAutoConfiguration:
      Did not match:
         - @ConditionalOnClass did not find required class 'org.apache.pulsar.client.api.PulsarClient' (OnClassCondition)

   PulsarReactiveAutoConfiguration:
      Did not match:
         - @ConditionalOnClass did not find required class 'org.apache.pulsar.client.api.PulsarClient' (OnClassCondition)

   QuartzAutoConfiguration:
      Did not match:
         - @ConditionalOnClass did not find required class 'org.quartz.Scheduler' (OnClassCondition)

   R2dbcAutoConfiguration:
      Did not match:
         - @ConditionalOnClass did not find required class 'io.r2dbc.spi.ConnectionFactory' (OnClassCondition)

   R2dbcDataAutoConfiguration:
      Did not match:
         - @ConditionalOnClass did not find required class 'org.springframework.data.r2dbc.core.R2dbcEntityTemplate' (OnClassCondition)

   R2dbcInitializationConfiguration:
      Did not match:
         - @ConditionalOnClass did not find required classes 'io.r2dbc.spi.ConnectionFactory', 'org.springframework.r2dbc.connection.init.DatabasePopulator' (OnClassCondition)

   R2dbcRepositoriesAutoConfiguration:
      Did not match:
         - @ConditionalOnClass did not find required class 'io.r2dbc.spi.ConnectionFactory' (OnClassCondition)

   R2dbcTransactionManagerAutoConfiguration:
      Did not match:
         - @ConditionalOnClass did not find required class 'org.springframework.r2dbc.connection.R2dbcTransactionManager' (OnClassCondition)

   RSocketGraphQlClientAutoConfiguration:
      Did not match:
         - @ConditionalOnClass did not find required class 'graphql.GraphQL' (OnClassCondition)

   RSocketMessagingAutoConfiguration:
      Did not match:
         - @ConditionalOnClass did not find required class 'io.rsocket.RSocket' (OnClassCondition)

   RSocketRequesterAutoConfiguration:
      Did not match:
         - @ConditionalOnClass did not find required class 'io.rsocket.RSocket' (OnClassCondition)

   RSocketSecurityAutoConfiguration:
      Did not match:
         - @ConditionalOnClass did not find required class 'org.springframework.security.rsocket.core.SecuritySocketAcceptorInterceptor' (OnClassCondition)

   RSocketServerAutoConfiguration:
      Did not match:
         - @ConditionalOnClass did not find required class 'io.rsocket.core.RSocketServer' (OnClassCondition)

   RSocketStrategiesAutoConfiguration:
      Did not match:
         - @ConditionalOnClass did not find required class 'io.netty.buffer.PooledByteBufAllocator' (OnClassCondition)

   RabbitAnnotationDrivenConfiguration#directRabbitListenerContainerFactory:
      Did not match:
         - @ConditionalOnProperty (spring.rabbitmq.listener.type=direct) did not find property 'type' (OnPropertyCondition)

   RabbitAnnotationDrivenConfiguration#directRabbitListenerContainerFactoryConfigurerVirtualThreads:
      Did not match:
         - @ConditionalOnMissingBean (types: org.springframework.boot.autoconfigure.amqp.DirectRabbitListenerContainerFactoryConfigurer; SearchStrategy: all) found beans of type 'org.springframework.boot.autoconfigure.amqp.DirectRabbitListenerContainerFactoryConfigurer' directRabbitListenerContainerFactoryConfigurer (OnBeanCondition)

   RabbitAnnotationDrivenConfiguration#simpleRabbitListenerContainerFactoryConfigurerVirtualThreads:
      Did not match:
         - @ConditionalOnMissingBean (types: org.springframework.boot.autoconfigure.amqp.SimpleRabbitListenerContainerFactoryConfigurer; SearchStrategy: all) found beans of type 'org.springframework.boot.autoconfigure.amqp.SimpleRabbitListenerContainerFactoryConfigurer' simpleRabbitListenerContainerFactoryConfigurer (OnBeanCondition)

   RabbitStreamConfiguration:
      Did not match:
         - @ConditionalOnClass did not find required class 'org.springframework.rabbit.stream.config.StreamRabbitListenerContainerFactory' (OnClassCondition)

   ReactiveElasticsearchClientAutoConfiguration:
      Did not match:
         - @ConditionalOnClass did not find required class 'co.elastic.clients.transport.ElasticsearchTransport' (OnClassCondition)

   ReactiveElasticsearchRepositoriesAutoConfiguration:
      Did not match:
         - @ConditionalOnClass did not find required class 'org.springframework.data.elasticsearch.client.elc.ReactiveElasticsearchClient' (OnClassCondition)

   ReactiveMultipartAutoConfiguration:
      Did not match:
         - @ConditionalOnClass did not find required class 'org.springframework.web.reactive.config.WebFluxConfigurer' (OnClassCondition)

   ReactiveOAuth2ClientAutoConfiguration:
      Did not match:
         - @ConditionalOnClass did not find required class 'reactor.core.publisher.Flux' (OnClassCondition)

   ReactiveOAuth2ResourceServerAutoConfiguration:
      Did not match:
         - @ConditionalOnWebApplication did not find reactive web application classes (OnWebApplicationCondition)

   ReactiveSecurityAutoConfiguration:
      Did not match:
         - @ConditionalOnClass did not find required class 'reactor.core.publisher.Flux' (OnClassCondition)

   ReactiveUserDetailsServiceAutoConfiguration:
      Did not match:
         - AnyNestedCondition 0 matched 2 did not; NestedCondition on ReactiveUserDetailsServiceAutoConfiguration.RSocketEnabledOrReactiveWebApplication.ReactiveWebApplicationCondition did not find reactive web application classes; NestedCondition on ReactiveUserDetailsServiceAutoConfiguration.RSocketEnabledOrReactiveWebApplication.RSocketSecurityEnabledCondition @ConditionalOnBean (types: org.springframework.messaging.rsocket.annotation.support.RSocketMessageHandler; SearchStrategy: all) did not find any beans of type org.springframework.messaging.rsocket.annotation.support.RSocketMessageHandler (ReactiveUserDetailsServiceAutoConfiguration.RSocketEnabledOrReactiveWebApplication)
      Matched:
         - @ConditionalOnClass found required class 'org.springframework.security.authentication.ReactiveAuthenticationManager' (OnClassCondition)
         - AnyNestedCondition 1 matched 2 did not; NestedCondition on ReactiveUserDetailsServiceAutoConfiguration.MissingAlternativeOrUserPropertiesConfigured.PasswordConfigured @ConditionalOnProperty (spring.security.user.password) did not find property 'password'; NestedCondition on ReactiveUserDetailsServiceAutoConfiguration.MissingAlternativeOrUserPropertiesConfigured.NameConfigured @ConditionalOnProperty (spring.security.user.name) did not find property 'name'; NestedCondition on ReactiveUserDetailsServiceAutoConfiguration.MissingAlternativeOrUserPropertiesConfigured.MissingAlternative @ConditionalOnMissingClass did not find unwanted classes 'org.springframework.security.oauth2.client.registration.ClientRegistrationRepository', 'org.springframework.security.oauth2.server.resource.introspection.ReactiveOpaqueTokenIntrospector' (ReactiveUserDetailsServiceAutoConfiguration.MissingAlternativeOrUserPropertiesConfigured)

   ReactiveWebServerFactoryAutoConfiguration:
      Did not match:
         - @ConditionalOnWebApplication did not find reactive web application classes (OnWebApplicationCondition)

   ReactorAutoConfiguration:
      Did not match:
         - @ConditionalOnClass did not find required class 'reactor.core.publisher.Hooks' (OnClassCondition)

   RedisAutoConfiguration:
      Did not match:
         - @ConditionalOnClass did not find required class 'org.springframework.data.redis.core.RedisOperations' (OnClassCondition)

   RedisCacheConfiguration:
      Did not match:
         - @ConditionalOnClass did not find required class 'org.springframework.data.redis.connection.RedisConnectionFactory' (OnClassCondition)

   RedisReactiveAutoConfiguration:
      Did not match:
         - @ConditionalOnClass did not find required class 'reactor.core.publisher.Flux' (OnClassCondition)

   RedisRepositoriesAutoConfiguration:
      Did not match:
         - @ConditionalOnClass did not find required class 'org.springframework.data.redis.repository.configuration.EnableRedisRepositories' (OnClassCondition)

   RepositoryRestMvcAutoConfiguration:
      Did not match:
         - @ConditionalOnClass did not find required class 'org.springframework.data.rest.webmvc.config.RepositoryRestMvcConfiguration' (OnClassCondition)

   Saml2RelyingPartyAutoConfiguration:
      Did not match:
         - @ConditionalOnClass did not find required class 'org.springframework.security.saml2.provider.service.registration.RelyingPartyRegistrationRepository' (OnClassCondition)

   SecurityDataConfiguration:
      Did not match:
         - @ConditionalOnClass did not find required class 'org.springframework.security.data.repository.query.SecurityEvaluationContextExtension' (OnClassCondition)

   SendGridAutoConfiguration:
      Did not match:
         - @ConditionalOnClass did not find required class 'com.sendgrid.SendGrid' (OnClassCondition)

   ServletWebServerFactoryAutoConfiguration.ForwardedHeaderFilterConfiguration:
      Did not match:
         - @ConditionalOnProperty (server.forward-headers-strategy=framework) did not find property 'server.forward-headers-strategy' (OnPropertyCondition)

   ServletWebServerFactoryConfiguration.EmbeddedJetty:
      Did not match:
         - @ConditionalOnClass did not find required classes 'org.eclipse.jetty.server.Server', 'org.eclipse.jetty.util.Loader', 'org.eclipse.jetty.ee10.webapp.WebAppContext' (OnClassCondition)

   ServletWebServerFactoryConfiguration.EmbeddedUndertow:
      Did not match:
         - @ConditionalOnClass did not find required classes 'io.undertow.Undertow', 'org.xnio.SslClientAuthMode' (OnClassCondition)

   SessionAutoConfiguration:
      Did not match:
         - @ConditionalOnClass did not find required class 'org.springframework.session.Session' (OnClassCondition)

   SpringApplicationAdminJmxAutoConfiguration:
      Did not match:
         - @ConditionalOnProperty (spring.application.admin.enabled=true) did not find property 'enabled' (OnPropertyCondition)

   SpringBootWebSecurityConfiguration.SecurityFilterChainConfiguration:
      Did not match:
         - AllNestedConditions 1 matched 1 did not; NestedCondition on DefaultWebSecurityCondition.Beans @ConditionalOnMissingBean (types: org.springframework.security.web.SecurityFilterChain; SearchStrategy: all) found beans of type 'org.springframework.security.web.SecurityFilterChain' securityFilterChain; NestedCondition on DefaultWebSecurityCondition.Classes @ConditionalOnClass found required classes 'org.springframework.security.web.SecurityFilterChain', 'org.springframework.security.config.annotation.web.builders.HttpSecurity' (DefaultWebSecurityCondition)

   SpringDataWebAutoConfiguration:
      Did not match:
         - @ConditionalOnClass did not find required class 'org.springframework.data.web.PageableHandlerMethodArgumentResolver' (OnClassCondition)

   TaskExecutorConfigurations.SimpleAsyncTaskExecutorBuilderConfiguration#simpleAsyncTaskExecutorBuilderVirtualThreads:
      Did not match:
         - @ConditionalOnMissingBean (types: org.springframework.boot.task.SimpleAsyncTaskExecutorBuilder; SearchStrategy: all) found beans of type 'org.springframework.boot.task.SimpleAsyncTaskExecutorBuilder' simpleAsyncTaskExecutorBuilder (OnBeanCondition)

   TaskExecutorConfigurations.TaskExecutorConfiguration#applicationTaskExecutorVirtualThreads:
      Did not match:
         - @ConditionalOnThreading did not find VIRTUAL (OnThreadingCondition)

   TaskSchedulingConfigurations.SimpleAsyncTaskSchedulerBuilderConfiguration#simpleAsyncTaskSchedulerBuilderVirtualThreads:
      Did not match:
         - @ConditionalOnMissingBean (types: org.springframework.boot.task.SimpleAsyncTaskSchedulerBuilder; SearchStrategy: all) found beans of type 'org.springframework.boot.task.SimpleAsyncTaskSchedulerBuilder' simpleAsyncTaskSchedulerBuilder (OnBeanCondition)

   TaskSchedulingConfigurations.TaskSchedulerConfiguration#taskSchedulerVirtualThreads:
      Did not match:
         - @ConditionalOnThreading did not find VIRTUAL (OnThreadingCondition)

   ThymeleafAutoConfiguration:
      Did not match:
         - @ConditionalOnClass did not find required class 'org.thymeleaf.spring6.SpringTemplateEngine' (OnClassCondition)

   TransactionAutoConfiguration#transactionalOperator:
      Did not match:
         - @ConditionalOnSingleCandidate (types: org.springframework.transaction.ReactiveTransactionManager; SearchStrategy: all) did not find any beans (OnBeanCondition)

   TransactionAutoConfiguration.AspectJTransactionManagementConfiguration:
      Did not match:
         - @ConditionalOnBean did not find required type 'org.springframework.transaction.aspectj.AbstractTransactionAspect' (OnBeanCondition)
         - @ConditionalOnBean (types: org.springframework.transaction.aspectj.AbstractTransactionAspect; SearchStrategy: all) did not find any beans of type org.springframework.transaction.aspectj.AbstractTransactionAspect (OnBeanCondition)

   TransactionAutoConfiguration.EnableTransactionManagementConfiguration.JdkDynamicAutoProxyConfiguration:
      Did not match:
         - @ConditionalOnProperty (spring.aop.proxy-target-class=false) did not find property 'proxy-target-class' (OnPropertyCondition)

   UserDetailsServiceAutoConfiguration:
      Did not match:
         - @ConditionalOnMissingBean (types: org.springframework.security.authentication.AuthenticationManager,org.springframework.security.authentication.AuthenticationProvider,org.springframework.security.core.userdetails.UserDetailsService,org.springframework.security.authentication.AuthenticationManagerResolver,org.springframework.security.oauth2.jwt.JwtDecoder; SearchStrategy: all) found beans of type 'org.springframework.security.authentication.AuthenticationManager' authenticationManager and found beans of type 'org.springframework.security.core.userdetails.UserDetailsService' customUserDetailsService and found beans of type 'org.springframework.security.authentication.AuthenticationProvider' authenticationProvider (OnBeanCondition)
      Matched:
         - @ConditionalOnClass found required class 'org.springframework.security.authentication.AuthenticationManager' (OnClassCondition)
         - AnyNestedCondition 1 matched 2 did not; NestedCondition on UserDetailsServiceAutoConfiguration.MissingAlternativeOrUserPropertiesConfigured.PasswordConfigured @ConditionalOnProperty (spring.security.user.password) did not find property 'password'; NestedCondition on UserDetailsServiceAutoConfiguration.MissingAlternativeOrUserPropertiesConfigured.NameConfigured @ConditionalOnProperty (spring.security.user.name) did not find property 'name'; NestedCondition on UserDetailsServiceAutoConfiguration.MissingAlternativeOrUserPropertiesConfigured.MissingAlternative @ConditionalOnMissingClass did not find unwanted classes 'org.springframework.security.oauth2.client.registration.ClientRegistrationRepository', 'org.springframework.security.oauth2.server.resource.introspection.OpaqueTokenIntrospector', 'org.springframework.security.saml2.provider.service.registration.RelyingPartyRegistrationRepository' (UserDetailsServiceAutoConfiguration.MissingAlternativeOrUserPropertiesConfigured)

   WebClientAutoConfiguration:
      Did not match:
         - @ConditionalOnClass did not find required class 'org.springframework.web.reactive.function.client.WebClient' (OnClassCondition)

   WebFluxAutoConfiguration:
      Did not match:
         - @ConditionalOnClass did not find required class 'org.springframework.web.reactive.config.WebFluxConfigurer' (OnClassCondition)

   WebMvcAutoConfiguration#hiddenHttpMethodFilter:
      Did not match:
         - @ConditionalOnProperty (spring.mvc.hiddenmethod.filter.enabled) did not find property 'enabled' (OnPropertyCondition)

   WebMvcAutoConfiguration.ProblemDetailsErrorHandlingConfiguration:
      Did not match:
         - @ConditionalOnProperty (spring.mvc.problemdetails.enabled=true) did not find property 'enabled' (OnPropertyCondition)

   WebMvcAutoConfiguration.ResourceChainCustomizerConfiguration:
      Did not match:
         - @ConditionalOnEnabledResourceChain did not find class org.webjars.WebJarAssetLocator (OnEnabledResourceChainCondition)

   WebMvcAutoConfiguration.WebMvcAutoConfigurationAdapter#beanNameViewResolver:
      Did not match:
         - @ConditionalOnMissingBean (types: org.springframework.web.servlet.view.BeanNameViewResolver; SearchStrategy: all) found beans of type 'org.springframework.web.servlet.view.BeanNameViewResolver' beanNameViewResolver (OnBeanCondition)

   WebServiceTemplateAutoConfiguration:
      Did not match:
         - @ConditionalOnClass did not find required class 'org.springframework.oxm.Marshaller' (OnClassCondition)

   WebServicesAutoConfiguration:
      Did not match:
         - @ConditionalOnClass did not find required class 'org.springframework.ws.transport.http.MessageDispatcherServlet' (OnClassCondition)

   WebSessionIdResolverAutoConfiguration:
      Did not match:
         - @ConditionalOnClass did not find required class 'reactor.core.publisher.Mono' (OnClassCondition)

   WebSocketMessagingAutoConfiguration.WebSocketMessageConverterConfiguration:
      Did not match:
         - @ConditionalOnBean (types: org.springframework.web.socket.config.annotation.DelegatingWebSocketMessageBrokerConfiguration,com.fasterxml.jackson.databind.ObjectMapper; SearchStrategy: all) did not find any beans of type org.springframework.web.socket.config.annotation.DelegatingWebSocketMessageBrokerConfiguration (OnBeanCondition)
      Matched:
         - @ConditionalOnClass found required classes 'com.fasterxml.jackson.databind.ObjectMapper', 'org.springframework.messaging.simp.config.AbstractMessageBrokerConfiguration' (OnClassCondition)

   WebSocketReactiveAutoConfiguration:
      Did not match:
         - @ConditionalOnWebApplication did not find reactive web application classes (OnWebApplicationCondition)

   WebSocketServletAutoConfiguration.JettyWebSocketConfiguration:
      Did not match:
         - @ConditionalOnClass did not find required class 'org.eclipse.jetty.ee10.websocket.jakarta.server.config.JakartaWebSocketServletContainerInitializer' (OnClassCondition)

   WebSocketServletAutoConfiguration.UndertowWebSocketConfiguration:
      Did not match:
         - @ConditionalOnClass did not find required class 'io.undertow.websockets.jsr.Bootstrap' (OnClassCondition)

   XADataSourceAutoConfiguration:
      Did not match:
         - @ConditionalOnClass did not find required class 'jakarta.transaction.TransactionManager' (OnClassCondition)


Exclusions:
-----------

    None


Unconditional classes:
----------------------

    org.springframework.boot.autoconfigure.context.ConfigurationPropertiesAutoConfiguration

    org.springframework.boot.autoconfigure.ssl.SslAutoConfiguration

    org.springframework.boot.autoconfigure.context.LifecycleAutoConfiguration

    org.springframework.boot.autoconfigure.context.PropertyPlaceholderAutoConfiguration

    org.springframework.boot.autoconfigure.availability.ApplicationAvailabilityAutoConfiguration

    org.springframework.boot.autoconfigure.info.ProjectInfoAutoConfiguration



2026-06-17T16:27:18.427+08:00  INFO 37112 --- [threat-platform] [           main] com.cd.ThreatPlatformApplication         : Started ThreatPlatformApplication in 11.234 seconds (process running for 11.848)
2026-06-17T16:27:18.429+08:00 DEBUG 37112 --- [threat-platform] [           main] o.s.b.a.ApplicationAvailabilityBean      : Application availability state LivenessState changed to CORRECT
2026-06-17T16:27:18.433+08:00 DEBUG 37112 --- [threat-platform] [           main] o.s.jdbc.core.JdbcTemplate               : Executing SQL statement [CREATE TABLE IF NOT EXISTS hosts (
    id BIGINT PRIMARY KEY AUTO_INCREMENT,
    hostname VARCHAR(255),
    ipv4 VARCHAR(64),
    mac_address VARCHAR(64) NOT NULL UNIQUE,
    os_name VARCHAR(100),
    os_version VARCHAR(100),
    os_arch VARCHAR(50),
    os_release VARCHAR(100),
    cpu_model VARCHAR(255),
    cpu_physical_cores INT,
    cpu_logical_cores INT,
    mem_total VARCHAR(50),
    mem_used VARCHAR(50),
    mem_available VARCHAR(50),
    mem_usage VARCHAR(50),
    status TINYINT DEFAULT 1,
    last_scan_time DATETIME,
    created_at DATETIME DEFAULT CURRENT_TIMESTAMP,
    updated_at DATETIME DEFAULT CURRENT_TIMESTAMP ON UPDATE CURRENT_TIMESTAMP
)
]
2026-06-17T16:27:18.439+08:00 DEBUG 37112 --- [threat-platform] [           main] o.s.jdbc.core.JdbcTemplate               : SQLWarning ignored: SQL state '42S01', error code '1050', message [Table 'hosts' already exists]
2026-06-17T16:27:18.442+08:00 DEBUG 37112 --- [threat-platform] [           main] o.s.jdbc.core.JdbcTemplate               : Executing SQL statement [ALTER TABLE hosts ADD COLUMN last_scan_time DATETIME]
2026-06-17T16:27:18.454+08:00 DEBUG 37112 --- [threat-platform] [           main] o.s.jdbc.core.JdbcTemplate               : Executing SQL statement [CREATE TABLE IF NOT EXISTS probe_strategy (
    id BIGINT PRIMARY KEY AUTO_INCREMENT,
    enabled TINYINT DEFAULT 0,
    period_hours INT DEFAULT 8,
    probe_account TINYINT DEFAULT 1,
    probe_service TINYINT DEFAULT 1,
    probe_process TINYINT DEFAULT 1,
    probe_app TINYINT DEFAULT 1,
    last_run_at DATETIME,
    updated_at DATETIME DEFAULT CURRENT_TIMESTAMP ON UPDATE CURRENT_TIMESTAMP
)
]
2026-06-17T16:27:18.455+08:00 DEBUG 37112 --- [threat-platform] [           main] o.s.jdbc.core.JdbcTemplate               : SQLWarning ignored: SQL state '42S01', error code '1050', message [Table 'probe_strategy' already exists]
2026-06-17T16:27:18.457+08:00 DEBUG 37112 --- [threat-platform] [           main] o.s.jdbc.core.JdbcTemplate               : Executing SQL update [INSERT INTO probe_strategy (id, enabled, period_hours, probe_account, probe_service, probe_process, probe_app)
SELECT 1, 0, 8, 1, 1, 1, 1
WHERE NOT EXISTS (SELECT 1 FROM probe_strategy WHERE id = 1)
]
2026-06-17T16:27:18.459+08:00 DEBUG 37112 --- [threat-platform] [           main] o.s.jdbc.core.JdbcTemplate               : Executing prepared SQL update
2026-06-17T16:27:18.460+08:00 DEBUG 37112 --- [threat-platform] [           main] o.s.jdbc.core.JdbcTemplate               : Executing prepared SQL statement [INSERT INTO sys_permission (permission_code, permission_name, permission_type, path, status)
SELECT ?, ?, 'API', ?, 1
WHERE NOT EXISTS (SELECT 1 FROM sys_permission WHERE permission_code = ?)
]
2026-06-17T16:27:18.463+08:00 DEBUG 37112 --- [threat-platform] [           main] o.s.jdbc.core.JdbcTemplate               : Executing prepared SQL update
2026-06-17T16:27:18.463+08:00 DEBUG 37112 --- [threat-platform] [           main] o.s.jdbc.core.JdbcTemplate               : Executing prepared SQL statement [INSERT INTO sys_permission (permission_code, permission_name, permission_type, path, status)
SELECT ?, ?, 'API', ?, 1
WHERE NOT EXISTS (SELECT 1 FROM sys_permission WHERE permission_code = ?)
]
2026-06-17T16:27:18.464+08:00 DEBUG 37112 --- [threat-platform] [           main] o.s.jdbc.core.JdbcTemplate               : Executing prepared SQL update
2026-06-17T16:27:18.464+08:00 DEBUG 37112 --- [threat-platform] [           main] o.s.jdbc.core.JdbcTemplate               : Executing prepared SQL statement [INSERT INTO sys_permission (permission_code, permission_name, permission_type, path, status)
SELECT ?, ?, 'API', ?, 1
WHERE NOT EXISTS (SELECT 1 FROM sys_permission WHERE permission_code = ?)
]
2026-06-17T16:27:18.465+08:00 DEBUG 37112 --- [threat-platform] [           main] o.s.jdbc.core.JdbcTemplate               : Executing prepared SQL update
2026-06-17T16:27:18.465+08:00 DEBUG 37112 --- [threat-platform] [           main] o.s.jdbc.core.JdbcTemplate               : Executing prepared SQL statement [INSERT INTO sys_permission (permission_code, permission_name, permission_type, path, status)
SELECT ?, ?, 'API', ?, 1
WHERE NOT EXISTS (SELECT 1 FROM sys_permission WHERE permission_code = ?)
]
2026-06-17T16:27:18.466+08:00 DEBUG 37112 --- [threat-platform] [           main] o.s.jdbc.core.JdbcTemplate               : Executing prepared SQL update
2026-06-17T16:27:18.466+08:00 DEBUG 37112 --- [threat-platform] [           main] o.s.jdbc.core.JdbcTemplate               : Executing prepared SQL statement [INSERT INTO sys_permission (permission_code, permission_name, permission_type, path, status)
SELECT ?, ?, 'API', ?, 1
WHERE NOT EXISTS (SELECT 1 FROM sys_permission WHERE permission_code = ?)
]
2026-06-17T16:27:18.467+08:00 DEBUG 37112 --- [threat-platform] [           main] o.s.jdbc.core.JdbcTemplate               : Executing prepared SQL update
2026-06-17T16:27:18.467+08:00 DEBUG 37112 --- [threat-platform] [           main] o.s.jdbc.core.JdbcTemplate               : Executing prepared SQL statement [INSERT INTO sys_permission (permission_code, permission_name, permission_type, path, status)
SELECT ?, ?, 'API', ?, 1
WHERE NOT EXISTS (SELECT 1 FROM sys_permission WHERE permission_code = ?)
]
2026-06-17T16:27:18.470+08:00 DEBUG 37112 --- [threat-platform] [           main] o.s.jdbc.core.JdbcTemplate               : Executing SQL query [SELECT COALESCE(MAX(sort_order), 0) FROM sys_menu]
2026-06-17T16:27:18.471+08:00 DEBUG 37112 --- [threat-platform] [           main] o.s.jdbc.core.JdbcTemplate               : Executing prepared SQL update
2026-06-17T16:27:18.471+08:00 DEBUG 37112 --- [threat-platform] [           main] o.s.jdbc.core.JdbcTemplate               : Executing prepared SQL statement [INSERT INTO sys_menu (menu_code, menu_name, menu_path, menu_icon, permission_id, sort_order, status)
SELECT 'host', '主机管理', './pages/host.html', 'layui-icon-component', p.id, ?, 1
FROM sys_permission p
WHERE p.permission_code = 'host:view'
  AND NOT EXISTS (SELECT 1 FROM sys_menu WHERE menu_code = 'host')
]
2026-06-17T16:27:18.472+08:00 DEBUG 37112 --- [threat-platform] [           main] o.s.jdbc.core.JdbcTemplate               : Executing SQL update [UPDATE sys_menu
SET menu_icon = 'layui-icon-component'
WHERE menu_code = 'host'
  AND (menu_icon IS NULL OR menu_icon = '' OR menu_icon IN ('layui-icon-screen', 'layui-icon-app'))
]
2026-06-17T16:27:18.473+08:00 DEBUG 37112 --- [threat-platform] [           main] o.s.jdbc.core.JdbcTemplate               : Executing SQL statement [CREATE TABLE IF NOT EXISTS accounts (
    id BIGINT PRIMARY KEY AUTO_INCREMENT,
    task_id VARCHAR(64),
    host_name VARCHAR(255),
    mac_address VARCHAR(64),
    asset_count INT,
    asset_json LONGTEXT,
    deleted TINYINT DEFAULT 0,
    created_at DATETIME DEFAULT CURRENT_TIMESTAMP,
    updated_at DATETIME DEFAULT CURRENT_TIMESTAMP ON UPDATE CURRENT_TIMESTAMP
)
]
2026-06-17T16:27:18.474+08:00 DEBUG 37112 --- [threat-platform] [           main] o.s.jdbc.core.JdbcTemplate               : SQLWarning ignored: SQL state '42S01', error code '1050', message [Table 'accounts' already exists]
2026-06-17T16:27:18.474+08:00 DEBUG 37112 --- [threat-platform] [           main] o.s.jdbc.core.JdbcTemplate               : Executing SQL statement [CREATE TABLE IF NOT EXISTS services (
    id BIGINT PRIMARY KEY AUTO_INCREMENT,
    task_id VARCHAR(64),
    host_name VARCHAR(255),
    mac_address VARCHAR(64),
    asset_count INT,
    asset_json LONGTEXT,
    deleted TINYINT DEFAULT 0,
    created_at DATETIME DEFAULT CURRENT_TIMESTAMP,
    updated_at DATETIME DEFAULT CURRENT_TIMESTAMP ON UPDATE CURRENT_TIMESTAMP
)
]
2026-06-17T16:27:18.476+08:00 DEBUG 37112 --- [threat-platform] [           main] o.s.jdbc.core.JdbcTemplate               : SQLWarning ignored: SQL state '42S01', error code '1050', message [Table 'services' already exists]
2026-06-17T16:27:18.476+08:00 DEBUG 37112 --- [threat-platform] [           main] o.s.jdbc.core.JdbcTemplate               : Executing SQL statement [CREATE TABLE IF NOT EXISTS processes (
    id BIGINT PRIMARY KEY AUTO_INCREMENT,
    task_id VARCHAR(64),
    host_name VARCHAR(255),
    mac_address VARCHAR(64),
    asset_count INT,
    asset_json LONGTEXT,
    deleted TINYINT DEFAULT 0,
    created_at DATETIME DEFAULT CURRENT_TIMESTAMP,
    updated_at DATETIME DEFAULT CURRENT_TIMESTAMP ON UPDATE CURRENT_TIMESTAMP
)
]
2026-06-17T16:27:18.477+08:00 DEBUG 37112 --- [threat-platform] [           main] o.s.jdbc.core.JdbcTemplate               : SQLWarning ignored: SQL state '42S01', error code '1050', message [Table 'processes' already exists]
2026-06-17T16:27:18.477+08:00 DEBUG 37112 --- [threat-platform] [           main] o.s.jdbc.core.JdbcTemplate               : Executing SQL statement [CREATE TABLE IF NOT EXISTS apps (
    id BIGINT PRIMARY KEY AUTO_INCREMENT,
    task_id VARCHAR(64),
    host_name VARCHAR(255),
    mac_address VARCHAR(64),
    asset_count INT,
    asset_json LONGTEXT,
    deleted TINYINT DEFAULT 0,
    created_at DATETIME DEFAULT CURRENT_TIMESTAMP,
    updated_at DATETIME DEFAULT CURRENT_TIMESTAMP ON UPDATE CURRENT_TIMESTAMP
)
]
2026-06-17T16:27:18.479+08:00 DEBUG 37112 --- [threat-platform] [           main] o.s.jdbc.core.JdbcTemplate               : SQLWarning ignored: SQL state '42S01', error code '1050', message [Table 'apps' already exists]
2026-06-17T16:27:18.479+08:00 DEBUG 37112 --- [threat-platform] [           main] o.s.jdbc.core.JdbcTemplate               : Executing SQL statement [CREATE TABLE IF NOT EXISTS host_asset_inventory (
    id BIGINT PRIMARY KEY AUTO_INCREMENT,
    host_id BIGINT NOT NULL,
    mac_address VARCHAR(64) DEFAULT NULL,
    category VARCHAR(32) NOT NULL,
    sub_category VARCHAR(64) DEFAULT NULL,
    vendor VARCHAR(100) DEFAULT NULL,
    product VARCHAR(255) NOT NULL,
    product_version VARCHAR(255) DEFAULT NULL,
    protocol VARCHAR(16) DEFAULT 'tcp',
    port INT DEFAULT NULL,
    rule_id BIGINT DEFAULT NULL,
    confidence INT DEFAULT 80,
    first_seen DATETIME DEFAULT NULL,
    last_seen DATETIME DEFAULT NULL,
    raw_banner TEXT DEFAULT NULL,
    created_at DATETIME DEFAULT CURRENT_TIMESTAMP,
    updated_at DATETIME DEFAULT CURRENT_TIMESTAMP ON UPDATE CURRENT_TIMESTAMP,
    deleted TINYINT DEFAULT 0,
    tenant_id BIGINT NOT NULL DEFAULT 0,
    task_id VARCHAR(64) DEFAULT NULL,
    KEY idx_inventory_host (host_id),
    KEY idx_inventory_host_cat (host_id, category),
    KEY idx_inventory_product (product),
    KEY idx_inventory_mac (mac_address)
)
]
2026-06-17T16:27:18.480+08:00 DEBUG 37112 --- [threat-platform] [           main] o.s.jdbc.core.JdbcTemplate               : SQLWarning ignored: SQL state '42S01', error code '1050', message [Table 'host_asset_inventory' already exists]
2026-06-17T16:27:18.480+08:00 DEBUG 37112 --- [threat-platform] [           main] o.s.jdbc.core.JdbcTemplate               : Executing SQL statement [CREATE TABLE IF NOT EXISTS asset_fingerprint_rule (
    id BIGINT PRIMARY KEY AUTO_INCREMENT,
    rule_code VARCHAR(64) NOT NULL,
    name VARCHAR(255) NOT NULL,
    category VARCHAR(32) NOT NULL,
    sub_category VARCHAR(64) DEFAULT NULL,
    protocol VARCHAR(16) DEFAULT 'tcp',
    port INT DEFAULT NULL,
    banner_regex VARCHAR(500) DEFAULT NULL,
    vendor VARCHAR(100) DEFAULT NULL,
    product VARCHAR(255) NOT NULL,
    version_expr VARCHAR(255) DEFAULT NULL,
    confidence INT DEFAULT 80,
    description VARCHAR(2000) DEFAULT NULL,
    enabled TINYINT DEFAULT 1,
    priority INT DEFAULT 100,
    created_at DATETIME DEFAULT CURRENT_TIMESTAMP,
    updated_at DATETIME DEFAULT CURRENT_TIMESTAMP ON UPDATE CURRENT_TIMESTAMP,
    PRIMARY KEY (id),
    UNIQUE KEY uk_asset_fingerprint_rule_code (rule_code),
    KEY idx_fingerprint_enabled (enabled),
    KEY idx_fingerprint_category (category),
    KEY idx_fingerprint_port (port)
)
]
2026-06-17T16:27:18.481+08:00 DEBUG 37112 --- [threat-platform] [           main] o.s.jdbc.core.JdbcTemplate               : SQLWarning ignored: SQL state '42S01', error code '1050', message [Table 'asset_fingerprint_rule' already exists]
2026-06-17T16:27:18.481+08:00 DEBUG 37112 --- [threat-platform] [           main] o.s.jdbc.core.JdbcTemplate               : Executing SQL statement [CREATE TABLE IF NOT EXISTS mq_error_logs (
    id BIGINT PRIMARY KEY AUTO_INCREMENT,
    queue_name VARCHAR(128),
    raw_message LONGTEXT,
    error_reason LONGTEXT,
    created_at DATETIME DEFAULT CURRENT_TIMESTAMP,
    tenant_id BIGINT NOT NULL DEFAULT 0
)
]
2026-06-17T16:27:18.482+08:00 DEBUG 37112 --- [threat-platform] [           main] o.s.jdbc.core.JdbcTemplate               : SQLWarning ignored: SQL state '42S01', error code '1050', message [Table 'mq_error_logs' already exists]
2026-06-17T16:27:18.482+08:00 DEBUG 37112 --- [threat-platform] [           main] o.s.jdbc.core.JdbcTemplate               : Executing SQL statement [CREATE TABLE IF NOT EXISTS asset_export_logs (
    id BIGINT PRIMARY KEY AUTO_INCREMENT,
    user_id BIGINT,
    host_id BIGINT NOT NULL,
    export_time DATETIME NOT NULL,
    export_format VARCHAR(16) NOT NULL,
    ip_address VARCHAR(64)
)
]
2026-06-17T16:27:18.484+08:00 DEBUG 37112 --- [threat-platform] [           main] o.s.jdbc.core.JdbcTemplate               : SQLWarning ignored: SQL state '42S01', error code '1050', message [Table 'asset_export_logs' already exists]
2026-06-17T16:27:18.484+08:00 DEBUG 37112 --- [threat-platform] [           main] o.s.jdbc.core.JdbcTemplate               : Executing SQL statement [ALTER TABLE accounts ADD COLUMN deleted TINYINT DEFAULT 0]
2026-06-17T16:27:18.488+08:00 DEBUG 37112 --- [threat-platform] [           main] o.s.jdbc.core.JdbcTemplate               : Executing SQL statement [ALTER TABLE services ADD COLUMN deleted TINYINT DEFAULT 0]
2026-06-17T16:27:18.492+08:00 DEBUG 37112 --- [threat-platform] [           main] o.s.jdbc.core.JdbcTemplate               : Executing SQL statement [ALTER TABLE processes ADD COLUMN deleted TINYINT DEFAULT 0]
2026-06-17T16:27:18.497+08:00 DEBUG 37112 --- [threat-platform] [           main] o.s.jdbc.core.JdbcTemplate               : Executing SQL statement [ALTER TABLE apps ADD COLUMN deleted TINYINT DEFAULT 0]
2026-06-17T16:27:18.501+08:00 DEBUG 37112 --- [threat-platform] [           main] o.s.jdbc.core.JdbcTemplate               : Executing SQL statement [ALTER TABLE host_asset_inventory ADD COLUMN tenant_id BIGINT NOT NULL DEFAULT 0]
2026-06-17T16:27:18.505+08:00 DEBUG 37112 --- [threat-platform] [           main] o.s.jdbc.core.JdbcTemplate               : Executing SQL statement [ALTER TABLE host_asset_inventory ADD COLUMN task_id VARCHAR(64) DEFAULT NULL]
2026-06-17T16:27:18.510+08:00 DEBUG 37112 --- [threat-platform] [           main] o.s.jdbc.core.JdbcTemplate               : Executing SQL statement [ALTER TABLE host_asset_inventory ADD COLUMN deleted TINYINT DEFAULT 0]
2026-06-17T16:27:18.514+08:00 DEBUG 37112 --- [threat-platform] [           main] o.s.jdbc.core.JdbcTemplate               : Executing SQL statement [ALTER TABLE mq_error_logs ADD COLUMN tenant_id BIGINT NOT NULL DEFAULT 0]
2026-06-17T16:27:18.519+08:00 DEBUG 37112 --- [threat-platform] [           main] o.s.jdbc.core.JdbcTemplate               : Executing SQL statement [ALTER TABLE mq_error_logs MODIFY COLUMN error_reason LONGTEXT]
2026-06-17T16:27:18.544+08:00 DEBUG 37112 --- [threat-platform] [           main] o.s.jdbc.core.JdbcTemplate               : Executing prepared SQL query
2026-06-17T16:27:18.545+08:00 DEBUG 37112 --- [threat-platform] [           main] o.s.jdbc.core.JdbcTemplate               : Executing prepared SQL statement [SELECT COUNT(1)
FROM information_schema.tables
WHERE table_schema = DATABASE()
  AND table_name = ?
]
2026-06-17T16:27:18.547+08:00 DEBUG 37112 --- [threat-platform] [           main] o.s.jdbc.core.JdbcTemplate               : Executing SQL query [SELECT rule_name, match_type, port, service_pattern, banner_regex, product_name, product_type, confidence, priority
FROM port_fingerprint_rule
]
2026-06-17T16:27:18.550+08:00 DEBUG 37112 --- [threat-platform] [           main] o.s.jdbc.core.JdbcTemplate               : Executing prepared SQL update
2026-06-17T16:27:18.550+08:00 DEBUG 37112 --- [threat-platform] [           main] o.s.jdbc.core.JdbcTemplate               : Executing prepared SQL statement [INSERT INTO asset_fingerprint_rule
(rule_code, name, category, sub_category, protocol, port, banner_regex, vendor, product, version_expr,
 confidence, description, enabled, priority)
SELECT ?, ?, ?, ?, ?, ?, ?, ?, ?, ?, ?, ?, ?, ?
WHERE NOT EXISTS (SELECT 1 FROM asset_fingerprint_rule WHERE rule_code = ?)
]
2026-06-17T16:27:18.551+08:00 DEBUG 37112 --- [threat-platform] [           main] o.s.jdbc.core.StatementCreatorUtils      : JDBC getParameterType call failed - using fallback method instead: java.sql.SQLException: Parameter metadata not available for the given statement
2026-06-17T16:27:18.553+08:00 DEBUG 37112 --- [threat-platform] [           main] o.s.jdbc.core.StatementCreatorUtils      : JDBC getParameterType call failed - using fallback method instead: java.sql.SQLException: Parameter metadata not available for the given statement
2026-06-17T16:27:18.556+08:00 DEBUG 37112 --- [threat-platform] [           main] o.s.jdbc.core.JdbcTemplate               : Executing prepared SQL update
2026-06-17T16:27:18.557+08:00 DEBUG 37112 --- [threat-platform] [           main] o.s.jdbc.core.JdbcTemplate               : Executing prepared SQL statement [INSERT INTO asset_fingerprint_rule
(rule_code, name, category, sub_category, protocol, port, banner_regex, vendor, product, version_expr,
 confidence, description, enabled, priority)
SELECT ?, ?, ?, ?, ?, ?, ?, ?, ?, ?, ?, ?, ?, ?
WHERE NOT EXISTS (SELECT 1 FROM asset_fingerprint_rule WHERE rule_code = ?)
]
2026-06-17T16:27:18.557+08:00 DEBUG 37112 --- [threat-platform] [           main] o.s.jdbc.core.StatementCreatorUtils      : JDBC getParameterType call failed - using fallback method instead: java.sql.SQLException: Parameter metadata not available for the given statement
2026-06-17T16:27:18.557+08:00 DEBUG 37112 --- [threat-platform] [           main] o.s.jdbc.core.StatementCreatorUtils      : JDBC getParameterType call failed - using fallback method instead: java.sql.SQLException: Parameter metadata not available for the given statement
2026-06-17T16:27:18.560+08:00 DEBUG 37112 --- [threat-platform] [           main] o.s.jdbc.core.JdbcTemplate               : Executing prepared SQL update
2026-06-17T16:27:18.561+08:00 DEBUG 37112 --- [threat-platform] [           main] o.s.jdbc.core.JdbcTemplate               : Executing prepared SQL statement [INSERT INTO asset_fingerprint_rule
(rule_code, name, category, sub_category, protocol, port, banner_regex, vendor, product, version_expr,
 confidence, description, enabled, priority)
SELECT ?, ?, ?, ?, ?, ?, ?, ?, ?, ?, ?, ?, ?, ?
WHERE NOT EXISTS (SELECT 1 FROM asset_fingerprint_rule WHERE rule_code = ?)
]
2026-06-17T16:27:18.561+08:00 DEBUG 37112 --- [threat-platform] [           main] o.s.jdbc.core.StatementCreatorUtils      : JDBC getParameterType call failed - using fallback method instead: java.sql.SQLException: Parameter metadata not available for the given statement
2026-06-17T16:27:18.562+08:00 DEBUG 37112 --- [threat-platform] [           main] o.s.jdbc.core.StatementCreatorUtils      : JDBC getParameterType call failed - using fallback method instead: java.sql.SQLException: Parameter metadata not available for the given statement
2026-06-17T16:27:18.564+08:00 DEBUG 37112 --- [threat-platform] [           main] o.s.jdbc.core.JdbcTemplate               : Executing prepared SQL update
2026-06-17T16:27:18.564+08:00 DEBUG 37112 --- [threat-platform] [           main] o.s.jdbc.core.JdbcTemplate               : Executing prepared SQL statement [INSERT INTO asset_fingerprint_rule
(rule_code, name, category, sub_category, protocol, port, banner_regex, vendor, product, version_expr,
 confidence, description, enabled, priority)
SELECT ?, ?, ?, ?, ?, ?, ?, ?, ?, ?, ?, ?, ?, ?
WHERE NOT EXISTS (SELECT 1 FROM asset_fingerprint_rule WHERE rule_code = ?)
]
2026-06-17T16:27:18.564+08:00 DEBUG 37112 --- [threat-platform] [           main] o.s.jdbc.core.StatementCreatorUtils      : JDBC getParameterType call failed - using fallback method instead: java.sql.SQLException: Parameter metadata not available for the given statement
2026-06-17T16:27:18.565+08:00 DEBUG 37112 --- [threat-platform] [           main] o.s.jdbc.core.StatementCreatorUtils      : JDBC getParameterType call failed - using fallback method instead: java.sql.SQLException: Parameter metadata not available for the given statement
2026-06-17T16:27:18.568+08:00 DEBUG 37112 --- [threat-platform] [           main] o.s.jdbc.core.JdbcTemplate               : Executing prepared SQL update
2026-06-17T16:27:18.569+08:00 DEBUG 37112 --- [threat-platform] [           main] o.s.jdbc.core.JdbcTemplate               : Executing prepared SQL statement [INSERT INTO asset_fingerprint_rule
(rule_code, name, category, sub_category, protocol, port, banner_regex, vendor, product, version_expr,
 confidence, description, enabled, priority)
SELECT ?, ?, ?, ?, ?, ?, ?, ?, ?, ?, ?, ?, ?, ?
WHERE NOT EXISTS (SELECT 1 FROM asset_fingerprint_rule WHERE rule_code = ?)
]
2026-06-17T16:27:18.569+08:00 DEBUG 37112 --- [threat-platform] [           main] o.s.jdbc.core.StatementCreatorUtils      : JDBC getParameterType call failed - using fallback method instead: java.sql.SQLException: Parameter metadata not available for the given statement
2026-06-17T16:27:18.569+08:00 DEBUG 37112 --- [threat-platform] [           main] o.s.jdbc.core.StatementCreatorUtils      : JDBC getParameterType call failed - using fallback method instead: java.sql.SQLException: Parameter metadata not available for the given statement
2026-06-17T16:27:18.573+08:00 DEBUG 37112 --- [threat-platform] [           main] o.s.jdbc.core.JdbcTemplate               : Executing prepared SQL update
2026-06-17T16:27:18.573+08:00 DEBUG 37112 --- [threat-platform] [           main] o.s.jdbc.core.JdbcTemplate               : Executing prepared SQL statement [INSERT INTO asset_fingerprint_rule
(rule_code, name, category, sub_category, protocol, port, banner_regex, vendor, product, version_expr,
 confidence, description, enabled, priority)
SELECT ?, ?, ?, ?, ?, ?, ?, ?, ?, ?, ?, ?, ?, ?
WHERE NOT EXISTS (SELECT 1 FROM asset_fingerprint_rule WHERE rule_code = ?)
]
2026-06-17T16:27:18.574+08:00 DEBUG 37112 --- [threat-platform] [           main] o.s.jdbc.core.StatementCreatorUtils      : JDBC getParameterType call failed - using fallback method instead: java.sql.SQLException: Parameter metadata not available for the given statement
2026-06-17T16:27:18.574+08:00 DEBUG 37112 --- [threat-platform] [           main] o.s.jdbc.core.StatementCreatorUtils      : JDBC getParameterType call failed - using fallback method instead: java.sql.SQLException: Parameter metadata not available for the given statement
2026-06-17T16:27:18.576+08:00 DEBUG 37112 --- [threat-platform] [           main] o.s.jdbc.core.JdbcTemplate               : Executing prepared SQL update
2026-06-17T16:27:18.577+08:00 DEBUG 37112 --- [threat-platform] [           main] o.s.jdbc.core.JdbcTemplate               : Executing prepared SQL statement [INSERT INTO asset_fingerprint_rule
(rule_code, name, category, sub_category, protocol, port, banner_regex, vendor, product, version_expr,
 confidence, description, enabled, priority)
SELECT ?, ?, ?, ?, ?, ?, ?, ?, ?, ?, ?, ?, ?, ?
WHERE NOT EXISTS (SELECT 1 FROM asset_fingerprint_rule WHERE rule_code = ?)
]
2026-06-17T16:27:18.577+08:00 DEBUG 37112 --- [threat-platform] [           main] o.s.jdbc.core.StatementCreatorUtils      : JDBC getParameterType call failed - using fallback method instead: java.sql.SQLException: Parameter metadata not available for the given statement
2026-06-17T16:27:18.578+08:00 DEBUG 37112 --- [threat-platform] [           main] o.s.jdbc.core.StatementCreatorUtils      : JDBC getParameterType call failed - using fallback method instead: java.sql.SQLException: Parameter metadata not available for the given statement
2026-06-17T16:27:18.580+08:00 DEBUG 37112 --- [threat-platform] [           main] o.s.jdbc.core.JdbcTemplate               : Executing prepared SQL update
2026-06-17T16:27:18.580+08:00 DEBUG 37112 --- [threat-platform] [           main] o.s.jdbc.core.JdbcTemplate               : Executing prepared SQL statement [INSERT INTO asset_fingerprint_rule
(rule_code, name, category, sub_category, protocol, port, banner_regex, vendor, product, version_expr,
 confidence, description, enabled, priority)
SELECT ?, ?, ?, ?, ?, ?, ?, ?, ?, ?, ?, ?, ?, ?
WHERE NOT EXISTS (SELECT 1 FROM asset_fingerprint_rule WHERE rule_code = ?)
]
2026-06-17T16:27:18.581+08:00 DEBUG 37112 --- [threat-platform] [           main] o.s.jdbc.core.StatementCreatorUtils      : JDBC getParameterType call failed - using fallback method instead: java.sql.SQLException: Parameter metadata not available for the given statement
2026-06-17T16:27:18.581+08:00 DEBUG 37112 --- [threat-platform] [           main] o.s.jdbc.core.StatementCreatorUtils      : JDBC getParameterType call failed - using fallback method instead: java.sql.SQLException: Parameter metadata not available for the given statement
2026-06-17T16:27:18.581+08:00 DEBUG 37112 --- [threat-platform] [           main] o.s.jdbc.core.StatementCreatorUtils      : JDBC getParameterType call failed - using fallback method instead: java.sql.SQLException: Parameter metadata not available for the given statement
2026-06-17T16:27:18.584+08:00 DEBUG 37112 --- [threat-platform] [           main] o.s.jdbc.core.JdbcTemplate               : Executing prepared SQL update
2026-06-17T16:27:18.584+08:00 DEBUG 37112 --- [threat-platform] [           main] o.s.jdbc.core.JdbcTemplate               : Executing prepared SQL statement [INSERT INTO asset_fingerprint_rule
(rule_code, name, category, sub_category, protocol, port, banner_regex, vendor, product, version_expr,
 confidence, description, enabled, priority)
SELECT ?, ?, ?, ?, ?, ?, ?, ?, ?, ?, ?, ?, ?, ?
WHERE NOT EXISTS (SELECT 1 FROM asset_fingerprint_rule WHERE rule_code = ?)
]
2026-06-17T16:27:18.585+08:00 DEBUG 37112 --- [threat-platform] [           main] o.s.jdbc.core.StatementCreatorUtils      : JDBC getParameterType call failed - using fallback method instead: java.sql.SQLException: Parameter metadata not available for the given statement
2026-06-17T16:27:18.586+08:00 DEBUG 37112 --- [threat-platform] [           main] o.s.jdbc.core.StatementCreatorUtils      : JDBC getParameterType call failed - using fallback method instead: java.sql.SQLException: Parameter metadata not available for the given statement
2026-06-17T16:27:18.586+08:00 DEBUG 37112 --- [threat-platform] [           main] o.s.jdbc.core.StatementCreatorUtils      : JDBC getParameterType call failed - using fallback method instead: java.sql.SQLException: Parameter metadata not available for the given statement
2026-06-17T16:27:18.589+08:00 DEBUG 37112 --- [threat-platform] [           main] o.s.jdbc.core.JdbcTemplate               : Executing prepared SQL update
2026-06-17T16:27:18.589+08:00 DEBUG 37112 --- [threat-platform] [           main] o.s.jdbc.core.JdbcTemplate               : Executing prepared SQL statement [INSERT INTO asset_fingerprint_rule
(rule_code, name, category, sub_category, protocol, port, banner_regex, vendor, product, version_expr,
 confidence, description, enabled, priority)
SELECT ?, ?, ?, ?, ?, ?, ?, ?, ?, ?, ?, ?, ?, ?
WHERE NOT EXISTS (SELECT 1 FROM asset_fingerprint_rule WHERE rule_code = ?)
]
2026-06-17T16:27:18.589+08:00 DEBUG 37112 --- [threat-platform] [           main] o.s.jdbc.core.StatementCreatorUtils      : JDBC getParameterType call failed - using fallback method instead: java.sql.SQLException: Parameter metadata not available for the given statement
2026-06-17T16:27:18.590+08:00 DEBUG 37112 --- [threat-platform] [           main] o.s.jdbc.core.StatementCreatorUtils      : JDBC getParameterType call failed - using fallback method instead: java.sql.SQLException: Parameter metadata not available for the given statement
2026-06-17T16:27:18.590+08:00 DEBUG 37112 --- [threat-platform] [           main] o.s.jdbc.core.StatementCreatorUtils      : JDBC getParameterType call failed - using fallback method instead: java.sql.SQLException: Parameter metadata not available for the given statement
2026-06-17T16:27:18.593+08:00 DEBUG 37112 --- [threat-platform] [           main] o.s.jdbc.core.JdbcTemplate               : Executing prepared SQL update
2026-06-17T16:27:18.594+08:00 DEBUG 37112 --- [threat-platform] [           main] o.s.jdbc.core.JdbcTemplate               : Executing prepared SQL statement [INSERT INTO asset_fingerprint_rule
(rule_code, name, category, sub_category, protocol, port, banner_regex, vendor, product, version_expr,
 confidence, description, enabled, priority)
SELECT ?, ?, ?, ?, ?, ?, ?, ?, ?, ?, ?, ?, ?, ?
WHERE NOT EXISTS (SELECT 1 FROM asset_fingerprint_rule WHERE rule_code = ?)
]
2026-06-17T16:27:18.594+08:00 DEBUG 37112 --- [threat-platform] [           main] o.s.jdbc.core.StatementCreatorUtils      : JDBC getParameterType call failed - using fallback method instead: java.sql.SQLException: Parameter metadata not available for the given statement
2026-06-17T16:27:18.594+08:00 DEBUG 37112 --- [threat-platform] [           main] o.s.jdbc.core.StatementCreatorUtils      : JDBC getParameterType call failed - using fallback method instead: java.sql.SQLException: Parameter metadata not available for the given statement
2026-06-17T16:27:18.595+08:00 DEBUG 37112 --- [threat-platform] [           main] o.s.jdbc.core.StatementCreatorUtils      : JDBC getParameterType call failed - using fallback method instead: java.sql.SQLException: Parameter metadata not available for the given statement
2026-06-17T16:27:18.597+08:00 DEBUG 37112 --- [threat-platform] [           main] o.s.jdbc.core.JdbcTemplate               : Executing prepared SQL update
2026-06-17T16:27:18.597+08:00 DEBUG 37112 --- [threat-platform] [           main] o.s.jdbc.core.JdbcTemplate               : Executing prepared SQL statement [INSERT INTO asset_fingerprint_rule
(rule_code, name, category, sub_category, protocol, port, banner_regex, vendor, product, version_expr,
 confidence, description, enabled, priority)
SELECT ?, ?, ?, ?, ?, ?, ?, ?, ?, ?, ?, ?, ?, ?
WHERE NOT EXISTS (SELECT 1 FROM asset_fingerprint_rule WHERE rule_code = ?)
]
2026-06-17T16:27:18.597+08:00 DEBUG 37112 --- [threat-platform] [           main] o.s.jdbc.core.StatementCreatorUtils      : JDBC getParameterType call failed - using fallback method instead: java.sql.SQLException: Parameter metadata not available for the given statement
2026-06-17T16:27:18.597+08:00 DEBUG 37112 --- [threat-platform] [           main] o.s.jdbc.core.StatementCreatorUtils      : JDBC getParameterType call failed - using fallback method instead: java.sql.SQLException: Parameter metadata not available for the given statement
2026-06-17T16:27:18.597+08:00 DEBUG 37112 --- [threat-platform] [           main] o.s.jdbc.core.StatementCreatorUtils      : JDBC getParameterType call failed - using fallback method instead: java.sql.SQLException: Parameter metadata not available for the given statement
2026-06-17T16:27:18.600+08:00 DEBUG 37112 --- [threat-platform] [           main] o.s.jdbc.core.JdbcTemplate               : Executing prepared SQL update
2026-06-17T16:27:18.601+08:00 DEBUG 37112 --- [threat-platform] [           main] o.s.jdbc.core.JdbcTemplate               : Executing prepared SQL statement [INSERT INTO asset_fingerprint_rule
(rule_code, name, category, sub_category, protocol, port, banner_regex, vendor, product, version_expr,
 confidence, description, enabled, priority)
SELECT ?, ?, ?, ?, ?, ?, ?, ?, ?, ?, ?, ?, ?, ?
WHERE NOT EXISTS (SELECT 1 FROM asset_fingerprint_rule WHERE rule_code = ?)
]
2026-06-17T16:27:18.602+08:00 DEBUG 37112 --- [threat-platform] [           main] o.s.jdbc.core.StatementCreatorUtils      : JDBC getParameterType call failed - using fallback method instead: java.sql.SQLException: Parameter metadata not available for the given statement
2026-06-17T16:27:18.602+08:00 DEBUG 37112 --- [threat-platform] [           main] o.s.jdbc.core.StatementCreatorUtils      : JDBC getParameterType call failed - using fallback method instead: java.sql.SQLException: Parameter metadata not available for the given statement
2026-06-17T16:27:18.602+08:00 DEBUG 37112 --- [threat-platform] [           main] o.s.jdbc.core.StatementCreatorUtils      : JDBC getParameterType call failed - using fallback method instead: java.sql.SQLException: Parameter metadata not available for the given statement
2026-06-17T16:27:18.604+08:00 DEBUG 37112 --- [threat-platform] [           main] o.s.jdbc.core.JdbcTemplate               : Executing prepared SQL update
2026-06-17T16:27:18.604+08:00 DEBUG 37112 --- [threat-platform] [           main] o.s.jdbc.core.JdbcTemplate               : Executing prepared SQL statement [INSERT INTO asset_fingerprint_rule
(rule_code, name, category, sub_category, protocol, port, banner_regex, vendor, product, version_expr,
 confidence, description, enabled, priority)
SELECT ?, ?, ?, ?, ?, ?, ?, ?, ?, ?, ?, ?, ?, ?
WHERE NOT EXISTS (SELECT 1 FROM asset_fingerprint_rule WHERE rule_code = ?)
]
2026-06-17T16:27:18.605+08:00 DEBUG 37112 --- [threat-platform] [           main] o.s.jdbc.core.StatementCreatorUtils      : JDBC getParameterType call failed - using fallback method instead: java.sql.SQLException: Parameter metadata not available for the given statement
2026-06-17T16:27:18.605+08:00 DEBUG 37112 --- [threat-platform] [           main] o.s.jdbc.core.StatementCreatorUtils      : JDBC getParameterType call failed - using fallback method instead: java.sql.SQLException: Parameter metadata not available for the given statement
2026-06-17T16:27:18.605+08:00 DEBUG 37112 --- [threat-platform] [           main] o.s.jdbc.core.StatementCreatorUtils      : JDBC getParameterType call failed - using fallback method instead: java.sql.SQLException: Parameter metadata not available for the given statement
2026-06-17T16:27:18.607+08:00 DEBUG 37112 --- [threat-platform] [           main] o.s.jdbc.core.JdbcTemplate               : Executing prepared SQL update
2026-06-17T16:27:18.608+08:00 DEBUG 37112 --- [threat-platform] [           main] o.s.jdbc.core.JdbcTemplate               : Executing prepared SQL statement [INSERT INTO asset_fingerprint_rule
(rule_code, name, category, sub_category, protocol, port, banner_regex, vendor, product, version_expr,
 confidence, description, enabled, priority)
SELECT ?, ?, ?, ?, ?, ?, ?, ?, ?, ?, ?, ?, ?, ?
WHERE NOT EXISTS (SELECT 1 FROM asset_fingerprint_rule WHERE rule_code = ?)
]
2026-06-17T16:27:18.609+08:00 DEBUG 37112 --- [threat-platform] [           main] o.s.jdbc.core.StatementCreatorUtils      : JDBC getParameterType call failed - using fallback method instead: java.sql.SQLException: Parameter metadata not available for the given statement
2026-06-17T16:27:18.609+08:00 DEBUG 37112 --- [threat-platform] [           main] o.s.jdbc.core.StatementCreatorUtils      : JDBC getParameterType call failed - using fallback method instead: java.sql.SQLException: Parameter metadata not available for the given statement
2026-06-17T16:27:18.609+08:00 DEBUG 37112 --- [threat-platform] [           main] o.s.jdbc.core.StatementCreatorUtils      : JDBC getParameterType call failed - using fallback method instead: java.sql.SQLException: Parameter metadata not available for the given statement
2026-06-17T16:27:18.611+08:00 DEBUG 37112 --- [threat-platform] [           main] o.s.jdbc.core.JdbcTemplate               : Executing prepared SQL update
2026-06-17T16:27:18.612+08:00 DEBUG 37112 --- [threat-platform] [           main] o.s.jdbc.core.JdbcTemplate               : Executing prepared SQL statement [INSERT INTO asset_fingerprint_rule
(rule_code, name, category, sub_category, protocol, port, banner_regex, vendor, product, version_expr,
 confidence, description, enabled, priority)
SELECT ?, ?, ?, ?, ?, ?, ?, ?, ?, ?, ?, ?, ?, ?
WHERE NOT EXISTS (SELECT 1 FROM asset_fingerprint_rule WHERE rule_code = ?)
]
2026-06-17T16:27:18.612+08:00 DEBUG 37112 --- [threat-platform] [           main] o.s.jdbc.core.StatementCreatorUtils      : JDBC getParameterType call failed - using fallback method instead: java.sql.SQLException: Parameter metadata not available for the given statement
2026-06-17T16:27:18.612+08:00 DEBUG 37112 --- [threat-platform] [           main] o.s.jdbc.core.StatementCreatorUtils      : JDBC getParameterType call failed - using fallback method instead: java.sql.SQLException: Parameter metadata not available for the given statement
2026-06-17T16:27:18.612+08:00 DEBUG 37112 --- [threat-platform] [           main] o.s.jdbc.core.StatementCreatorUtils      : JDBC getParameterType call failed - using fallback method instead: java.sql.SQLException: Parameter metadata not available for the given statement
2026-06-17T16:27:18.615+08:00 DEBUG 37112 --- [threat-platform] [           main] o.s.jdbc.core.JdbcTemplate               : Executing prepared SQL update
2026-06-17T16:27:18.616+08:00 DEBUG 37112 --- [threat-platform] [           main] o.s.jdbc.core.JdbcTemplate               : Executing prepared SQL statement [INSERT INTO asset_fingerprint_rule
(rule_code, name, category, sub_category, protocol, port, banner_regex, vendor, product, version_expr,
 confidence, description, enabled, priority)
SELECT ?, ?, ?, ?, ?, ?, ?, ?, ?, ?, ?, ?, ?, ?
WHERE NOT EXISTS (SELECT 1 FROM asset_fingerprint_rule WHERE rule_code = ?)
]
2026-06-17T16:27:18.616+08:00 DEBUG 37112 --- [threat-platform] [           main] o.s.jdbc.core.StatementCreatorUtils      : JDBC getParameterType call failed - using fallback method instead: java.sql.SQLException: Parameter metadata not available for the given statement
2026-06-17T16:27:18.617+08:00 DEBUG 37112 --- [threat-platform] [           main] o.s.jdbc.core.StatementCreatorUtils      : JDBC getParameterType call failed - using fallback method instead: java.sql.SQLException: Parameter metadata not available for the given statement
2026-06-17T16:27:18.617+08:00 DEBUG 37112 --- [threat-platform] [           main] o.s.jdbc.core.StatementCreatorUtils      : JDBC getParameterType call failed - using fallback method instead: java.sql.SQLException: Parameter metadata not available for the given statement
2026-06-17T16:27:18.618+08:00 DEBUG 37112 --- [threat-platform] [           main] o.s.jdbc.core.JdbcTemplate               : Executing prepared SQL update
2026-06-17T16:27:18.619+08:00 DEBUG 37112 --- [threat-platform] [           main] o.s.jdbc.core.JdbcTemplate               : Executing prepared SQL statement [INSERT INTO asset_fingerprint_rule
(rule_code, name, category, sub_category, protocol, port, banner_regex, vendor, product, version_expr,
 confidence, description, enabled, priority)
SELECT ?, ?, ?, ?, ?, ?, ?, ?, ?, ?, ?, ?, ?, ?
WHERE NOT EXISTS (SELECT 1 FROM asset_fingerprint_rule WHERE rule_code = ?)
]
2026-06-17T16:27:18.619+08:00 DEBUG 37112 --- [threat-platform] [           main] o.s.jdbc.core.StatementCreatorUtils      : JDBC getParameterType call failed - using fallback method instead: java.sql.SQLException: Parameter metadata not available for the given statement
2026-06-17T16:27:18.619+08:00 DEBUG 37112 --- [threat-platform] [           main] o.s.jdbc.core.StatementCreatorUtils      : JDBC getParameterType call failed - using fallback method instead: java.sql.SQLException: Parameter metadata not available for the given statement
2026-06-17T16:27:18.620+08:00 DEBUG 37112 --- [threat-platform] [           main] o.s.jdbc.core.StatementCreatorUtils      : JDBC getParameterType call failed - using fallback method instead: java.sql.SQLException: Parameter metadata not available for the given statement
2026-06-17T16:27:18.623+08:00 DEBUG 37112 --- [threat-platform] [           main] o.s.jdbc.core.JdbcTemplate               : Executing prepared SQL update
2026-06-17T16:27:18.624+08:00 DEBUG 37112 --- [threat-platform] [           main] o.s.jdbc.core.JdbcTemplate               : Executing prepared SQL statement [INSERT INTO asset_fingerprint_rule
(rule_code, name, category, sub_category, protocol, port, banner_regex, vendor, product, version_expr,
 confidence, description, enabled, priority)
SELECT ?, ?, ?, ?, ?, ?, ?, ?, ?, ?, ?, ?, ?, ?
WHERE NOT EXISTS (SELECT 1 FROM asset_fingerprint_rule WHERE rule_code = ?)
]
2026-06-17T16:27:18.624+08:00 DEBUG 37112 --- [threat-platform] [           main] o.s.jdbc.core.StatementCreatorUtils      : JDBC getParameterType call failed - using fallback method instead: java.sql.SQLException: Parameter metadata not available for the given statement
2026-06-17T16:27:18.626+08:00 DEBUG 37112 --- [threat-platform] [           main] o.s.jdbc.core.JdbcTemplate               : Executing prepared SQL update
2026-06-17T16:27:18.627+08:00 DEBUG 37112 --- [threat-platform] [           main] o.s.jdbc.core.JdbcTemplate               : Executing prepared SQL statement [INSERT INTO asset_fingerprint_rule
(rule_code, name, category, sub_category, protocol, port, banner_regex, vendor, product, version_expr,
 confidence, description, enabled, priority)
SELECT ?, ?, ?, ?, ?, ?, ?, ?, ?, ?, ?, ?, ?, ?
WHERE NOT EXISTS (SELECT 1 FROM asset_fingerprint_rule WHERE rule_code = ?)
]
2026-06-17T16:27:18.627+08:00 DEBUG 37112 --- [threat-platform] [           main] o.s.jdbc.core.StatementCreatorUtils      : JDBC getParameterType call failed - using fallback method instead: java.sql.SQLException: Parameter metadata not available for the given statement
2026-06-17T16:27:18.628+08:00 DEBUG 37112 --- [threat-platform] [           main] o.s.jdbc.core.JdbcTemplate               : Executing prepared SQL update
2026-06-17T16:27:18.629+08:00 DEBUG 37112 --- [threat-platform] [           main] o.s.jdbc.core.JdbcTemplate               : Executing prepared SQL statement [INSERT INTO asset_fingerprint_rule
(rule_code, name, category, sub_category, protocol, port, banner_regex, vendor, product, version_expr,
 confidence, description, enabled, priority)
SELECT ?, ?, ?, ?, ?, ?, ?, ?, ?, ?, ?, ?, ?, ?
WHERE NOT EXISTS (SELECT 1 FROM asset_fingerprint_rule WHERE rule_code = ?)
]
2026-06-17T16:27:18.629+08:00 DEBUG 37112 --- [threat-platform] [           main] o.s.jdbc.core.StatementCreatorUtils      : JDBC getParameterType call failed - using fallback method instead: java.sql.SQLException: Parameter metadata not available for the given statement
2026-06-17T16:27:18.631+08:00 DEBUG 37112 --- [threat-platform] [           main] o.s.jdbc.core.JdbcTemplate               : Executing prepared SQL update
2026-06-17T16:27:18.634+08:00 DEBUG 37112 --- [threat-platform] [           main] o.s.jdbc.core.JdbcTemplate               : Executing prepared SQL statement [INSERT INTO asset_fingerprint_rule
(rule_code, name, category, sub_category, protocol, port, banner_regex, vendor, product, version_expr,
 confidence, description, enabled, priority)
SELECT ?, ?, ?, ?, ?, ?, ?, ?, ?, ?, ?, ?, ?, ?
WHERE NOT EXISTS (SELECT 1 FROM asset_fingerprint_rule WHERE rule_code = ?)
]
2026-06-17T16:27:18.634+08:00 DEBUG 37112 --- [threat-platform] [           main] o.s.jdbc.core.StatementCreatorUtils      : JDBC getParameterType call failed - using fallback method instead: java.sql.SQLException: Parameter metadata not available for the given statement
2026-06-17T16:27:18.636+08:00 DEBUG 37112 --- [threat-platform] [           main] o.s.jdbc.core.JdbcTemplate               : Executing prepared SQL update
2026-06-17T16:27:18.637+08:00 DEBUG 37112 --- [threat-platform] [           main] o.s.jdbc.core.JdbcTemplate               : Executing prepared SQL statement [INSERT INTO asset_fingerprint_rule
(rule_code, name, category, sub_category, protocol, port, banner_regex, vendor, product, version_expr,
 confidence, description, enabled, priority)
SELECT ?, ?, ?, ?, ?, ?, ?, ?, ?, ?, ?, ?, ?, ?
WHERE NOT EXISTS (SELECT 1 FROM asset_fingerprint_rule WHERE rule_code = ?)
]
2026-06-17T16:27:18.637+08:00 DEBUG 37112 --- [threat-platform] [           main] o.s.jdbc.core.StatementCreatorUtils      : JDBC getParameterType call failed - using fallback method instead: java.sql.SQLException: Parameter metadata not available for the given statement
2026-06-17T16:27:18.639+08:00 DEBUG 37112 --- [threat-platform] [           main] o.s.jdbc.core.JdbcTemplate               : Executing prepared SQL update
2026-06-17T16:27:18.639+08:00 DEBUG 37112 --- [threat-platform] [           main] o.s.jdbc.core.JdbcTemplate               : Executing prepared SQL statement [INSERT INTO asset_fingerprint_rule
(rule_code, name, category, sub_category, protocol, port, banner_regex, vendor, product, version_expr,
 confidence, description, enabled, priority)
SELECT ?, ?, ?, ?, ?, ?, ?, ?, ?, ?, ?, ?, ?, ?
WHERE NOT EXISTS (SELECT 1 FROM asset_fingerprint_rule WHERE rule_code = ?)
]
2026-06-17T16:27:18.640+08:00 DEBUG 37112 --- [threat-platform] [           main] o.s.jdbc.core.StatementCreatorUtils      : JDBC getParameterType call failed - using fallback method instead: java.sql.SQLException: Parameter metadata not available for the given statement
2026-06-17T16:27:18.641+08:00 DEBUG 37112 --- [threat-platform] [           main] o.s.jdbc.core.JdbcTemplate               : Executing prepared SQL update
2026-06-17T16:27:18.642+08:00 DEBUG 37112 --- [threat-platform] [           main] o.s.jdbc.core.JdbcTemplate               : Executing prepared SQL statement [INSERT INTO asset_fingerprint_rule
(rule_code, name, category, sub_category, protocol, port, banner_regex, vendor, product, version_expr,
 confidence, description, enabled, priority)
SELECT ?, ?, ?, ?, ?, ?, ?, ?, ?, ?, ?, ?, ?, ?
WHERE NOT EXISTS (SELECT 1 FROM asset_fingerprint_rule WHERE rule_code = ?)
]
2026-06-17T16:27:18.642+08:00 DEBUG 37112 --- [threat-platform] [           main] o.s.jdbc.core.StatementCreatorUtils      : JDBC getParameterType call failed - using fallback method instead: java.sql.SQLException: Parameter metadata not available for the given statement
2026-06-17T16:27:18.645+08:00 DEBUG 37112 --- [threat-platform] [           main] o.s.jdbc.core.JdbcTemplate               : Executing prepared SQL update
2026-06-17T16:27:18.645+08:00 DEBUG 37112 --- [threat-platform] [           main] o.s.jdbc.core.JdbcTemplate               : Executing prepared SQL statement [INSERT INTO asset_fingerprint_rule
(rule_code, name, category, sub_category, protocol, port, banner_regex, vendor, product, version_expr,
 confidence, description, enabled, priority)
SELECT ?, ?, ?, ?, ?, ?, ?, ?, ?, ?, ?, ?, ?, ?
WHERE NOT EXISTS (SELECT 1 FROM asset_fingerprint_rule WHERE rule_code = ?)
]
2026-06-17T16:27:18.646+08:00 DEBUG 37112 --- [threat-platform] [           main] o.s.jdbc.core.StatementCreatorUtils      : JDBC getParameterType call failed - using fallback method instead: java.sql.SQLException: Parameter metadata not available for the given statement
2026-06-17T16:27:18.648+08:00 DEBUG 37112 --- [threat-platform] [           main] o.s.jdbc.core.JdbcTemplate               : Executing prepared SQL update
2026-06-17T16:27:18.648+08:00 DEBUG 37112 --- [threat-platform] [           main] o.s.jdbc.core.JdbcTemplate               : Executing prepared SQL statement [INSERT INTO asset_fingerprint_rule
(rule_code, name, category, sub_category, protocol, port, banner_regex, vendor, product, version_expr,
 confidence, description, enabled, priority)
SELECT ?, ?, ?, ?, ?, ?, ?, ?, ?, ?, ?, ?, ?, ?
WHERE NOT EXISTS (SELECT 1 FROM asset_fingerprint_rule WHERE rule_code = ?)
]
2026-06-17T16:27:18.649+08:00 DEBUG 37112 --- [threat-platform] [           main] o.s.jdbc.core.StatementCreatorUtils      : JDBC getParameterType call failed - using fallback method instead: java.sql.SQLException: Parameter metadata not available for the given statement
2026-06-17T16:27:18.651+08:00 DEBUG 37112 --- [threat-platform] [           main] o.s.jdbc.core.JdbcTemplate               : Executing prepared SQL update
2026-06-17T16:27:18.651+08:00 DEBUG 37112 --- [threat-platform] [           main] o.s.jdbc.core.JdbcTemplate               : Executing prepared SQL statement [INSERT INTO asset_fingerprint_rule
(rule_code, name, category, sub_category, protocol, port, banner_regex, vendor, product, version_expr,
 confidence, description, enabled, priority)
SELECT ?, ?, ?, ?, ?, ?, ?, ?, ?, ?, ?, ?, ?, ?
WHERE NOT EXISTS (SELECT 1 FROM asset_fingerprint_rule WHERE rule_code = ?)
]
2026-06-17T16:27:18.651+08:00 DEBUG 37112 --- [threat-platform] [           main] o.s.jdbc.core.StatementCreatorUtils      : JDBC getParameterType call failed - using fallback method instead: java.sql.SQLException: Parameter metadata not available for the given statement
2026-06-17T16:27:18.651+08:00 DEBUG 37112 --- [threat-platform] [           main] o.s.jdbc.core.StatementCreatorUtils      : JDBC getParameterType call failed - using fallback method instead: java.sql.SQLException: Parameter metadata not available for the given statement
2026-06-17T16:27:18.653+08:00 DEBUG 37112 --- [threat-platform] [           main] o.s.jdbc.core.JdbcTemplate               : Executing prepared SQL update
2026-06-17T16:27:18.653+08:00 DEBUG 37112 --- [threat-platform] [           main] o.s.jdbc.core.JdbcTemplate               : Executing prepared SQL statement [INSERT INTO asset_fingerprint_rule
(rule_code, name, category, sub_category, protocol, port, banner_regex, vendor, product, version_expr,
 confidence, description, enabled, priority)
SELECT ?, ?, ?, ?, ?, ?, ?, ?, ?, ?, ?, ?, ?, ?
WHERE NOT EXISTS (SELECT 1 FROM asset_fingerprint_rule WHERE rule_code = ?)
]
2026-06-17T16:27:18.654+08:00 DEBUG 37112 --- [threat-platform] [           main] o.s.jdbc.core.StatementCreatorUtils      : JDBC getParameterType call failed - using fallback method instead: java.sql.SQLException: Parameter metadata not available for the given statement
2026-06-17T16:27:18.654+08:00 DEBUG 37112 --- [threat-platform] [           main] o.s.jdbc.core.StatementCreatorUtils      : JDBC getParameterType call failed - using fallback method instead: java.sql.SQLException: Parameter metadata not available for the given statement
2026-06-17T16:27:18.655+08:00 DEBUG 37112 --- [threat-platform] [           main] o.s.jdbc.core.JdbcTemplate               : Executing prepared SQL update
2026-06-17T16:27:18.655+08:00 DEBUG 37112 --- [threat-platform] [           main] o.s.jdbc.core.JdbcTemplate               : Executing prepared SQL statement [INSERT INTO asset_fingerprint_rule
(rule_code, name, category, sub_category, protocol, port, banner_regex, vendor, product, version_expr,
 confidence, description, enabled, priority)
SELECT ?, ?, ?, ?, ?, ?, ?, ?, ?, ?, ?, ?, ?, ?
WHERE NOT EXISTS (SELECT 1 FROM asset_fingerprint_rule WHERE rule_code = ?)
]
2026-06-17T16:27:18.657+08:00 DEBUG 37112 --- [threat-platform] [           main] o.s.jdbc.core.StatementCreatorUtils      : JDBC getParameterType call failed - using fallback method instead: java.sql.SQLException: Parameter metadata not available for the given statement
2026-06-17T16:27:18.657+08:00 DEBUG 37112 --- [threat-platform] [           main] o.s.jdbc.core.StatementCreatorUtils      : JDBC getParameterType call failed - using fallback method instead: java.sql.SQLException: Parameter metadata not available for the given statement
2026-06-17T16:27:18.659+08:00 DEBUG 37112 --- [threat-platform] [           main] o.s.jdbc.core.JdbcTemplate               : Executing prepared SQL update
2026-06-17T16:27:18.660+08:00 DEBUG 37112 --- [threat-platform] [           main] o.s.jdbc.core.JdbcTemplate               : Executing prepared SQL statement [INSERT INTO asset_fingerprint_rule
(rule_code, name, category, sub_category, protocol, port, banner_regex, vendor, product, version_expr,
 confidence, description, enabled, priority)
SELECT ?, ?, ?, ?, ?, ?, ?, ?, ?, ?, ?, ?, ?, ?
WHERE NOT EXISTS (SELECT 1 FROM asset_fingerprint_rule WHERE rule_code = ?)
]
2026-06-17T16:27:18.660+08:00 DEBUG 37112 --- [threat-platform] [           main] o.s.jdbc.core.StatementCreatorUtils      : JDBC getParameterType call failed - using fallback method instead: java.sql.SQLException: Parameter metadata not available for the given statement
2026-06-17T16:27:18.662+08:00 DEBUG 37112 --- [threat-platform] [           main] o.s.jdbc.core.JdbcTemplate               : Executing prepared SQL update
2026-06-17T16:27:18.662+08:00 DEBUG 37112 --- [threat-platform] [           main] o.s.jdbc.core.JdbcTemplate               : Executing prepared SQL statement [INSERT INTO asset_fingerprint_rule
(rule_code, name, category, sub_category, protocol, port, banner_regex, vendor, product, version_expr,
 confidence, description, enabled, priority)
SELECT ?, ?, ?, ?, ?, ?, ?, ?, ?, ?, ?, ?, ?, ?
WHERE NOT EXISTS (SELECT 1 FROM asset_fingerprint_rule WHERE rule_code = ?)
]
2026-06-17T16:27:18.663+08:00 DEBUG 37112 --- [threat-platform] [           main] o.s.jdbc.core.StatementCreatorUtils      : JDBC getParameterType call failed - using fallback method instead: java.sql.SQLException: Parameter metadata not available for the given statement
2026-06-17T16:27:18.664+08:00 DEBUG 37112 --- [threat-platform] [           main] o.s.jdbc.core.JdbcTemplate               : Executing prepared SQL update
2026-06-17T16:27:18.666+08:00 DEBUG 37112 --- [threat-platform] [           main] o.s.jdbc.core.JdbcTemplate               : Executing prepared SQL statement [INSERT INTO asset_fingerprint_rule
(rule_code, name, category, sub_category, protocol, port, banner_regex, vendor, product, version_expr,
 confidence, description, enabled, priority)
SELECT ?, ?, ?, ?, ?, ?, ?, ?, ?, ?, ?, ?, ?, ?
WHERE NOT EXISTS (SELECT 1 FROM asset_fingerprint_rule WHERE rule_code = ?)
]
2026-06-17T16:27:18.666+08:00 DEBUG 37112 --- [threat-platform] [           main] o.s.jdbc.core.StatementCreatorUtils      : JDBC getParameterType call failed - using fallback method instead: java.sql.SQLException: Parameter metadata not available for the given statement
2026-06-17T16:27:18.667+08:00 DEBUG 37112 --- [threat-platform] [           main] o.s.jdbc.core.JdbcTemplate               : Executing prepared SQL update
2026-06-17T16:27:18.668+08:00 DEBUG 37112 --- [threat-platform] [           main] o.s.jdbc.core.JdbcTemplate               : Executing prepared SQL statement [INSERT INTO asset_fingerprint_rule
(rule_code, name, category, sub_category, protocol, port, banner_regex, vendor, product, version_expr,
 confidence, description, enabled, priority)
SELECT ?, ?, ?, ?, ?, ?, ?, ?, ?, ?, ?, ?, ?, ?
WHERE NOT EXISTS (SELECT 1 FROM asset_fingerprint_rule WHERE rule_code = ?)
]
2026-06-17T16:27:18.668+08:00 DEBUG 37112 --- [threat-platform] [           main] o.s.jdbc.core.StatementCreatorUtils      : JDBC getParameterType call failed - using fallback method instead: java.sql.SQLException: Parameter metadata not available for the given statement
2026-06-17T16:27:18.668+08:00 DEBUG 37112 --- [threat-platform] [           main] o.s.jdbc.core.StatementCreatorUtils      : JDBC getParameterType call failed - using fallback method instead: java.sql.SQLException: Parameter metadata not available for the given statement
2026-06-17T16:27:18.670+08:00 DEBUG 37112 --- [threat-platform] [           main] o.s.jdbc.core.JdbcTemplate               : Executing prepared SQL update
2026-06-17T16:27:18.670+08:00 DEBUG 37112 --- [threat-platform] [           main] o.s.jdbc.core.JdbcTemplate               : Executing prepared SQL statement [INSERT INTO asset_fingerprint_rule
(rule_code, name, category, sub_category, protocol, port, banner_regex, vendor, product, version_expr,
 confidence, description, enabled, priority)
SELECT ?, ?, ?, ?, ?, ?, ?, ?, ?, ?, ?, ?, ?, ?
WHERE NOT EXISTS (SELECT 1 FROM asset_fingerprint_rule WHERE rule_code = ?)
]
2026-06-17T16:27:18.670+08:00 DEBUG 37112 --- [threat-platform] [           main] o.s.jdbc.core.StatementCreatorUtils      : JDBC getParameterType call failed - using fallback method instead: java.sql.SQLException: Parameter metadata not available for the given statement
2026-06-17T16:27:18.672+08:00 DEBUG 37112 --- [threat-platform] [           main] o.s.jdbc.core.StatementCreatorUtils      : JDBC getParameterType call failed - using fallback method instead: java.sql.SQLException: Parameter metadata not available for the given statement
2026-06-17T16:27:18.673+08:00 DEBUG 37112 --- [threat-platform] [           main] o.s.jdbc.core.JdbcTemplate               : Executing prepared SQL update
2026-06-17T16:27:18.673+08:00 DEBUG 37112 --- [threat-platform] [           main] o.s.jdbc.core.JdbcTemplate               : Executing prepared SQL statement [INSERT INTO asset_fingerprint_rule
(rule_code, name, category, sub_category, protocol, port, banner_regex, vendor, product, version_expr,
 confidence, description, enabled, priority)
SELECT ?, ?, ?, ?, ?, ?, ?, ?, ?, ?, ?, ?, ?, ?
WHERE NOT EXISTS (SELECT 1 FROM asset_fingerprint_rule WHERE rule_code = ?)
]
2026-06-17T16:27:18.673+08:00 DEBUG 37112 --- [threat-platform] [           main] o.s.jdbc.core.StatementCreatorUtils      : JDBC getParameterType call failed - using fallback method instead: java.sql.SQLException: Parameter metadata not available for the given statement
2026-06-17T16:27:18.674+08:00 DEBUG 37112 --- [threat-platform] [           main] o.s.jdbc.core.StatementCreatorUtils      : JDBC getParameterType call failed - using fallback method instead: java.sql.SQLException: Parameter metadata not available for the given statement
2026-06-17T16:27:18.676+08:00 DEBUG 37112 --- [threat-platform] [           main] o.s.jdbc.core.JdbcTemplate               : Executing prepared SQL update
2026-06-17T16:27:18.677+08:00 DEBUG 37112 --- [threat-platform] [           main] o.s.jdbc.core.JdbcTemplate               : Executing prepared SQL statement [INSERT INTO asset_fingerprint_rule
(rule_code, name, category, sub_category, protocol, port, banner_regex, vendor, product, version_expr,
 confidence, description, enabled, priority)
SELECT ?, ?, ?, ?, ?, ?, ?, ?, ?, ?, ?, ?, ?, ?
WHERE NOT EXISTS (SELECT 1 FROM asset_fingerprint_rule WHERE rule_code = ?)
]
2026-06-17T16:27:18.677+08:00 DEBUG 37112 --- [threat-platform] [           main] o.s.jdbc.core.StatementCreatorUtils      : JDBC getParameterType call failed - using fallback method instead: java.sql.SQLException: Parameter metadata not available for the given statement
2026-06-17T16:27:18.677+08:00 DEBUG 37112 --- [threat-platform] [           main] o.s.jdbc.core.StatementCreatorUtils      : JDBC getParameterType call failed - using fallback method instead: java.sql.SQLException: Parameter metadata not available for the given statement
2026-06-17T16:27:18.679+08:00 DEBUG 37112 --- [threat-platform] [           main] o.s.jdbc.core.JdbcTemplate               : Executing prepared SQL update
2026-06-17T16:27:18.680+08:00 DEBUG 37112 --- [threat-platform] [           main] o.s.jdbc.core.JdbcTemplate               : Executing prepared SQL statement [INSERT INTO asset_fingerprint_rule
(rule_code, name, category, sub_category, protocol, port, banner_regex, vendor, product, version_expr,
 confidence, description, enabled, priority)
SELECT ?, ?, ?, ?, ?, ?, ?, ?, ?, ?, ?, ?, ?, ?
WHERE NOT EXISTS (SELECT 1 FROM asset_fingerprint_rule WHERE rule_code = ?)
]
2026-06-17T16:27:18.680+08:00 DEBUG 37112 --- [threat-platform] [           main] o.s.jdbc.core.StatementCreatorUtils      : JDBC getParameterType call failed - using fallback method instead: java.sql.SQLException: Parameter metadata not available for the given statement
2026-06-17T16:27:18.680+08:00 DEBUG 37112 --- [threat-platform] [           main] o.s.jdbc.core.StatementCreatorUtils      : JDBC getParameterType call failed - using fallback method instead: java.sql.SQLException: Parameter metadata not available for the given statement
2026-06-17T16:27:18.682+08:00 DEBUG 37112 --- [threat-platform] [           main] o.s.jdbc.core.JdbcTemplate               : Executing prepared SQL update
2026-06-17T16:27:18.682+08:00 DEBUG 37112 --- [threat-platform] [           main] o.s.jdbc.core.JdbcTemplate               : Executing prepared SQL statement [INSERT INTO asset_fingerprint_rule
(rule_code, name, category, sub_category, protocol, port, banner_regex, vendor, product, version_expr,
 confidence, description, enabled, priority)
SELECT ?, ?, ?, ?, ?, ?, ?, ?, ?, ?, ?, ?, ?, ?
WHERE NOT EXISTS (SELECT 1 FROM asset_fingerprint_rule WHERE rule_code = ?)
]
2026-06-17T16:27:18.684+08:00 DEBUG 37112 --- [threat-platform] [           main] o.s.jdbc.core.StatementCreatorUtils      : JDBC getParameterType call failed - using fallback method instead: java.sql.SQLException: Parameter metadata not available for the given statement
2026-06-17T16:27:18.684+08:00 DEBUG 37112 --- [threat-platform] [           main] o.s.jdbc.core.StatementCreatorUtils      : JDBC getParameterType call failed - using fallback method instead: java.sql.SQLException: Parameter metadata not available for the given statement
2026-06-17T16:27:18.684+08:00 DEBUG 37112 --- [threat-platform] [           main] o.s.jdbc.core.StatementCreatorUtils      : JDBC getParameterType call failed - using fallback method instead: java.sql.SQLException: Parameter metadata not available for the given statement
2026-06-17T16:27:18.685+08:00 DEBUG 37112 --- [threat-platform] [           main] o.s.jdbc.core.JdbcTemplate               : Executing prepared SQL update
2026-06-17T16:27:18.686+08:00 DEBUG 37112 --- [threat-platform] [           main] o.s.jdbc.core.JdbcTemplate               : Executing prepared SQL statement [INSERT INTO asset_fingerprint_rule
(rule_code, name, category, sub_category, protocol, port, banner_regex, vendor, product, version_expr,
 confidence, description, enabled, priority)
SELECT ?, ?, ?, ?, ?, ?, ?, ?, ?, ?, ?, ?, ?, ?
WHERE NOT EXISTS (SELECT 1 FROM asset_fingerprint_rule WHERE rule_code = ?)
]
2026-06-17T16:27:18.687+08:00 DEBUG 37112 --- [threat-platform] [           main] o.s.jdbc.core.StatementCreatorUtils      : JDBC getParameterType call failed - using fallback method instead: java.sql.SQLException: Parameter metadata not available for the given statement
2026-06-17T16:27:18.687+08:00 DEBUG 37112 --- [threat-platform] [           main] o.s.jdbc.core.StatementCreatorUtils      : JDBC getParameterType call failed - using fallback method instead: java.sql.SQLException: Parameter metadata not available for the given statement
2026-06-17T16:27:18.687+08:00 DEBUG 37112 --- [threat-platform] [           main] o.s.jdbc.core.StatementCreatorUtils      : JDBC getParameterType call failed - using fallback method instead: java.sql.SQLException: Parameter metadata not available for the given statement
2026-06-17T16:27:18.689+08:00 DEBUG 37112 --- [threat-platform] [           main] o.s.jdbc.core.JdbcTemplate               : Executing prepared SQL update
2026-06-17T16:27:18.689+08:00 DEBUG 37112 --- [threat-platform] [           main] o.s.jdbc.core.JdbcTemplate               : Executing prepared SQL statement [INSERT INTO asset_fingerprint_rule
(rule_code, name, category, sub_category, protocol, port, banner_regex, vendor, product, version_expr,
 confidence, description, enabled, priority)
SELECT ?, ?, ?, ?, ?, ?, ?, ?, ?, ?, ?, ?, ?, ?
WHERE NOT EXISTS (SELECT 1 FROM asset_fingerprint_rule WHERE rule_code = ?)
]
2026-06-17T16:27:18.689+08:00 DEBUG 37112 --- [threat-platform] [           main] o.s.jdbc.core.StatementCreatorUtils      : JDBC getParameterType call failed - using fallback method instead: java.sql.SQLException: Parameter metadata not available for the given statement
2026-06-17T16:27:18.690+08:00 DEBUG 37112 --- [threat-platform] [           main] o.s.jdbc.core.StatementCreatorUtils      : JDBC getParameterType call failed - using fallback method instead: java.sql.SQLException: Parameter metadata not available for the given statement
2026-06-17T16:27:18.692+08:00 DEBUG 37112 --- [threat-platform] [           main] o.s.jdbc.core.JdbcTemplate               : Executing prepared SQL update
2026-06-17T16:27:18.693+08:00 DEBUG 37112 --- [threat-platform] [           main] o.s.jdbc.core.JdbcTemplate               : Executing prepared SQL statement [INSERT INTO asset_fingerprint_rule
(rule_code, name, category, sub_category, protocol, port, banner_regex, vendor, product, version_expr,
 confidence, description, enabled, priority)
SELECT ?, ?, ?, ?, ?, ?, ?, ?, ?, ?, ?, ?, ?, ?
WHERE NOT EXISTS (SELECT 1 FROM asset_fingerprint_rule WHERE rule_code = ?)
]
2026-06-17T16:27:18.693+08:00 DEBUG 37112 --- [threat-platform] [           main] o.s.jdbc.core.StatementCreatorUtils      : JDBC getParameterType call failed - using fallback method instead: java.sql.SQLException: Parameter metadata not available for the given statement
2026-06-17T16:27:18.694+08:00 DEBUG 37112 --- [threat-platform] [           main] o.s.jdbc.core.StatementCreatorUtils      : JDBC getParameterType call failed - using fallback method instead: java.sql.SQLException: Parameter metadata not available for the given statement
2026-06-17T16:27:18.695+08:00 DEBUG 37112 --- [threat-platform] [           main] o.s.jdbc.core.JdbcTemplate               : Executing prepared SQL update
2026-06-17T16:27:18.695+08:00 DEBUG 37112 --- [threat-platform] [           main] o.s.jdbc.core.JdbcTemplate               : Executing prepared SQL statement [INSERT INTO asset_fingerprint_rule
(rule_code, name, category, sub_category, protocol, port, banner_regex, vendor, product, version_expr,
 confidence, description, enabled, priority)
SELECT ?, ?, ?, ?, ?, ?, ?, ?, ?, ?, ?, ?, ?, ?
WHERE NOT EXISTS (SELECT 1 FROM asset_fingerprint_rule WHERE rule_code = ?)
]
2026-06-17T16:27:18.697+08:00 DEBUG 37112 --- [threat-platform] [           main] o.s.jdbc.core.StatementCreatorUtils      : JDBC getParameterType call failed - using fallback method instead: java.sql.SQLException: Parameter metadata not available for the given statement
2026-06-17T16:27:18.697+08:00 DEBUG 37112 --- [threat-platform] [           main] o.s.jdbc.core.StatementCreatorUtils      : JDBC getParameterType call failed - using fallback method instead: java.sql.SQLException: Parameter metadata not available for the given statement
2026-06-17T16:27:18.698+08:00 DEBUG 37112 --- [threat-platform] [           main] o.s.jdbc.core.JdbcTemplate               : Executing prepared SQL update
2026-06-17T16:27:18.699+08:00 DEBUG 37112 --- [threat-platform] [           main] o.s.jdbc.core.JdbcTemplate               : Executing prepared SQL statement [INSERT INTO asset_fingerprint_rule
(rule_code, name, category, sub_category, protocol, port, banner_regex, vendor, product, version_expr,
 confidence, description, enabled, priority)
SELECT ?, ?, ?, ?, ?, ?, ?, ?, ?, ?, ?, ?, ?, ?
WHERE NOT EXISTS (SELECT 1 FROM asset_fingerprint_rule WHERE rule_code = ?)
]
2026-06-17T16:27:18.699+08:00 DEBUG 37112 --- [threat-platform] [           main] o.s.jdbc.core.StatementCreatorUtils      : JDBC getParameterType call failed - using fallback method instead: java.sql.SQLException: Parameter metadata not available for the given statement
2026-06-17T16:27:18.699+08:00 DEBUG 37112 --- [threat-platform] [           main] o.s.jdbc.core.StatementCreatorUtils      : JDBC getParameterType call failed - using fallback method instead: java.sql.SQLException: Parameter metadata not available for the given statement
2026-06-17T16:27:18.701+08:00 DEBUG 37112 --- [threat-platform] [           main] o.s.jdbc.core.JdbcTemplate               : Executing prepared SQL update
2026-06-17T16:27:18.701+08:00 DEBUG 37112 --- [threat-platform] [           main] o.s.jdbc.core.JdbcTemplate               : Executing prepared SQL statement [INSERT INTO asset_fingerprint_rule
(rule_code, name, category, sub_category, protocol, port, banner_regex, vendor, product, version_expr,
 confidence, description, enabled, priority)
SELECT ?, ?, ?, ?, ?, ?, ?, ?, ?, ?, ?, ?, ?, ?
WHERE NOT EXISTS (SELECT 1 FROM asset_fingerprint_rule WHERE rule_code = ?)
]
2026-06-17T16:27:18.702+08:00 DEBUG 37112 --- [threat-platform] [           main] o.s.jdbc.core.StatementCreatorUtils      : JDBC getParameterType call failed - using fallback method instead: java.sql.SQLException: Parameter metadata not available for the given statement
2026-06-17T16:27:18.702+08:00 DEBUG 37112 --- [threat-platform] [           main] o.s.jdbc.core.StatementCreatorUtils      : JDBC getParameterType call failed - using fallback method instead: java.sql.SQLException: Parameter metadata not available for the given statement
2026-06-17T16:27:18.704+08:00 DEBUG 37112 --- [threat-platform] [           main] o.s.jdbc.core.JdbcTemplate               : Executing prepared SQL update
2026-06-17T16:27:18.704+08:00 DEBUG 37112 --- [threat-platform] [           main] o.s.jdbc.core.JdbcTemplate               : Executing prepared SQL statement [INSERT INTO asset_fingerprint_rule
(rule_code, name, category, sub_category, protocol, port, banner_regex, vendor, product, version_expr,
 confidence, description, enabled, priority)
SELECT ?, ?, ?, ?, ?, ?, ?, ?, ?, ?, ?, ?, ?, ?
WHERE NOT EXISTS (SELECT 1 FROM asset_fingerprint_rule WHERE rule_code = ?)
]
2026-06-17T16:27:18.704+08:00 DEBUG 37112 --- [threat-platform] [           main] o.s.jdbc.core.StatementCreatorUtils      : JDBC getParameterType call failed - using fallback method instead: java.sql.SQLException: Parameter metadata not available for the given statement
2026-06-17T16:27:18.704+08:00 DEBUG 37112 --- [threat-platform] [           main] o.s.jdbc.core.StatementCreatorUtils      : JDBC getParameterType call failed - using fallback method instead: java.sql.SQLException: Parameter metadata not available for the given statement
2026-06-17T16:27:18.707+08:00 DEBUG 37112 --- [threat-platform] [           main] o.s.jdbc.core.JdbcTemplate               : Executing prepared SQL update
2026-06-17T16:27:18.707+08:00 DEBUG 37112 --- [threat-platform] [           main] o.s.jdbc.core.JdbcTemplate               : Executing prepared SQL statement [INSERT INTO asset_fingerprint_rule
(rule_code, name, category, sub_category, protocol, port, banner_regex, vendor, product, version_expr,
 confidence, description, enabled, priority)
SELECT ?, ?, ?, ?, ?, ?, ?, ?, ?, ?, ?, ?, ?, ?
WHERE NOT EXISTS (SELECT 1 FROM asset_fingerprint_rule WHERE rule_code = ?)
]
2026-06-17T16:27:18.707+08:00 DEBUG 37112 --- [threat-platform] [           main] o.s.jdbc.core.StatementCreatorUtils      : JDBC getParameterType call failed - using fallback method instead: java.sql.SQLException: Parameter metadata not available for the given statement
2026-06-17T16:27:18.707+08:00 DEBUG 37112 --- [threat-platform] [           main] o.s.jdbc.core.StatementCreatorUtils      : JDBC getParameterType call failed - using fallback method instead: java.sql.SQLException: Parameter metadata not available for the given statement
2026-06-17T16:27:18.708+08:00 DEBUG 37112 --- [threat-platform] [           main] o.s.jdbc.core.StatementCreatorUtils      : JDBC getParameterType call failed - using fallback method instead: java.sql.SQLException: Parameter metadata not available for the given statement
2026-06-17T16:27:18.710+08:00 DEBUG 37112 --- [threat-platform] [           main] o.s.jdbc.core.JdbcTemplate               : Executing prepared SQL update
2026-06-17T16:27:18.710+08:00 DEBUG 37112 --- [threat-platform] [           main] o.s.jdbc.core.JdbcTemplate               : Executing prepared SQL statement [INSERT INTO asset_fingerprint_rule
(rule_code, name, category, sub_category, protocol, port, banner_regex, vendor, product, version_expr,
 confidence, description, enabled, priority)
SELECT ?, ?, ?, ?, ?, ?, ?, ?, ?, ?, ?, ?, ?, ?
WHERE NOT EXISTS (SELECT 1 FROM asset_fingerprint_rule WHERE rule_code = ?)
]
2026-06-17T16:27:18.711+08:00 DEBUG 37112 --- [threat-platform] [           main] o.s.jdbc.core.StatementCreatorUtils      : JDBC getParameterType call failed - using fallback method instead: java.sql.SQLException: Parameter metadata not available for the given statement
2026-06-17T16:27:18.711+08:00 DEBUG 37112 --- [threat-platform] [           main] o.s.jdbc.core.StatementCreatorUtils      : JDBC getParameterType call failed - using fallback method instead: java.sql.SQLException: Parameter metadata not available for the given statement
2026-06-17T16:27:18.711+08:00 DEBUG 37112 --- [threat-platform] [           main] o.s.jdbc.core.StatementCreatorUtils      : JDBC getParameterType call failed - using fallback method instead: java.sql.SQLException: Parameter metadata not available for the given statement
2026-06-17T16:27:18.713+08:00 DEBUG 37112 --- [threat-platform] [           main] o.s.jdbc.core.JdbcTemplate               : Executing prepared SQL update
2026-06-17T16:27:18.713+08:00 DEBUG 37112 --- [threat-platform] [           main] o.s.jdbc.core.JdbcTemplate               : Executing prepared SQL statement [INSERT INTO asset_fingerprint_rule
(rule_code, name, category, sub_category, protocol, port, banner_regex, vendor, product, version_expr,
 confidence, description, enabled, priority)
SELECT ?, ?, ?, ?, ?, ?, ?, ?, ?, ?, ?, ?, ?, ?
WHERE NOT EXISTS (SELECT 1 FROM asset_fingerprint_rule WHERE rule_code = ?)
]
2026-06-17T16:27:18.713+08:00 DEBUG 37112 --- [threat-platform] [           main] o.s.jdbc.core.StatementCreatorUtils      : JDBC getParameterType call failed - using fallback method instead: java.sql.SQLException: Parameter metadata not available for the given statement
2026-06-17T16:27:18.714+08:00 DEBUG 37112 --- [threat-platform] [           main] o.s.jdbc.core.StatementCreatorUtils      : JDBC getParameterType call failed - using fallback method instead: java.sql.SQLException: Parameter metadata not available for the given statement
2026-06-17T16:27:18.714+08:00 DEBUG 37112 --- [threat-platform] [           main] o.s.jdbc.core.StatementCreatorUtils      : JDBC getParameterType call failed - using fallback method instead: java.sql.SQLException: Parameter metadata not available for the given statement
2026-06-17T16:27:18.716+08:00 DEBUG 37112 --- [threat-platform] [           main] o.s.jdbc.core.JdbcTemplate               : Executing prepared SQL update
2026-06-17T16:27:18.718+08:00 DEBUG 37112 --- [threat-platform] [           main] o.s.jdbc.core.JdbcTemplate               : Executing prepared SQL statement [INSERT INTO asset_fingerprint_rule
(rule_code, name, category, sub_category, protocol, port, banner_regex, vendor, product, version_expr,
 confidence, description, enabled, priority)
SELECT ?, ?, ?, ?, ?, ?, ?, ?, ?, ?, ?, ?, ?, ?
WHERE NOT EXISTS (SELECT 1 FROM asset_fingerprint_rule WHERE rule_code = ?)
]
2026-06-17T16:27:18.719+08:00 DEBUG 37112 --- [threat-platform] [           main] o.s.jdbc.core.StatementCreatorUtils      : JDBC getParameterType call failed - using fallback method instead: java.sql.SQLException: Parameter metadata not available for the given statement
2026-06-17T16:27:18.719+08:00 DEBUG 37112 --- [threat-platform] [           main] o.s.jdbc.core.StatementCreatorUtils      : JDBC getParameterType call failed - using fallback method instead: java.sql.SQLException: Parameter metadata not available for the given statement
2026-06-17T16:27:18.719+08:00 DEBUG 37112 --- [threat-platform] [           main] o.s.jdbc.core.StatementCreatorUtils      : JDBC getParameterType call failed - using fallback method instead: java.sql.SQLException: Parameter metadata not available for the given statement
2026-06-17T16:27:18.721+08:00 DEBUG 37112 --- [threat-platform] [           main] o.s.jdbc.core.JdbcTemplate               : Executing prepared SQL update
2026-06-17T16:27:18.721+08:00 DEBUG 37112 --- [threat-platform] [           main] o.s.jdbc.core.JdbcTemplate               : Executing prepared SQL statement [INSERT INTO asset_fingerprint_rule
(rule_code, name, category, sub_category, protocol, port, banner_regex, vendor, product, version_expr,
 confidence, description, enabled, priority)
SELECT ?, ?, ?, ?, ?, ?, ?, ?, ?, ?, ?, ?, ?, ?
WHERE NOT EXISTS (SELECT 1 FROM asset_fingerprint_rule WHERE rule_code = ?)
]
2026-06-17T16:27:18.722+08:00 DEBUG 37112 --- [threat-platform] [           main] o.s.jdbc.core.StatementCreatorUtils      : JDBC getParameterType call failed - using fallback method instead: java.sql.SQLException: Parameter metadata not available for the given statement
2026-06-17T16:27:18.722+08:00 DEBUG 37112 --- [threat-platform] [           main] o.s.jdbc.core.StatementCreatorUtils      : JDBC getParameterType call failed - using fallback method instead: java.sql.SQLException: Parameter metadata not available for the given statement
2026-06-17T16:27:18.722+08:00 DEBUG 37112 --- [threat-platform] [           main] o.s.jdbc.core.StatementCreatorUtils      : JDBC getParameterType call failed - using fallback method instead: java.sql.SQLException: Parameter metadata not available for the given statement
2026-06-17T16:27:18.725+08:00 DEBUG 37112 --- [threat-platform] [           main] o.s.jdbc.core.JdbcTemplate               : Executing prepared SQL update
2026-06-17T16:27:18.725+08:00 DEBUG 37112 --- [threat-platform] [           main] o.s.jdbc.core.JdbcTemplate               : Executing prepared SQL statement [INSERT INTO asset_fingerprint_rule
(rule_code, name, category, sub_category, protocol, port, banner_regex, vendor, product, version_expr,
 confidence, description, enabled, priority)
SELECT ?, ?, ?, ?, ?, ?, ?, ?, ?, ?, ?, ?, ?, ?
WHERE NOT EXISTS (SELECT 1 FROM asset_fingerprint_rule WHERE rule_code = ?)
]
2026-06-17T16:27:18.726+08:00 DEBUG 37112 --- [threat-platform] [           main] o.s.jdbc.core.StatementCreatorUtils      : JDBC getParameterType call failed - using fallback method instead: java.sql.SQLException: Parameter metadata not available for the given statement
2026-06-17T16:27:18.726+08:00 DEBUG 37112 --- [threat-platform] [           main] o.s.jdbc.core.StatementCreatorUtils      : JDBC getParameterType call failed - using fallback method instead: java.sql.SQLException: Parameter metadata not available for the given statement
2026-06-17T16:27:18.727+08:00 DEBUG 37112 --- [threat-platform] [           main] o.s.jdbc.core.StatementCreatorUtils      : JDBC getParameterType call failed - using fallback method instead: java.sql.SQLException: Parameter metadata not available for the given statement
2026-06-17T16:27:18.728+08:00 DEBUG 37112 --- [threat-platform] [           main] o.s.jdbc.core.JdbcTemplate               : Executing prepared SQL update
2026-06-17T16:27:18.728+08:00 DEBUG 37112 --- [threat-platform] [           main] o.s.jdbc.core.JdbcTemplate               : Executing prepared SQL statement [INSERT INTO asset_fingerprint_rule
(rule_code, name, category, sub_category, protocol, port, banner_regex, vendor, product, version_expr,
 confidence, description, enabled, priority)
SELECT ?, ?, ?, ?, ?, ?, ?, ?, ?, ?, ?, ?, ?, ?
WHERE NOT EXISTS (SELECT 1 FROM asset_fingerprint_rule WHERE rule_code = ?)
]
2026-06-17T16:27:18.728+08:00 DEBUG 37112 --- [threat-platform] [           main] o.s.jdbc.core.StatementCreatorUtils      : JDBC getParameterType call failed - using fallback method instead: java.sql.SQLException: Parameter metadata not available for the given statement
2026-06-17T16:27:18.728+08:00 DEBUG 37112 --- [threat-platform] [           main] o.s.jdbc.core.StatementCreatorUtils      : JDBC getParameterType call failed - using fallback method instead: java.sql.SQLException: Parameter metadata not available for the given statement
2026-06-17T16:27:18.730+08:00 DEBUG 37112 --- [threat-platform] [           main] o.s.jdbc.core.StatementCreatorUtils      : JDBC getParameterType call failed - using fallback method instead: java.sql.SQLException: Parameter metadata not available for the given statement
2026-06-17T16:27:18.731+08:00 DEBUG 37112 --- [threat-platform] [           main] o.s.jdbc.core.JdbcTemplate               : Executing prepared SQL update
2026-06-17T16:27:18.732+08:00 DEBUG 37112 --- [threat-platform] [           main] o.s.jdbc.core.JdbcTemplate               : Executing prepared SQL statement [INSERT INTO asset_fingerprint_rule
(rule_code, name, category, sub_category, protocol, port, banner_regex, vendor, product, version_expr,
 confidence, description, enabled, priority)
SELECT ?, ?, ?, ?, ?, ?, ?, ?, ?, ?, ?, ?, ?, ?
WHERE NOT EXISTS (SELECT 1 FROM asset_fingerprint_rule WHERE rule_code = ?)
]
2026-06-17T16:27:18.732+08:00 DEBUG 37112 --- [threat-platform] [           main] o.s.jdbc.core.StatementCreatorUtils      : JDBC getParameterType call failed - using fallback method instead: java.sql.SQLException: Parameter metadata not available for the given statement
2026-06-17T16:27:18.733+08:00 DEBUG 37112 --- [threat-platform] [           main] o.s.jdbc.core.StatementCreatorUtils      : JDBC getParameterType call failed - using fallback method instead: java.sql.SQLException: Parameter metadata not available for the given statement
2026-06-17T16:27:18.733+08:00 DEBUG 37112 --- [threat-platform] [           main] o.s.jdbc.core.StatementCreatorUtils      : JDBC getParameterType call failed - using fallback method instead: java.sql.SQLException: Parameter metadata not available for the given statement
2026-06-17T16:27:18.735+08:00 DEBUG 37112 --- [threat-platform] [           main] o.s.jdbc.core.JdbcTemplate               : Executing prepared SQL update
2026-06-17T16:27:18.735+08:00 DEBUG 37112 --- [threat-platform] [           main] o.s.jdbc.core.JdbcTemplate               : Executing prepared SQL statement [INSERT INTO asset_fingerprint_rule
(rule_code, name, category, sub_category, protocol, port, banner_regex, vendor, product, version_expr,
 confidence, description, enabled, priority)
SELECT ?, ?, ?, ?, ?, ?, ?, ?, ?, ?, ?, ?, ?, ?
WHERE NOT EXISTS (SELECT 1 FROM asset_fingerprint_rule WHERE rule_code = ?)
]
2026-06-17T16:27:18.735+08:00 DEBUG 37112 --- [threat-platform] [           main] o.s.jdbc.core.StatementCreatorUtils      : JDBC getParameterType call failed - using fallback method instead: java.sql.SQLException: Parameter metadata not available for the given statement
2026-06-17T16:27:18.736+08:00 DEBUG 37112 --- [threat-platform] [           main] o.s.jdbc.core.StatementCreatorUtils      : JDBC getParameterType call failed - using fallback method instead: java.sql.SQLException: Parameter metadata not available for the given statement
2026-06-17T16:27:18.736+08:00 DEBUG 37112 --- [threat-platform] [           main] o.s.jdbc.core.StatementCreatorUtils      : JDBC getParameterType call failed - using fallback method instead: java.sql.SQLException: Parameter metadata not available for the given statement
2026-06-17T16:27:18.737+08:00 DEBUG 37112 --- [threat-platform] [           main] o.s.jdbc.core.JdbcTemplate               : Executing prepared SQL update
2026-06-17T16:27:18.737+08:00 DEBUG 37112 --- [threat-platform] [           main] o.s.jdbc.core.JdbcTemplate               : Executing prepared SQL statement [INSERT INTO asset_fingerprint_rule
(rule_code, name, category, sub_category, protocol, port, banner_regex, vendor, product, version_expr,
 confidence, description, enabled, priority)
SELECT ?, ?, ?, ?, ?, ?, ?, ?, ?, ?, ?, ?, ?, ?
WHERE NOT EXISTS (SELECT 1 FROM asset_fingerprint_rule WHERE rule_code = ?)
]
2026-06-17T16:27:18.738+08:00 DEBUG 37112 --- [threat-platform] [           main] o.s.jdbc.core.StatementCreatorUtils      : JDBC getParameterType call failed - using fallback method instead: java.sql.SQLException: Parameter metadata not available for the given statement
2026-06-17T16:27:18.738+08:00 DEBUG 37112 --- [threat-platform] [           main] o.s.jdbc.core.StatementCreatorUtils      : JDBC getParameterType call failed - using fallback method instead: java.sql.SQLException: Parameter metadata not available for the given statement
2026-06-17T16:27:18.739+08:00 DEBUG 37112 --- [threat-platform] [           main] o.s.jdbc.core.StatementCreatorUtils      : JDBC getParameterType call failed - using fallback method instead: java.sql.SQLException: Parameter metadata not available for the given statement
2026-06-17T16:27:18.741+08:00 DEBUG 37112 --- [threat-platform] [           main] o.s.jdbc.core.JdbcTemplate               : Executing prepared SQL update
2026-06-17T16:27:18.741+08:00 DEBUG 37112 --- [threat-platform] [           main] o.s.jdbc.core.JdbcTemplate               : Executing prepared SQL statement [INSERT INTO asset_fingerprint_rule
(rule_code, name, category, sub_category, protocol, port, banner_regex, vendor, product, version_expr,
 confidence, description, enabled, priority)
SELECT ?, ?, ?, ?, ?, ?, ?, ?, ?, ?, ?, ?, ?, ?
WHERE NOT EXISTS (SELECT 1 FROM asset_fingerprint_rule WHERE rule_code = ?)
]
2026-06-17T16:27:18.742+08:00 DEBUG 37112 --- [threat-platform] [           main] o.s.jdbc.core.StatementCreatorUtils      : JDBC getParameterType call failed - using fallback method instead: java.sql.SQLException: Parameter metadata not available for the given statement
2026-06-17T16:27:18.742+08:00 DEBUG 37112 --- [threat-platform] [           main] o.s.jdbc.core.StatementCreatorUtils      : JDBC getParameterType call failed - using fallback method instead: java.sql.SQLException: Parameter metadata not available for the given statement
2026-06-17T16:27:18.742+08:00 DEBUG 37112 --- [threat-platform] [           main] o.s.jdbc.core.StatementCreatorUtils      : JDBC getParameterType call failed - using fallback method instead: java.sql.SQLException: Parameter metadata not available for the given statement
2026-06-17T16:27:18.744+08:00 DEBUG 37112 --- [threat-platform] [           main] o.s.jdbc.core.JdbcTemplate               : Executing prepared SQL update
2026-06-17T16:27:18.744+08:00 DEBUG 37112 --- [threat-platform] [           main] o.s.jdbc.core.JdbcTemplate               : Executing prepared SQL statement [INSERT INTO asset_fingerprint_rule
(rule_code, name, category, sub_category, protocol, port, banner_regex, vendor, product, version_expr,
 confidence, description, enabled, priority)
SELECT ?, ?, ?, ?, ?, ?, ?, ?, ?, ?, ?, ?, ?, ?
WHERE NOT EXISTS (SELECT 1 FROM asset_fingerprint_rule WHERE rule_code = ?)
]
2026-06-17T16:27:18.745+08:00 DEBUG 37112 --- [threat-platform] [           main] o.s.jdbc.core.StatementCreatorUtils      : JDBC getParameterType call failed - using fallback method instead: java.sql.SQLException: Parameter metadata not available for the given statement
2026-06-17T16:27:18.745+08:00 DEBUG 37112 --- [threat-platform] [           main] o.s.jdbc.core.StatementCreatorUtils      : JDBC getParameterType call failed - using fallback method instead: java.sql.SQLException: Parameter metadata not available for the given statement
2026-06-17T16:27:18.745+08:00 DEBUG 37112 --- [threat-platform] [           main] o.s.jdbc.core.StatementCreatorUtils      : JDBC getParameterType call failed - using fallback method instead: java.sql.SQLException: Parameter metadata not available for the given statement
2026-06-17T16:27:18.747+08:00 DEBUG 37112 --- [threat-platform] [           main] o.s.jdbc.core.JdbcTemplate               : Executing prepared SQL update
2026-06-17T16:27:18.747+08:00 DEBUG 37112 --- [threat-platform] [           main] o.s.jdbc.core.JdbcTemplate               : Executing prepared SQL statement [INSERT INTO asset_fingerprint_rule
(rule_code, name, category, sub_category, protocol, port, banner_regex, vendor, product, version_expr,
 confidence, description, enabled, priority)
SELECT ?, ?, ?, ?, ?, ?, ?, ?, ?, ?, ?, ?, ?, ?
WHERE NOT EXISTS (SELECT 1 FROM asset_fingerprint_rule WHERE rule_code = ?)
]
2026-06-17T16:27:18.748+08:00 DEBUG 37112 --- [threat-platform] [           main] o.s.jdbc.core.StatementCreatorUtils      : JDBC getParameterType call failed - using fallback method instead: java.sql.SQLException: Parameter metadata not available for the given statement
2026-06-17T16:27:18.748+08:00 DEBUG 37112 --- [threat-platform] [           main] o.s.jdbc.core.StatementCreatorUtils      : JDBC getParameterType call failed - using fallback method instead: java.sql.SQLException: Parameter metadata not available for the given statement
2026-06-17T16:27:18.749+08:00 DEBUG 37112 --- [threat-platform] [           main] o.s.jdbc.core.StatementCreatorUtils      : JDBC getParameterType call failed - using fallback method instead: java.sql.SQLException: Parameter metadata not available for the given statement
2026-06-17T16:27:18.750+08:00 DEBUG 37112 --- [threat-platform] [           main] o.s.jdbc.core.JdbcTemplate               : Executing prepared SQL update
2026-06-17T16:27:18.750+08:00 DEBUG 37112 --- [threat-platform] [           main] o.s.jdbc.core.JdbcTemplate               : Executing prepared SQL statement [INSERT INTO asset_fingerprint_rule
(rule_code, name, category, sub_category, protocol, port, banner_regex, vendor, product, version_expr,
 confidence, description, enabled, priority)
SELECT ?, ?, ?, ?, ?, ?, ?, ?, ?, ?, ?, ?, ?, ?
WHERE NOT EXISTS (SELECT 1 FROM asset_fingerprint_rule WHERE rule_code = ?)
]
2026-06-17T16:27:18.751+08:00 DEBUG 37112 --- [threat-platform] [           main] o.s.jdbc.core.StatementCreatorUtils      : JDBC getParameterType call failed - using fallback method instead: java.sql.SQLException: Parameter metadata not available for the given statement
2026-06-17T16:27:18.751+08:00 DEBUG 37112 --- [threat-platform] [           main] o.s.jdbc.core.StatementCreatorUtils      : JDBC getParameterType call failed - using fallback method instead: java.sql.SQLException: Parameter metadata not available for the given statement
2026-06-17T16:27:18.751+08:00 DEBUG 37112 --- [threat-platform] [           main] o.s.jdbc.core.StatementCreatorUtils      : JDBC getParameterType call failed - using fallback method instead: java.sql.SQLException: Parameter metadata not available for the given statement
2026-06-17T16:27:18.753+08:00 DEBUG 37112 --- [threat-platform] [           main] o.s.jdbc.core.JdbcTemplate               : Executing prepared SQL update
2026-06-17T16:27:18.753+08:00 DEBUG 37112 --- [threat-platform] [           main] o.s.jdbc.core.JdbcTemplate               : Executing prepared SQL statement [INSERT INTO asset_fingerprint_rule
(rule_code, name, category, sub_category, protocol, port, banner_regex, vendor, product, version_expr,
 confidence, description, enabled, priority)
SELECT ?, ?, ?, ?, ?, ?, ?, ?, ?, ?, ?, ?, ?, ?
WHERE NOT EXISTS (SELECT 1 FROM asset_fingerprint_rule WHERE rule_code = ?)
]
2026-06-17T16:27:18.754+08:00 DEBUG 37112 --- [threat-platform] [           main] o.s.jdbc.core.StatementCreatorUtils      : JDBC getParameterType call failed - using fallback method instead: java.sql.SQLException: Parameter metadata not available for the given statement
2026-06-17T16:27:18.754+08:00 DEBUG 37112 --- [threat-platform] [           main] o.s.jdbc.core.StatementCreatorUtils      : JDBC getParameterType call failed - using fallback method instead: java.sql.SQLException: Parameter metadata not available for the given statement
2026-06-17T16:27:18.754+08:00 DEBUG 37112 --- [threat-platform] [           main] o.s.jdbc.core.StatementCreatorUtils      : JDBC getParameterType call failed - using fallback method instead: java.sql.SQLException: Parameter metadata not available for the given statement
2026-06-17T16:27:18.755+08:00 DEBUG 37112 --- [threat-platform] [           main] o.s.jdbc.core.JdbcTemplate               : Executing prepared SQL update
2026-06-17T16:27:18.757+08:00 DEBUG 37112 --- [threat-platform] [           main] o.s.jdbc.core.JdbcTemplate               : Executing prepared SQL statement [INSERT INTO asset_fingerprint_rule
(rule_code, name, category, sub_category, protocol, port, banner_regex, vendor, product, version_expr,
 confidence, description, enabled, priority)
SELECT ?, ?, ?, ?, ?, ?, ?, ?, ?, ?, ?, ?, ?, ?
WHERE NOT EXISTS (SELECT 1 FROM asset_fingerprint_rule WHERE rule_code = ?)
]
2026-06-17T16:27:18.757+08:00 DEBUG 37112 --- [threat-platform] [           main] o.s.jdbc.core.StatementCreatorUtils      : JDBC getParameterType call failed - using fallback method instead: java.sql.SQLException: Parameter metadata not available for the given statement
2026-06-17T16:27:18.757+08:00 DEBUG 37112 --- [threat-platform] [           main] o.s.jdbc.core.StatementCreatorUtils      : JDBC getParameterType call failed - using fallback method instead: java.sql.SQLException: Parameter metadata not available for the given statement
2026-06-17T16:27:18.757+08:00 DEBUG 37112 --- [threat-platform] [           main] o.s.jdbc.core.StatementCreatorUtils      : JDBC getParameterType call failed - using fallback method instead: java.sql.SQLException: Parameter metadata not available for the given statement
2026-06-17T16:27:18.760+08:00 DEBUG 37112 --- [threat-platform] [           main] o.s.jdbc.core.JdbcTemplate               : Executing prepared SQL update
2026-06-17T16:27:18.760+08:00 DEBUG 37112 --- [threat-platform] [           main] o.s.jdbc.core.JdbcTemplate               : Executing prepared SQL statement [INSERT INTO asset_fingerprint_rule
(rule_code, name, category, sub_category, protocol, port, banner_regex, vendor, product, version_expr,
 confidence, description, enabled, priority)
SELECT ?, ?, ?, ?, ?, ?, ?, ?, ?, ?, ?, ?, ?, ?
WHERE NOT EXISTS (SELECT 1 FROM asset_fingerprint_rule WHERE rule_code = ?)
]
2026-06-17T16:27:18.760+08:00 DEBUG 37112 --- [threat-platform] [           main] o.s.jdbc.core.StatementCreatorUtils      : JDBC getParameterType call failed - using fallback method instead: java.sql.SQLException: Parameter metadata not available for the given statement
2026-06-17T16:27:18.760+08:00 DEBUG 37112 --- [threat-platform] [           main] o.s.jdbc.core.StatementCreatorUtils      : JDBC getParameterType call failed - using fallback method instead: java.sql.SQLException: Parameter metadata not available for the given statement
2026-06-17T16:27:18.762+08:00 DEBUG 37112 --- [threat-platform] [           main] o.s.jdbc.core.JdbcTemplate               : Executing prepared SQL update
2026-06-17T16:27:18.762+08:00 DEBUG 37112 --- [threat-platform] [           main] o.s.jdbc.core.JdbcTemplate               : Executing prepared SQL statement [INSERT INTO asset_fingerprint_rule
(rule_code, name, category, sub_category, protocol, port, banner_regex, vendor, product, version_expr,
 confidence, description, enabled, priority)
SELECT ?, ?, ?, ?, ?, ?, ?, ?, ?, ?, ?, ?, ?, ?
WHERE NOT EXISTS (SELECT 1 FROM asset_fingerprint_rule WHERE rule_code = ?)
]
2026-06-17T16:27:18.763+08:00 DEBUG 37112 --- [threat-platform] [           main] o.s.jdbc.core.StatementCreatorUtils      : JDBC getParameterType call failed - using fallback method instead: java.sql.SQLException: Parameter metadata not available for the given statement
2026-06-17T16:27:18.763+08:00 DEBUG 37112 --- [threat-platform] [           main] o.s.jdbc.core.StatementCreatorUtils      : JDBC getParameterType call failed - using fallback method instead: java.sql.SQLException: Parameter metadata not available for the given statement
2026-06-17T16:27:18.763+08:00 DEBUG 37112 --- [threat-platform] [           main] o.s.jdbc.core.StatementCreatorUtils      : JDBC getParameterType call failed - using fallback method instead: java.sql.SQLException: Parameter metadata not available for the given statement
2026-06-17T16:27:18.765+08:00 DEBUG 37112 --- [threat-platform] [           main] o.s.jdbc.core.JdbcTemplate               : Executing prepared SQL update
2026-06-17T16:27:18.765+08:00 DEBUG 37112 --- [threat-platform] [           main] o.s.jdbc.core.JdbcTemplate               : Executing prepared SQL statement [INSERT INTO asset_fingerprint_rule
(rule_code, name, category, sub_category, protocol, port, banner_regex, vendor, product, version_expr,
 confidence, description, enabled, priority)
SELECT ?, ?, ?, ?, ?, ?, ?, ?, ?, ?, ?, ?, ?, ?
WHERE NOT EXISTS (SELECT 1 FROM asset_fingerprint_rule WHERE rule_code = ?)
]
2026-06-17T16:27:18.766+08:00 DEBUG 37112 --- [threat-platform] [           main] o.s.jdbc.core.StatementCreatorUtils      : JDBC getParameterType call failed - using fallback method instead: java.sql.SQLException: Parameter metadata not available for the given statement
2026-06-17T16:27:18.766+08:00 DEBUG 37112 --- [threat-platform] [           main] o.s.jdbc.core.StatementCreatorUtils      : JDBC getParameterType call failed - using fallback method instead: java.sql.SQLException: Parameter metadata not available for the given statement
2026-06-17T16:27:18.766+08:00 DEBUG 37112 --- [threat-platform] [           main] o.s.jdbc.core.StatementCreatorUtils      : JDBC getParameterType call failed - using fallback method instead: java.sql.SQLException: Parameter metadata not available for the given statement
2026-06-17T16:27:18.768+08:00 DEBUG 37112 --- [threat-platform] [           main] o.s.jdbc.core.JdbcTemplate               : Executing prepared SQL update
2026-06-17T16:27:18.768+08:00 DEBUG 37112 --- [threat-platform] [           main] o.s.jdbc.core.JdbcTemplate               : Executing prepared SQL statement [INSERT INTO asset_fingerprint_rule
(rule_code, name, category, sub_category, protocol, port, banner_regex, vendor, product, version_expr,
 confidence, description, enabled, priority)
SELECT ?, ?, ?, ?, ?, ?, ?, ?, ?, ?, ?, ?, ?, ?
WHERE NOT EXISTS (SELECT 1 FROM asset_fingerprint_rule WHERE rule_code = ?)
]
2026-06-17T16:27:18.768+08:00 DEBUG 37112 --- [threat-platform] [           main] o.s.jdbc.core.StatementCreatorUtils      : JDBC getParameterType call failed - using fallback method instead: java.sql.SQLException: Parameter metadata not available for the given statement
2026-06-17T16:27:18.770+08:00 DEBUG 37112 --- [threat-platform] [           main] o.s.jdbc.core.StatementCreatorUtils      : JDBC getParameterType call failed - using fallback method instead: java.sql.SQLException: Parameter metadata not available for the given statement
2026-06-17T16:27:18.771+08:00 DEBUG 37112 --- [threat-platform] [           main] o.s.jdbc.core.JdbcTemplate               : Executing prepared SQL update
2026-06-17T16:27:18.771+08:00 DEBUG 37112 --- [threat-platform] [           main] o.s.jdbc.core.JdbcTemplate               : Executing prepared SQL statement [INSERT INTO asset_fingerprint_rule
(rule_code, name, category, sub_category, protocol, port, banner_regex, vendor, product, version_expr,
 confidence, description, enabled, priority)
SELECT ?, ?, ?, ?, ?, ?, ?, ?, ?, ?, ?, ?, ?, ?
WHERE NOT EXISTS (SELECT 1 FROM asset_fingerprint_rule WHERE rule_code = ?)
]
2026-06-17T16:27:18.771+08:00 DEBUG 37112 --- [threat-platform] [           main] o.s.jdbc.core.StatementCreatorUtils      : JDBC getParameterType call failed - using fallback method instead: java.sql.SQLException: Parameter metadata not available for the given statement
2026-06-17T16:27:18.772+08:00 DEBUG 37112 --- [threat-platform] [           main] o.s.jdbc.core.StatementCreatorUtils      : JDBC getParameterType call failed - using fallback method instead: java.sql.SQLException: Parameter metadata not available for the given statement
2026-06-17T16:27:18.772+08:00 DEBUG 37112 --- [threat-platform] [           main] o.s.jdbc.core.StatementCreatorUtils      : JDBC getParameterType call failed - using fallback method instead: java.sql.SQLException: Parameter metadata not available for the given statement
2026-06-17T16:27:18.775+08:00 DEBUG 37112 --- [threat-platform] [           main] o.s.jdbc.core.JdbcTemplate               : Executing prepared SQL update
2026-06-17T16:27:18.775+08:00 DEBUG 37112 --- [threat-platform] [           main] o.s.jdbc.core.JdbcTemplate               : Executing prepared SQL statement [INSERT INTO asset_fingerprint_rule
(rule_code, name, category, sub_category, protocol, port, banner_regex, vendor, product, version_expr,
 confidence, description, enabled, priority)
SELECT ?, ?, ?, ?, ?, ?, ?, ?, ?, ?, ?, ?, ?, ?
WHERE NOT EXISTS (SELECT 1 FROM asset_fingerprint_rule WHERE rule_code = ?)
]
2026-06-17T16:27:18.776+08:00 DEBUG 37112 --- [threat-platform] [           main] o.s.jdbc.core.StatementCreatorUtils      : JDBC getParameterType call failed - using fallback method instead: java.sql.SQLException: Parameter metadata not available for the given statement
2026-06-17T16:27:18.776+08:00 DEBUG 37112 --- [threat-platform] [           main] o.s.jdbc.core.StatementCreatorUtils      : JDBC getParameterType call failed - using fallback method instead: java.sql.SQLException: Parameter metadata not available for the given statement
2026-06-17T16:27:18.776+08:00 DEBUG 37112 --- [threat-platform] [           main] o.s.jdbc.core.StatementCreatorUtils      : JDBC getParameterType call failed - using fallback method instead: java.sql.SQLException: Parameter metadata not available for the given statement
2026-06-17T16:27:18.777+08:00 DEBUG 37112 --- [threat-platform] [           main] o.s.jdbc.core.JdbcTemplate               : Executing prepared SQL update
2026-06-17T16:27:18.778+08:00 DEBUG 37112 --- [threat-platform] [           main] o.s.jdbc.core.JdbcTemplate               : Executing prepared SQL statement [INSERT INTO asset_fingerprint_rule
(rule_code, name, category, sub_category, protocol, port, banner_regex, vendor, product, version_expr,
 confidence, description, enabled, priority)
SELECT ?, ?, ?, ?, ?, ?, ?, ?, ?, ?, ?, ?, ?, ?
WHERE NOT EXISTS (SELECT 1 FROM asset_fingerprint_rule WHERE rule_code = ?)
]
2026-06-17T16:27:18.779+08:00 DEBUG 37112 --- [threat-platform] [           main] o.s.jdbc.core.StatementCreatorUtils      : JDBC getParameterType call failed - using fallback method instead: java.sql.SQLException: Parameter metadata not available for the given statement
2026-06-17T16:27:18.779+08:00 DEBUG 37112 --- [threat-platform] [           main] o.s.jdbc.core.StatementCreatorUtils      : JDBC getParameterType call failed - using fallback method instead: java.sql.SQLException: Parameter metadata not available for the given statement
2026-06-17T16:27:18.779+08:00 DEBUG 37112 --- [threat-platform] [           main] o.s.jdbc.core.StatementCreatorUtils      : JDBC getParameterType call failed - using fallback method instead: java.sql.SQLException: Parameter metadata not available for the given statement
2026-06-17T16:27:18.781+08:00 DEBUG 37112 --- [threat-platform] [           main] o.s.jdbc.core.JdbcTemplate               : Executing prepared SQL update
2026-06-17T16:27:18.781+08:00 DEBUG 37112 --- [threat-platform] [           main] o.s.jdbc.core.JdbcTemplate               : Executing prepared SQL statement [INSERT INTO asset_fingerprint_rule
(rule_code, name, category, sub_category, protocol, port, banner_regex, vendor, product, version_expr,
 confidence, description, enabled, priority)
SELECT ?, ?, ?, ?, ?, ?, ?, ?, ?, ?, ?, ?, ?, ?
WHERE NOT EXISTS (SELECT 1 FROM asset_fingerprint_rule WHERE rule_code = ?)
]
2026-06-17T16:27:18.781+08:00 DEBUG 37112 --- [threat-platform] [           main] o.s.jdbc.core.StatementCreatorUtils      : JDBC getParameterType call failed - using fallback method instead: java.sql.SQLException: Parameter metadata not available for the given statement
2026-06-17T16:27:18.782+08:00 DEBUG 37112 --- [threat-platform] [           main] o.s.jdbc.core.StatementCreatorUtils      : JDBC getParameterType call failed - using fallback method instead: java.sql.SQLException: Parameter metadata not available for the given statement
2026-06-17T16:27:18.782+08:00 DEBUG 37112 --- [threat-platform] [           main] o.s.jdbc.core.StatementCreatorUtils      : JDBC getParameterType call failed - using fallback method instead: java.sql.SQLException: Parameter metadata not available for the given statement
2026-06-17T16:27:18.784+08:00 DEBUG 37112 --- [threat-platform] [           main] o.s.jdbc.core.JdbcTemplate               : Executing prepared SQL update
2026-06-17T16:27:18.784+08:00 DEBUG 37112 --- [threat-platform] [           main] o.s.jdbc.core.JdbcTemplate               : Executing prepared SQL statement [INSERT INTO asset_fingerprint_rule
(rule_code, name, category, sub_category, protocol, port, banner_regex, vendor, product, version_expr,
 confidence, description, enabled, priority)
SELECT ?, ?, ?, ?, ?, ?, ?, ?, ?, ?, ?, ?, ?, ?
WHERE NOT EXISTS (SELECT 1 FROM asset_fingerprint_rule WHERE rule_code = ?)
]
2026-06-17T16:27:18.784+08:00 DEBUG 37112 --- [threat-platform] [           main] o.s.jdbc.core.StatementCreatorUtils      : JDBC getParameterType call failed - using fallback method instead: java.sql.SQLException: Parameter metadata not available for the given statement
2026-06-17T16:27:18.784+08:00 DEBUG 37112 --- [threat-platform] [           main] o.s.jdbc.core.StatementCreatorUtils      : JDBC getParameterType call failed - using fallback method instead: java.sql.SQLException: Parameter metadata not available for the given statement
2026-06-17T16:27:18.786+08:00 DEBUG 37112 --- [threat-platform] [           main] o.s.jdbc.core.JdbcTemplate               : Executing prepared SQL update
2026-06-17T16:27:18.787+08:00 DEBUG 37112 --- [threat-platform] [           main] o.s.jdbc.core.JdbcTemplate               : Executing prepared SQL statement [INSERT INTO asset_fingerprint_rule
(rule_code, name, category, sub_category, protocol, port, banner_regex, vendor, product, version_expr,
 confidence, description, enabled, priority)
SELECT ?, ?, ?, ?, ?, ?, ?, ?, ?, ?, ?, ?, ?, ?
WHERE NOT EXISTS (SELECT 1 FROM asset_fingerprint_rule WHERE rule_code = ?)
]
2026-06-17T16:27:18.788+08:00 DEBUG 37112 --- [threat-platform] [           main] o.s.jdbc.core.StatementCreatorUtils      : JDBC getParameterType call failed - using fallback method instead: java.sql.SQLException: Parameter metadata not available for the given statement
2026-06-17T16:27:18.788+08:00 DEBUG 37112 --- [threat-platform] [           main] o.s.jdbc.core.StatementCreatorUtils      : JDBC getParameterType call failed - using fallback method instead: java.sql.SQLException: Parameter metadata not available for the given statement
2026-06-17T16:27:18.788+08:00 DEBUG 37112 --- [threat-platform] [           main] o.s.jdbc.core.StatementCreatorUtils      : JDBC getParameterType call failed - using fallback method instead: java.sql.SQLException: Parameter metadata not available for the given statement
2026-06-17T16:27:18.790+08:00 DEBUG 37112 --- [threat-platform] [           main] o.s.jdbc.core.JdbcTemplate               : Executing prepared SQL update
2026-06-17T16:27:18.790+08:00 DEBUG 37112 --- [threat-platform] [           main] o.s.jdbc.core.JdbcTemplate               : Executing prepared SQL statement [INSERT INTO asset_fingerprint_rule
(rule_code, name, category, sub_category, protocol, port, banner_regex, vendor, product, version_expr,
 confidence, description, enabled, priority)
SELECT ?, ?, ?, ?, ?, ?, ?, ?, ?, ?, ?, ?, ?, ?
WHERE NOT EXISTS (SELECT 1 FROM asset_fingerprint_rule WHERE rule_code = ?)
]
2026-06-17T16:27:18.790+08:00 DEBUG 37112 --- [threat-platform] [           main] o.s.jdbc.core.StatementCreatorUtils      : JDBC getParameterType call failed - using fallback method instead: java.sql.SQLException: Parameter metadata not available for the given statement
2026-06-17T16:27:18.790+08:00 DEBUG 37112 --- [threat-platform] [           main] o.s.jdbc.core.StatementCreatorUtils      : JDBC getParameterType call failed - using fallback method instead: java.sql.SQLException: Parameter metadata not available for the given statement
2026-06-17T16:27:18.790+08:00 DEBUG 37112 --- [threat-platform] [           main] o.s.jdbc.core.StatementCreatorUtils      : JDBC getParameterType call failed - using fallback method instead: java.sql.SQLException: Parameter metadata not available for the given statement
2026-06-17T16:27:18.793+08:00 DEBUG 37112 --- [threat-platform] [           main] o.s.jdbc.core.JdbcTemplate               : Executing prepared SQL update
2026-06-17T16:27:18.794+08:00 DEBUG 37112 --- [threat-platform] [           main] o.s.jdbc.core.JdbcTemplate               : Executing prepared SQL statement [INSERT INTO asset_fingerprint_rule
(rule_code, name, category, sub_category, protocol, port, banner_regex, vendor, product, version_expr,
 confidence, description, enabled, priority)
SELECT ?, ?, ?, ?, ?, ?, ?, ?, ?, ?, ?, ?, ?, ?
WHERE NOT EXISTS (SELECT 1 FROM asset_fingerprint_rule WHERE rule_code = ?)
]
2026-06-17T16:27:18.794+08:00 DEBUG 37112 --- [threat-platform] [           main] o.s.jdbc.core.StatementCreatorUtils      : JDBC getParameterType call failed - using fallback method instead: java.sql.SQLException: Parameter metadata not available for the given statement
2026-06-17T16:27:18.794+08:00 DEBUG 37112 --- [threat-platform] [           main] o.s.jdbc.core.StatementCreatorUtils      : JDBC getParameterType call failed - using fallback method instead: java.sql.SQLException: Parameter metadata not available for the given statement
2026-06-17T16:27:18.795+08:00 DEBUG 37112 --- [threat-platform] [           main] o.s.jdbc.core.StatementCreatorUtils      : JDBC getParameterType call failed - using fallback method instead: java.sql.SQLException: Parameter metadata not available for the given statement
2026-06-17T16:27:18.797+08:00 DEBUG 37112 --- [threat-platform] [           main] o.s.jdbc.core.JdbcTemplate               : Executing prepared SQL update
2026-06-17T16:27:18.797+08:00 DEBUG 37112 --- [threat-platform] [           main] o.s.jdbc.core.JdbcTemplate               : Executing prepared SQL statement [INSERT INTO asset_fingerprint_rule
(rule_code, name, category, sub_category, protocol, port, banner_regex, vendor, product, version_expr,
 confidence, description, enabled, priority)
SELECT ?, ?, ?, ?, ?, ?, ?, ?, ?, ?, ?, ?, ?, ?
WHERE NOT EXISTS (SELECT 1 FROM asset_fingerprint_rule WHERE rule_code = ?)
]
2026-06-17T16:27:18.797+08:00 DEBUG 37112 --- [threat-platform] [           main] o.s.jdbc.core.StatementCreatorUtils      : JDBC getParameterType call failed - using fallback method instead: java.sql.SQLException: Parameter metadata not available for the given statement
2026-06-17T16:27:18.797+08:00 DEBUG 37112 --- [threat-platform] [           main] o.s.jdbc.core.StatementCreatorUtils      : JDBC getParameterType call failed - using fallback method instead: java.sql.SQLException: Parameter metadata not available for the given statement
2026-06-17T16:27:18.798+08:00 DEBUG 37112 --- [threat-platform] [           main] o.s.jdbc.core.StatementCreatorUtils      : JDBC getParameterType call failed - using fallback method instead: java.sql.SQLException: Parameter metadata not available for the given statement
2026-06-17T16:27:18.799+08:00 DEBUG 37112 --- [threat-platform] [           main] o.s.jdbc.core.JdbcTemplate               : Executing prepared SQL update
2026-06-17T16:27:18.800+08:00 DEBUG 37112 --- [threat-platform] [           main] o.s.jdbc.core.JdbcTemplate               : Executing prepared SQL statement [INSERT INTO asset_fingerprint_rule
(rule_code, name, category, sub_category, protocol, port, banner_regex, vendor, product, version_expr,
 confidence, description, enabled, priority)
SELECT ?, ?, ?, ?, ?, ?, ?, ?, ?, ?, ?, ?, ?, ?
WHERE NOT EXISTS (SELECT 1 FROM asset_fingerprint_rule WHERE rule_code = ?)
]
2026-06-17T16:27:18.801+08:00 DEBUG 37112 --- [threat-platform] [           main] o.s.jdbc.core.StatementCreatorUtils      : JDBC getParameterType call failed - using fallback method instead: java.sql.SQLException: Parameter metadata not available for the given statement
2026-06-17T16:27:18.801+08:00 DEBUG 37112 --- [threat-platform] [           main] o.s.jdbc.core.StatementCreatorUtils      : JDBC getParameterType call failed - using fallback method instead: java.sql.SQLException: Parameter metadata not available for the given statement
2026-06-17T16:27:18.801+08:00 DEBUG 37112 --- [threat-platform] [           main] o.s.jdbc.core.StatementCreatorUtils      : JDBC getParameterType call failed - using fallback method instead: java.sql.SQLException: Parameter metadata not available for the given statement
2026-06-17T16:27:18.803+08:00 DEBUG 37112 --- [threat-platform] [           main] o.s.jdbc.core.JdbcTemplate               : Executing prepared SQL update
2026-06-17T16:27:18.804+08:00 DEBUG 37112 --- [threat-platform] [           main] o.s.jdbc.core.JdbcTemplate               : Executing prepared SQL statement [INSERT INTO asset_fingerprint_rule
(rule_code, name, category, sub_category, protocol, port, banner_regex, vendor, product, version_expr,
 confidence, description, enabled, priority)
SELECT ?, ?, ?, ?, ?, ?, ?, ?, ?, ?, ?, ?, ?, ?
WHERE NOT EXISTS (SELECT 1 FROM asset_fingerprint_rule WHERE rule_code = ?)
]
2026-06-17T16:27:18.804+08:00 DEBUG 37112 --- [threat-platform] [           main] o.s.jdbc.core.StatementCreatorUtils      : JDBC getParameterType call failed - using fallback method instead: java.sql.SQLException: Parameter metadata not available for the given statement
2026-06-17T16:27:18.804+08:00 DEBUG 37112 --- [threat-platform] [           main] o.s.jdbc.core.StatementCreatorUtils      : JDBC getParameterType call failed - using fallback method instead: java.sql.SQLException: Parameter metadata not available for the given statement
2026-06-17T16:27:18.805+08:00 DEBUG 37112 --- [threat-platform] [           main] o.s.jdbc.core.StatementCreatorUtils      : JDBC getParameterType call failed - using fallback method instead: java.sql.SQLException: Parameter metadata not available for the given statement
2026-06-17T16:27:18.806+08:00 DEBUG 37112 --- [threat-platform] [           main] o.s.jdbc.core.JdbcTemplate               : Executing prepared SQL update
2026-06-17T16:27:18.806+08:00 DEBUG 37112 --- [threat-platform] [           main] o.s.jdbc.core.JdbcTemplate               : Executing prepared SQL statement [INSERT INTO asset_fingerprint_rule
(rule_code, name, category, sub_category, protocol, port, banner_regex, vendor, product, version_expr,
 confidence, description, enabled, priority)
SELECT ?, ?, ?, ?, ?, ?, ?, ?, ?, ?, ?, ?, ?, ?
WHERE NOT EXISTS (SELECT 1 FROM asset_fingerprint_rule WHERE rule_code = ?)
]
2026-06-17T16:27:18.806+08:00 DEBUG 37112 --- [threat-platform] [           main] o.s.jdbc.core.StatementCreatorUtils      : JDBC getParameterType call failed - using fallback method instead: java.sql.SQLException: Parameter metadata not available for the given statement
2026-06-17T16:27:18.806+08:00 DEBUG 37112 --- [threat-platform] [           main] o.s.jdbc.core.StatementCreatorUtils      : JDBC getParameterType call failed - using fallback method instead: java.sql.SQLException: Parameter metadata not available for the given statement
2026-06-17T16:27:18.808+08:00 DEBUG 37112 --- [threat-platform] [           main] o.s.jdbc.core.StatementCreatorUtils      : JDBC getParameterType call failed - using fallback method instead: java.sql.SQLException: Parameter metadata not available for the given statement
2026-06-17T16:27:18.810+08:00 DEBUG 37112 --- [threat-platform] [           main] o.s.jdbc.core.JdbcTemplate               : Executing prepared SQL update
2026-06-17T16:27:18.810+08:00 DEBUG 37112 --- [threat-platform] [           main] o.s.jdbc.core.JdbcTemplate               : Executing prepared SQL statement [INSERT INTO asset_fingerprint_rule
(rule_code, name, category, sub_category, protocol, port, banner_regex, vendor, product, version_expr,
 confidence, description, enabled, priority)
SELECT ?, ?, ?, ?, ?, ?, ?, ?, ?, ?, ?, ?, ?, ?
WHERE NOT EXISTS (SELECT 1 FROM asset_fingerprint_rule WHERE rule_code = ?)
]
2026-06-17T16:27:18.810+08:00 DEBUG 37112 --- [threat-platform] [           main] o.s.jdbc.core.StatementCreatorUtils      : JDBC getParameterType call failed - using fallback method instead: java.sql.SQLException: Parameter metadata not available for the given statement
2026-06-17T16:27:18.810+08:00 DEBUG 37112 --- [threat-platform] [           main] o.s.jdbc.core.StatementCreatorUtils      : JDBC getParameterType call failed - using fallback method instead: java.sql.SQLException: Parameter metadata not available for the given statement
2026-06-17T16:27:18.813+08:00 DEBUG 37112 --- [threat-platform] [           main] o.s.jdbc.core.JdbcTemplate               : Executing prepared SQL update
2026-06-17T16:27:18.813+08:00 DEBUG 37112 --- [threat-platform] [           main] o.s.jdbc.core.JdbcTemplate               : Executing prepared SQL statement [INSERT INTO asset_fingerprint_rule
(rule_code, name, category, sub_category, protocol, port, banner_regex, vendor, product, version_expr,
 confidence, description, enabled, priority)
SELECT ?, ?, ?, ?, ?, ?, ?, ?, ?, ?, ?, ?, ?, ?
WHERE NOT EXISTS (SELECT 1 FROM asset_fingerprint_rule WHERE rule_code = ?)
]
2026-06-17T16:27:18.813+08:00 DEBUG 37112 --- [threat-platform] [           main] o.s.jdbc.core.StatementCreatorUtils      : JDBC getParameterType call failed - using fallback method instead: java.sql.SQLException: Parameter metadata not available for the given statement
2026-06-17T16:27:18.813+08:00 DEBUG 37112 --- [threat-platform] [           main] o.s.jdbc.core.StatementCreatorUtils      : JDBC getParameterType call failed - using fallback method instead: java.sql.SQLException: Parameter metadata not available for the given statement
2026-06-17T16:27:18.814+08:00 DEBUG 37112 --- [threat-platform] [           main] o.s.jdbc.core.JdbcTemplate               : Executing prepared SQL update
2026-06-17T16:27:18.814+08:00 DEBUG 37112 --- [threat-platform] [           main] o.s.jdbc.core.JdbcTemplate               : Executing prepared SQL statement [INSERT INTO asset_fingerprint_rule
(rule_code, name, category, sub_category, protocol, port, banner_regex, vendor, product, version_expr,
 confidence, description, enabled, priority)
SELECT ?, ?, ?, ?, ?, ?, ?, ?, ?, ?, ?, ?, ?, ?
WHERE NOT EXISTS (SELECT 1 FROM asset_fingerprint_rule WHERE rule_code = ?)
]
2026-06-17T16:27:18.815+08:00 DEBUG 37112 --- [threat-platform] [           main] o.s.jdbc.core.StatementCreatorUtils      : JDBC getParameterType call failed - using fallback method instead: java.sql.SQLException: Parameter metadata not available for the given statement
2026-06-17T16:27:18.815+08:00 DEBUG 37112 --- [threat-platform] [           main] o.s.jdbc.core.StatementCreatorUtils      : JDBC getParameterType call failed - using fallback method instead: java.sql.SQLException: Parameter metadata not available for the given statement
2026-06-17T16:27:18.815+08:00 DEBUG 37112 --- [threat-platform] [           main] o.s.jdbc.core.StatementCreatorUtils      : JDBC getParameterType call failed - using fallback method instead: java.sql.SQLException: Parameter metadata not available for the given statement
2026-06-17T16:27:18.818+08:00 DEBUG 37112 --- [threat-platform] [           main] o.s.jdbc.core.JdbcTemplate               : Executing prepared SQL update
2026-06-17T16:27:18.818+08:00 DEBUG 37112 --- [threat-platform] [           main] o.s.jdbc.core.JdbcTemplate               : Executing prepared SQL statement [INSERT INTO asset_fingerprint_rule
(rule_code, name, category, sub_category, protocol, port, banner_regex, vendor, product, version_expr,
 confidence, description, enabled, priority)
SELECT ?, ?, ?, ?, ?, ?, ?, ?, ?, ?, ?, ?, ?, ?
WHERE NOT EXISTS (SELECT 1 FROM asset_fingerprint_rule WHERE rule_code = ?)
]
2026-06-17T16:27:18.818+08:00 DEBUG 37112 --- [threat-platform] [           main] o.s.jdbc.core.StatementCreatorUtils      : JDBC getParameterType call failed - using fallback method instead: java.sql.SQLException: Parameter metadata not available for the given statement
2026-06-17T16:27:18.818+08:00 DEBUG 37112 --- [threat-platform] [           main] o.s.jdbc.core.StatementCreatorUtils      : JDBC getParameterType call failed - using fallback method instead: java.sql.SQLException: Parameter metadata not available for the given statement
2026-06-17T16:27:18.819+08:00 DEBUG 37112 --- [threat-platform] [           main] o.s.jdbc.core.StatementCreatorUtils      : JDBC getParameterType call failed - using fallback method instead: java.sql.SQLException: Parameter metadata not available for the given statement
2026-06-17T16:27:18.821+08:00 DEBUG 37112 --- [threat-platform] [           main] o.s.jdbc.core.JdbcTemplate               : Executing prepared SQL update
2026-06-17T16:27:18.821+08:00 DEBUG 37112 --- [threat-platform] [           main] o.s.jdbc.core.JdbcTemplate               : Executing prepared SQL statement [INSERT INTO asset_fingerprint_rule
(rule_code, name, category, sub_category, protocol, port, banner_regex, vendor, product, version_expr,
 confidence, description, enabled, priority)
SELECT ?, ?, ?, ?, ?, ?, ?, ?, ?, ?, ?, ?, ?, ?
WHERE NOT EXISTS (SELECT 1 FROM asset_fingerprint_rule WHERE rule_code = ?)
]
2026-06-17T16:27:18.821+08:00 DEBUG 37112 --- [threat-platform] [           main] o.s.jdbc.core.StatementCreatorUtils      : JDBC getParameterType call failed - using fallback method instead: java.sql.SQLException: Parameter metadata not available for the given statement
2026-06-17T16:27:18.821+08:00 DEBUG 37112 --- [threat-platform] [           main] o.s.jdbc.core.StatementCreatorUtils      : JDBC getParameterType call failed - using fallback method instead: java.sql.SQLException: Parameter metadata not available for the given statement
2026-06-17T16:27:18.821+08:00 DEBUG 37112 --- [threat-platform] [           main] o.s.jdbc.core.StatementCreatorUtils      : JDBC getParameterType call failed - using fallback method instead: java.sql.SQLException: Parameter metadata not available for the given statement
2026-06-17T16:27:18.824+08:00 DEBUG 37112 --- [threat-platform] [           main] o.s.jdbc.core.JdbcTemplate               : Executing prepared SQL update
2026-06-17T16:27:18.824+08:00 DEBUG 37112 --- [threat-platform] [           main] o.s.jdbc.core.JdbcTemplate               : Executing prepared SQL statement [INSERT INTO asset_fingerprint_rule
(rule_code, name, category, sub_category, protocol, port, banner_regex, vendor, product, version_expr,
 confidence, description, enabled, priority)
SELECT ?, ?, ?, ?, ?, ?, ?, ?, ?, ?, ?, ?, ?, ?
WHERE NOT EXISTS (SELECT 1 FROM asset_fingerprint_rule WHERE rule_code = ?)
]
2026-06-17T16:27:18.824+08:00 DEBUG 37112 --- [threat-platform] [           main] o.s.jdbc.core.StatementCreatorUtils      : JDBC getParameterType call failed - using fallback method instead: java.sql.SQLException: Parameter metadata not available for the given statement
2026-06-17T16:27:18.825+08:00 DEBUG 37112 --- [threat-platform] [           main] o.s.jdbc.core.StatementCreatorUtils      : JDBC getParameterType call failed - using fallback method instead: java.sql.SQLException: Parameter metadata not available for the given statement
2026-06-17T16:27:18.825+08:00 DEBUG 37112 --- [threat-platform] [           main] o.s.jdbc.core.StatementCreatorUtils      : JDBC getParameterType call failed - using fallback method instead: java.sql.SQLException: Parameter metadata not available for the given statement
2026-06-17T16:27:18.827+08:00 DEBUG 37112 --- [threat-platform] [           main] o.s.jdbc.core.JdbcTemplate               : Executing prepared SQL update
2026-06-17T16:27:18.827+08:00 DEBUG 37112 --- [threat-platform] [           main] o.s.jdbc.core.JdbcTemplate               : Executing prepared SQL statement [INSERT INTO asset_fingerprint_rule
(rule_code, name, category, sub_category, protocol, port, banner_regex, vendor, product, version_expr,
 confidence, description, enabled, priority)
SELECT ?, ?, ?, ?, ?, ?, ?, ?, ?, ?, ?, ?, ?, ?
WHERE NOT EXISTS (SELECT 1 FROM asset_fingerprint_rule WHERE rule_code = ?)
]
2026-06-17T16:27:18.827+08:00 DEBUG 37112 --- [threat-platform] [           main] o.s.jdbc.core.StatementCreatorUtils      : JDBC getParameterType call failed - using fallback method instead: java.sql.SQLException: Parameter metadata not available for the given statement
2026-06-17T16:27:18.827+08:00 DEBUG 37112 --- [threat-platform] [           main] o.s.jdbc.core.StatementCreatorUtils      : JDBC getParameterType call failed - using fallback method instead: java.sql.SQLException: Parameter metadata not available for the given statement
2026-06-17T16:27:18.829+08:00 DEBUG 37112 --- [threat-platform] [           main] o.s.jdbc.core.JdbcTemplate               : Executing prepared SQL update
2026-06-17T16:27:18.830+08:00 DEBUG 37112 --- [threat-platform] [           main] o.s.jdbc.core.JdbcTemplate               : Executing prepared SQL statement [INSERT INTO asset_fingerprint_rule
(rule_code, name, category, sub_category, protocol, port, banner_regex, vendor, product, version_expr,
 confidence, description, enabled, priority)
SELECT ?, ?, ?, ?, ?, ?, ?, ?, ?, ?, ?, ?, ?, ?
WHERE NOT EXISTS (SELECT 1 FROM asset_fingerprint_rule WHERE rule_code = ?)
]
2026-06-17T16:27:18.830+08:00 DEBUG 37112 --- [threat-platform] [           main] o.s.jdbc.core.StatementCreatorUtils      : JDBC getParameterType call failed - using fallback method instead: java.sql.SQLException: Parameter metadata not available for the given statement
2026-06-17T16:27:18.830+08:00 DEBUG 37112 --- [threat-platform] [           main] o.s.jdbc.core.StatementCreatorUtils      : JDBC getParameterType call failed - using fallback method instead: java.sql.SQLException: Parameter metadata not available for the given statement
2026-06-17T16:27:18.832+08:00 DEBUG 37112 --- [threat-platform] [           main] o.s.jdbc.core.JdbcTemplate               : Executing prepared SQL update
2026-06-17T16:27:18.832+08:00 DEBUG 37112 --- [threat-platform] [           main] o.s.jdbc.core.JdbcTemplate               : Executing prepared SQL statement [INSERT INTO asset_fingerprint_rule
(rule_code, name, category, sub_category, protocol, port, banner_regex, vendor, product, version_expr,
 confidence, description, enabled, priority)
SELECT ?, ?, ?, ?, ?, ?, ?, ?, ?, ?, ?, ?, ?, ?
WHERE NOT EXISTS (SELECT 1 FROM asset_fingerprint_rule WHERE rule_code = ?)
]
2026-06-17T16:27:18.833+08:00 DEBUG 37112 --- [threat-platform] [           main] o.s.jdbc.core.StatementCreatorUtils      : JDBC getParameterType call failed - using fallback method instead: java.sql.SQLException: Parameter metadata not available for the given statement
2026-06-17T16:27:18.833+08:00 DEBUG 37112 --- [threat-platform] [           main] o.s.jdbc.core.StatementCreatorUtils      : JDBC getParameterType call failed - using fallback method instead: java.sql.SQLException: Parameter metadata not available for the given statement
2026-06-17T16:27:18.833+08:00 DEBUG 37112 --- [threat-platform] [           main] o.s.jdbc.core.StatementCreatorUtils      : JDBC getParameterType call failed - using fallback method instead: java.sql.SQLException: Parameter metadata not available for the given statement
2026-06-17T16:27:18.835+08:00 DEBUG 37112 --- [threat-platform] [           main] o.s.jdbc.core.JdbcTemplate               : Executing prepared SQL update
2026-06-17T16:27:18.835+08:00 DEBUG 37112 --- [threat-platform] [           main] o.s.jdbc.core.JdbcTemplate               : Executing prepared SQL statement [INSERT INTO asset_fingerprint_rule
(rule_code, name, category, sub_category, protocol, port, banner_regex, vendor, product, version_expr,
 confidence, description, enabled, priority)
SELECT ?, ?, ?, ?, ?, ?, ?, ?, ?, ?, ?, ?, ?, ?
WHERE NOT EXISTS (SELECT 1 FROM asset_fingerprint_rule WHERE rule_code = ?)
]
2026-06-17T16:27:18.836+08:00 DEBUG 37112 --- [threat-platform] [           main] o.s.jdbc.core.StatementCreatorUtils      : JDBC getParameterType call failed - using fallback method instead: java.sql.SQLException: Parameter metadata not available for the given statement
2026-06-17T16:27:18.836+08:00 DEBUG 37112 --- [threat-platform] [           main] o.s.jdbc.core.StatementCreatorUtils      : JDBC getParameterType call failed - using fallback method instead: java.sql.SQLException: Parameter metadata not available for the given statement
2026-06-17T16:27:18.836+08:00 DEBUG 37112 --- [threat-platform] [           main] o.s.jdbc.core.StatementCreatorUtils      : JDBC getParameterType call failed - using fallback method instead: java.sql.SQLException: Parameter metadata not available for the given statement
2026-06-17T16:27:18.842+08:00 DEBUG 37112 --- [threat-platform] [           main] o.s.jdbc.core.JdbcTemplate               : Executing prepared SQL update
2026-06-17T16:27:18.843+08:00 DEBUG 37112 --- [threat-platform] [           main] o.s.jdbc.core.JdbcTemplate               : Executing prepared SQL statement [INSERT INTO asset_fingerprint_rule
(rule_code, name, category, sub_category, protocol, port, banner_regex, vendor, product, version_expr,
 confidence, description, enabled, priority)
SELECT ?, ?, ?, ?, ?, ?, ?, ?, ?, ?, ?, ?, ?, ?
WHERE NOT EXISTS (SELECT 1 FROM asset_fingerprint_rule WHERE rule_code = ?)
]
2026-06-17T16:27:18.843+08:00 DEBUG 37112 --- [threat-platform] [           main] o.s.jdbc.core.StatementCreatorUtils      : JDBC getParameterType call failed - using fallback method instead: java.sql.SQLException: Parameter metadata not available for the given statement
2026-06-17T16:27:18.844+08:00 DEBUG 37112 --- [threat-platform] [           main] o.s.jdbc.core.StatementCreatorUtils      : JDBC getParameterType call failed - using fallback method instead: java.sql.SQLException: Parameter metadata not available for the given statement
2026-06-17T16:27:18.844+08:00 DEBUG 37112 --- [threat-platform] [           main] o.s.jdbc.core.StatementCreatorUtils      : JDBC getParameterType call failed - using fallback method instead: java.sql.SQLException: Parameter metadata not available for the given statement
2026-06-17T16:27:18.845+08:00 DEBUG 37112 --- [threat-platform] [           main] o.s.jdbc.core.JdbcTemplate               : Executing prepared SQL update
2026-06-17T16:27:18.845+08:00 DEBUG 37112 --- [threat-platform] [           main] o.s.jdbc.core.JdbcTemplate               : Executing prepared SQL statement [INSERT INTO asset_fingerprint_rule
(rule_code, name, category, sub_category, protocol, port, banner_regex, vendor, product, version_expr,
 confidence, description, enabled, priority)
SELECT ?, ?, ?, ?, ?, ?, ?, ?, ?, ?, ?, ?, ?, ?
WHERE NOT EXISTS (SELECT 1 FROM asset_fingerprint_rule WHERE rule_code = ?)
]
2026-06-17T16:27:18.846+08:00 DEBUG 37112 --- [threat-platform] [           main] o.s.jdbc.core.StatementCreatorUtils      : JDBC getParameterType call failed - using fallback method instead: java.sql.SQLException: Parameter metadata not available for the given statement
2026-06-17T16:27:18.846+08:00 DEBUG 37112 --- [threat-platform] [           main] o.s.jdbc.core.StatementCreatorUtils      : JDBC getParameterType call failed - using fallback method instead: java.sql.SQLException: Parameter metadata not available for the given statement
2026-06-17T16:27:18.846+08:00 DEBUG 37112 --- [threat-platform] [           main] o.s.jdbc.core.StatementCreatorUtils      : JDBC getParameterType call failed - using fallback method instead: java.sql.SQLException: Parameter metadata not available for the given statement
2026-06-17T16:27:18.848+08:00 DEBUG 37112 --- [threat-platform] [           main] o.s.jdbc.core.JdbcTemplate               : Executing prepared SQL update
2026-06-17T16:27:18.848+08:00 DEBUG 37112 --- [threat-platform] [           main] o.s.jdbc.core.JdbcTemplate               : Executing prepared SQL statement [INSERT INTO asset_fingerprint_rule
(rule_code, name, category, sub_category, protocol, port, banner_regex, vendor, product, version_expr,
 confidence, description, enabled, priority)
SELECT ?, ?, ?, ?, ?, ?, ?, ?, ?, ?, ?, ?, ?, ?
WHERE NOT EXISTS (SELECT 1 FROM asset_fingerprint_rule WHERE rule_code = ?)
]
2026-06-17T16:27:18.849+08:00 DEBUG 37112 --- [threat-platform] [           main] o.s.jdbc.core.StatementCreatorUtils      : JDBC getParameterType call failed - using fallback method instead: java.sql.SQLException: Parameter metadata not available for the given statement
2026-06-17T16:27:18.849+08:00 DEBUG 37112 --- [threat-platform] [           main] o.s.jdbc.core.StatementCreatorUtils      : JDBC getParameterType call failed - using fallback method instead: java.sql.SQLException: Parameter metadata not available for the given statement
2026-06-17T16:27:18.849+08:00 DEBUG 37112 --- [threat-platform] [           main] o.s.jdbc.core.StatementCreatorUtils      : JDBC getParameterType call failed - using fallback method instead: java.sql.SQLException: Parameter metadata not available for the given statement
2026-06-17T16:27:18.851+08:00 DEBUG 37112 --- [threat-platform] [           main] o.s.jdbc.core.JdbcTemplate               : Executing prepared SQL update
2026-06-17T16:27:18.851+08:00 DEBUG 37112 --- [threat-platform] [           main] o.s.jdbc.core.JdbcTemplate               : Executing prepared SQL statement [INSERT INTO asset_fingerprint_rule
(rule_code, name, category, sub_category, protocol, port, banner_regex, vendor, product, version_expr,
 confidence, description, enabled, priority)
SELECT ?, ?, ?, ?, ?, ?, ?, ?, ?, ?, ?, ?, ?, ?
WHERE NOT EXISTS (SELECT 1 FROM asset_fingerprint_rule WHERE rule_code = ?)
]
2026-06-17T16:27:18.852+08:00 DEBUG 37112 --- [threat-platform] [           main] o.s.jdbc.core.StatementCreatorUtils      : JDBC getParameterType call failed - using fallback method instead: java.sql.SQLException: Parameter metadata not available for the given statement
2026-06-17T16:27:18.852+08:00 DEBUG 37112 --- [threat-platform] [           main] o.s.jdbc.core.StatementCreatorUtils      : JDBC getParameterType call failed - using fallback method instead: java.sql.SQLException: Parameter metadata not available for the given statement
2026-06-17T16:27:18.852+08:00 DEBUG 37112 --- [threat-platform] [           main] o.s.jdbc.core.StatementCreatorUtils      : JDBC getParameterType call failed - using fallback method instead: java.sql.SQLException: Parameter metadata not available for the given statement
2026-06-17T16:27:18.854+08:00 DEBUG 37112 --- [threat-platform] [           main] o.s.jdbc.core.JdbcTemplate               : Executing prepared SQL update
2026-06-17T16:27:18.855+08:00 DEBUG 37112 --- [threat-platform] [           main] o.s.jdbc.core.JdbcTemplate               : Executing prepared SQL statement [INSERT INTO asset_fingerprint_rule
(rule_code, name, category, sub_category, protocol, port, banner_regex, vendor, product, version_expr,
 confidence, description, enabled, priority)
SELECT ?, ?, ?, ?, ?, ?, ?, ?, ?, ?, ?, ?, ?, ?
WHERE NOT EXISTS (SELECT 1 FROM asset_fingerprint_rule WHERE rule_code = ?)
]
2026-06-17T16:27:18.855+08:00 DEBUG 37112 --- [threat-platform] [           main] o.s.jdbc.core.StatementCreatorUtils      : JDBC getParameterType call failed - using fallback method instead: java.sql.SQLException: Parameter metadata not available for the given statement
2026-06-17T16:27:18.855+08:00 DEBUG 37112 --- [threat-platform] [           main] o.s.jdbc.core.StatementCreatorUtils      : JDBC getParameterType call failed - using fallback method instead: java.sql.SQLException: Parameter metadata not available for the given statement
2026-06-17T16:27:18.855+08:00 DEBUG 37112 --- [threat-platform] [           main] o.s.jdbc.core.StatementCreatorUtils      : JDBC getParameterType call failed - using fallback method instead: java.sql.SQLException: Parameter metadata not available for the given statement
2026-06-17T16:27:18.857+08:00 DEBUG 37112 --- [threat-platform] [           main] o.s.jdbc.core.JdbcTemplate               : Executing prepared SQL update
2026-06-17T16:27:18.857+08:00 DEBUG 37112 --- [threat-platform] [           main] o.s.jdbc.core.JdbcTemplate               : Executing prepared SQL statement [INSERT INTO asset_fingerprint_rule
(rule_code, name, category, sub_category, protocol, port, banner_regex, vendor, product, version_expr,
 confidence, description, enabled, priority)
SELECT ?, ?, ?, ?, ?, ?, ?, ?, ?, ?, ?, ?, ?, ?
WHERE NOT EXISTS (SELECT 1 FROM asset_fingerprint_rule WHERE rule_code = ?)
]
2026-06-17T16:27:18.857+08:00 DEBUG 37112 --- [threat-platform] [           main] o.s.jdbc.core.StatementCreatorUtils      : JDBC getParameterType call failed - using fallback method instead: java.sql.SQLException: Parameter metadata not available for the given statement
2026-06-17T16:27:18.858+08:00 DEBUG 37112 --- [threat-platform] [           main] o.s.jdbc.core.StatementCreatorUtils      : JDBC getParameterType call failed - using fallback method instead: java.sql.SQLException: Parameter metadata not available for the given statement
2026-06-17T16:27:18.858+08:00 DEBUG 37112 --- [threat-platform] [           main] o.s.jdbc.core.StatementCreatorUtils      : JDBC getParameterType call failed - using fallback method instead: java.sql.SQLException: Parameter metadata not available for the given statement
2026-06-17T16:27:18.860+08:00 DEBUG 37112 --- [threat-platform] [           main] o.s.jdbc.core.JdbcTemplate               : Executing prepared SQL update
2026-06-17T16:27:18.860+08:00 DEBUG 37112 --- [threat-platform] [           main] o.s.jdbc.core.JdbcTemplate               : Executing prepared SQL statement [INSERT INTO asset_fingerprint_rule
(rule_code, name, category, sub_category, protocol, port, banner_regex, vendor, product, version_expr,
 confidence, description, enabled, priority)
SELECT ?, ?, ?, ?, ?, ?, ?, ?, ?, ?, ?, ?, ?, ?
WHERE NOT EXISTS (SELECT 1 FROM asset_fingerprint_rule WHERE rule_code = ?)
]
2026-06-17T16:27:18.860+08:00 DEBUG 37112 --- [threat-platform] [           main] o.s.jdbc.core.StatementCreatorUtils      : JDBC getParameterType call failed - using fallback method instead: java.sql.SQLException: Parameter metadata not available for the given statement
2026-06-17T16:27:18.860+08:00 DEBUG 37112 --- [threat-platform] [           main] o.s.jdbc.core.StatementCreatorUtils      : JDBC getParameterType call failed - using fallback method instead: java.sql.SQLException: Parameter metadata not available for the given statement
2026-06-17T16:27:18.862+08:00 DEBUG 37112 --- [threat-platform] [           main] o.s.jdbc.core.JdbcTemplate               : Executing prepared SQL update
2026-06-17T16:27:18.863+08:00 DEBUG 37112 --- [threat-platform] [           main] o.s.jdbc.core.JdbcTemplate               : Executing prepared SQL statement [INSERT INTO asset_fingerprint_rule
(rule_code, name, category, sub_category, protocol, port, banner_regex, vendor, product, version_expr,
 confidence, description, enabled, priority)
SELECT ?, ?, ?, ?, ?, ?, ?, ?, ?, ?, ?, ?, ?, ?
WHERE NOT EXISTS (SELECT 1 FROM asset_fingerprint_rule WHERE rule_code = ?)
]
2026-06-17T16:27:18.863+08:00 DEBUG 37112 --- [threat-platform] [           main] o.s.jdbc.core.StatementCreatorUtils      : JDBC getParameterType call failed - using fallback method instead: java.sql.SQLException: Parameter metadata not available for the given statement
2026-06-17T16:27:18.863+08:00 DEBUG 37112 --- [threat-platform] [           main] o.s.jdbc.core.StatementCreatorUtils      : JDBC getParameterType call failed - using fallback method instead: java.sql.SQLException: Parameter metadata not available for the given statement
2026-06-17T16:27:18.864+08:00 DEBUG 37112 --- [threat-platform] [           main] o.s.jdbc.core.StatementCreatorUtils      : JDBC getParameterType call failed - using fallback method instead: java.sql.SQLException: Parameter metadata not available for the given statement
2026-06-17T16:27:18.866+08:00 DEBUG 37112 --- [threat-platform] [           main] o.s.jdbc.core.JdbcTemplate               : Executing prepared SQL update
2026-06-17T16:27:18.866+08:00 DEBUG 37112 --- [threat-platform] [           main] o.s.jdbc.core.JdbcTemplate               : Executing prepared SQL statement [INSERT INTO asset_fingerprint_rule
(rule_code, name, category, sub_category, protocol, port, banner_regex, vendor, product, version_expr,
 confidence, description, enabled, priority)
SELECT ?, ?, ?, ?, ?, ?, ?, ?, ?, ?, ?, ?, ?, ?
WHERE NOT EXISTS (SELECT 1 FROM asset_fingerprint_rule WHERE rule_code = ?)
]
2026-06-17T16:27:18.866+08:00 DEBUG 37112 --- [threat-platform] [           main] o.s.jdbc.core.StatementCreatorUtils      : JDBC getParameterType call failed - using fallback method instead: java.sql.SQLException: Parameter metadata not available for the given statement
2026-06-17T16:27:18.866+08:00 DEBUG 37112 --- [threat-platform] [           main] o.s.jdbc.core.StatementCreatorUtils      : JDBC getParameterType call failed - using fallback method instead: java.sql.SQLException: Parameter metadata not available for the given statement
2026-06-17T16:27:18.868+08:00 DEBUG 37112 --- [threat-platform] [           main] o.s.jdbc.core.StatementCreatorUtils      : JDBC getParameterType call failed - using fallback method instead: java.sql.SQLException: Parameter metadata not available for the given statement
2026-06-17T16:27:18.870+08:00 DEBUG 37112 --- [threat-platform] [           main] o.s.jdbc.core.JdbcTemplate               : Executing prepared SQL update
2026-06-17T16:27:18.870+08:00 DEBUG 37112 --- [threat-platform] [           main] o.s.jdbc.core.JdbcTemplate               : Executing prepared SQL statement [INSERT INTO asset_fingerprint_rule
(rule_code, name, category, sub_category, protocol, port, banner_regex, vendor, product, version_expr,
 confidence, description, enabled, priority)
SELECT ?, ?, ?, ?, ?, ?, ?, ?, ?, ?, ?, ?, ?, ?
WHERE NOT EXISTS (SELECT 1 FROM asset_fingerprint_rule WHERE rule_code = ?)
]
2026-06-17T16:27:18.870+08:00 DEBUG 37112 --- [threat-platform] [           main] o.s.jdbc.core.StatementCreatorUtils      : JDBC getParameterType call failed - using fallback method instead: java.sql.SQLException: Parameter metadata not available for the given statement
2026-06-17T16:27:18.870+08:00 DEBUG 37112 --- [threat-platform] [           main] o.s.jdbc.core.StatementCreatorUtils      : JDBC getParameterType call failed - using fallback method instead: java.sql.SQLException: Parameter metadata not available for the given statement
2026-06-17T16:27:18.871+08:00 DEBUG 37112 --- [threat-platform] [           main] o.s.jdbc.core.StatementCreatorUtils      : JDBC getParameterType call failed - using fallback method instead: java.sql.SQLException: Parameter metadata not available for the given statement
2026-06-17T16:27:18.872+08:00 DEBUG 37112 --- [threat-platform] [           main] o.s.jdbc.core.JdbcTemplate               : Executing prepared SQL update
2026-06-17T16:27:18.873+08:00 DEBUG 37112 --- [threat-platform] [           main] o.s.jdbc.core.JdbcTemplate               : Executing prepared SQL statement [INSERT INTO asset_fingerprint_rule
(rule_code, name, category, sub_category, protocol, port, banner_regex, vendor, product, version_expr,
 confidence, description, enabled, priority)
SELECT ?, ?, ?, ?, ?, ?, ?, ?, ?, ?, ?, ?, ?, ?
WHERE NOT EXISTS (SELECT 1 FROM asset_fingerprint_rule WHERE rule_code = ?)
]
2026-06-17T16:27:18.873+08:00 DEBUG 37112 --- [threat-platform] [           main] o.s.jdbc.core.StatementCreatorUtils      : JDBC getParameterType call failed - using fallback method instead: java.sql.SQLException: Parameter metadata not available for the given statement
2026-06-17T16:27:18.873+08:00 DEBUG 37112 --- [threat-platform] [           main] o.s.jdbc.core.StatementCreatorUtils      : JDBC getParameterType call failed - using fallback method instead: java.sql.SQLException: Parameter metadata not available for the given statement
2026-06-17T16:27:18.873+08:00 DEBUG 37112 --- [threat-platform] [           main] o.s.jdbc.core.StatementCreatorUtils      : JDBC getParameterType call failed - using fallback method instead: java.sql.SQLException: Parameter metadata not available for the given statement
2026-06-17T16:27:18.876+08:00 DEBUG 37112 --- [threat-platform] [           main] o.s.jdbc.core.JdbcTemplate               : Executing prepared SQL update
2026-06-17T16:27:18.876+08:00 DEBUG 37112 --- [threat-platform] [           main] o.s.jdbc.core.JdbcTemplate               : Executing prepared SQL statement [INSERT INTO asset_fingerprint_rule
(rule_code, name, category, sub_category, protocol, port, banner_regex, vendor, product, version_expr,
 confidence, description, enabled, priority)
SELECT ?, ?, ?, ?, ?, ?, ?, ?, ?, ?, ?, ?, ?, ?
WHERE NOT EXISTS (SELECT 1 FROM asset_fingerprint_rule WHERE rule_code = ?)
]
2026-06-17T16:27:18.877+08:00 DEBUG 37112 --- [threat-platform] [           main] o.s.jdbc.core.StatementCreatorUtils      : JDBC getParameterType call failed - using fallback method instead: java.sql.SQLException: Parameter metadata not available for the given statement
2026-06-17T16:27:18.877+08:00 DEBUG 37112 --- [threat-platform] [           main] o.s.jdbc.core.StatementCreatorUtils      : JDBC getParameterType call failed - using fallback method instead: java.sql.SQLException: Parameter metadata not available for the given statement
2026-06-17T16:27:18.877+08:00 DEBUG 37112 --- [threat-platform] [           main] o.s.jdbc.core.StatementCreatorUtils      : JDBC getParameterType call failed - using fallback method instead: java.sql.SQLException: Parameter metadata not available for the given statement
2026-06-17T16:27:18.879+08:00 DEBUG 37112 --- [threat-platform] [           main] o.s.jdbc.core.JdbcTemplate               : Executing prepared SQL update
2026-06-17T16:27:18.879+08:00 DEBUG 37112 --- [threat-platform] [           main] o.s.jdbc.core.JdbcTemplate               : Executing prepared SQL statement [INSERT INTO asset_fingerprint_rule
(rule_code, name, category, sub_category, protocol, port, banner_regex, vendor, product, version_expr,
 confidence, description, enabled, priority)
SELECT ?, ?, ?, ?, ?, ?, ?, ?, ?, ?, ?, ?, ?, ?
WHERE NOT EXISTS (SELECT 1 FROM asset_fingerprint_rule WHERE rule_code = ?)
]
2026-06-17T16:27:18.880+08:00 DEBUG 37112 --- [threat-platform] [           main] o.s.jdbc.core.StatementCreatorUtils      : JDBC getParameterType call failed - using fallback method instead: java.sql.SQLException: Parameter metadata not available for the given statement
2026-06-17T16:27:18.880+08:00 DEBUG 37112 --- [threat-platform] [           main] o.s.jdbc.core.StatementCreatorUtils      : JDBC getParameterType call failed - using fallback method instead: java.sql.SQLException: Parameter metadata not available for the given statement
2026-06-17T16:27:18.880+08:00 DEBUG 37112 --- [threat-platform] [           main] o.s.jdbc.core.StatementCreatorUtils      : JDBC getParameterType call failed - using fallback method instead: java.sql.SQLException: Parameter metadata not available for the given statement
2026-06-17T16:27:18.882+08:00 DEBUG 37112 --- [threat-platform] [           main] o.s.jdbc.core.JdbcTemplate               : Executing prepared SQL update
2026-06-17T16:27:18.883+08:00 DEBUG 37112 --- [threat-platform] [           main] o.s.jdbc.core.JdbcTemplate               : Executing prepared SQL statement [INSERT INTO asset_fingerprint_rule
(rule_code, name, category, sub_category, protocol, port, banner_regex, vendor, product, version_expr,
 confidence, description, enabled, priority)
SELECT ?, ?, ?, ?, ?, ?, ?, ?, ?, ?, ?, ?, ?, ?
WHERE NOT EXISTS (SELECT 1 FROM asset_fingerprint_rule WHERE rule_code = ?)
]
2026-06-17T16:27:18.883+08:00 DEBUG 37112 --- [threat-platform] [           main] o.s.jdbc.core.StatementCreatorUtils      : JDBC getParameterType call failed - using fallback method instead: java.sql.SQLException: Parameter metadata not available for the given statement
2026-06-17T16:27:18.883+08:00 DEBUG 37112 --- [threat-platform] [           main] o.s.jdbc.core.StatementCreatorUtils      : JDBC getParameterType call failed - using fallback method instead: java.sql.SQLException: Parameter metadata not available for the given statement
2026-06-17T16:27:18.883+08:00 DEBUG 37112 --- [threat-platform] [           main] o.s.jdbc.core.StatementCreatorUtils      : JDBC getParameterType call failed - using fallback method instead: java.sql.SQLException: Parameter metadata not available for the given statement
2026-06-17T16:27:18.886+08:00 DEBUG 37112 --- [threat-platform] [           main] o.s.jdbc.core.JdbcTemplate               : Executing prepared SQL update
2026-06-17T16:27:18.886+08:00 DEBUG 37112 --- [threat-platform] [           main] o.s.jdbc.core.JdbcTemplate               : Executing prepared SQL statement [INSERT INTO asset_fingerprint_rule
(rule_code, name, category, sub_category, protocol, port, banner_regex, vendor, product, version_expr,
 confidence, description, enabled, priority)
SELECT ?, ?, ?, ?, ?, ?, ?, ?, ?, ?, ?, ?, ?, ?
WHERE NOT EXISTS (SELECT 1 FROM asset_fingerprint_rule WHERE rule_code = ?)
]
2026-06-17T16:27:18.886+08:00 DEBUG 37112 --- [threat-platform] [           main] o.s.jdbc.core.StatementCreatorUtils      : JDBC getParameterType call failed - using fallback method instead: java.sql.SQLException: Parameter metadata not available for the given statement
2026-06-17T16:27:18.886+08:00 DEBUG 37112 --- [threat-platform] [           main] o.s.jdbc.core.StatementCreatorUtils      : JDBC getParameterType call failed - using fallback method instead: java.sql.SQLException: Parameter metadata not available for the given statement
2026-06-17T16:27:18.887+08:00 DEBUG 37112 --- [threat-platform] [           main] o.s.jdbc.core.StatementCreatorUtils      : JDBC getParameterType call failed - using fallback method instead: java.sql.SQLException: Parameter metadata not available for the given statement
2026-06-17T16:27:18.889+08:00 DEBUG 37112 --- [threat-platform] [           main] o.s.jdbc.core.JdbcTemplate               : Executing prepared SQL update
2026-06-17T16:27:18.889+08:00 DEBUG 37112 --- [threat-platform] [           main] o.s.jdbc.core.JdbcTemplate               : Executing prepared SQL statement [INSERT INTO asset_fingerprint_rule
(rule_code, name, category, sub_category, protocol, port, banner_regex, vendor, product, version_expr,
 confidence, description, enabled, priority)
SELECT ?, ?, ?, ?, ?, ?, ?, ?, ?, ?, ?, ?, ?, ?
WHERE NOT EXISTS (SELECT 1 FROM asset_fingerprint_rule WHERE rule_code = ?)
]
2026-06-17T16:27:18.890+08:00 DEBUG 37112 --- [threat-platform] [           main] o.s.jdbc.core.StatementCreatorUtils      : JDBC getParameterType call failed - using fallback method instead: java.sql.SQLException: Parameter metadata not available for the given statement
2026-06-17T16:27:18.890+08:00 DEBUG 37112 --- [threat-platform] [           main] o.s.jdbc.core.StatementCreatorUtils      : JDBC getParameterType call failed - using fallback method instead: java.sql.SQLException: Parameter metadata not available for the given statement
2026-06-17T16:27:18.890+08:00 DEBUG 37112 --- [threat-platform] [           main] o.s.jdbc.core.StatementCreatorUtils      : JDBC getParameterType call failed - using fallback method instead: java.sql.SQLException: Parameter metadata not available for the given statement
2026-06-17T16:27:18.892+08:00 DEBUG 37112 --- [threat-platform] [           main] o.s.jdbc.core.JdbcTemplate               : Executing prepared SQL update
2026-06-17T16:27:18.892+08:00 DEBUG 37112 --- [threat-platform] [           main] o.s.jdbc.core.JdbcTemplate               : Executing prepared SQL statement [INSERT INTO asset_fingerprint_rule
(rule_code, name, category, sub_category, protocol, port, banner_regex, vendor, product, version_expr,
 confidence, description, enabled, priority)
SELECT ?, ?, ?, ?, ?, ?, ?, ?, ?, ?, ?, ?, ?, ?
WHERE NOT EXISTS (SELECT 1 FROM asset_fingerprint_rule WHERE rule_code = ?)
]
2026-06-17T16:27:18.892+08:00 DEBUG 37112 --- [threat-platform] [           main] o.s.jdbc.core.StatementCreatorUtils      : JDBC getParameterType call failed - using fallback method instead: java.sql.SQLException: Parameter metadata not available for the given statement
2026-06-17T16:27:18.893+08:00 DEBUG 37112 --- [threat-platform] [           main] o.s.jdbc.core.StatementCreatorUtils      : JDBC getParameterType call failed - using fallback method instead: java.sql.SQLException: Parameter metadata not available for the given statement
2026-06-17T16:27:18.893+08:00 DEBUG 37112 --- [threat-platform] [           main] o.s.jdbc.core.StatementCreatorUtils      : JDBC getParameterType call failed - using fallback method instead: java.sql.SQLException: Parameter metadata not available for the given statement
2026-06-17T16:27:18.896+08:00 DEBUG 37112 --- [threat-platform] [           main] o.s.jdbc.core.JdbcTemplate               : Executing prepared SQL update
2026-06-17T16:27:18.896+08:00 DEBUG 37112 --- [threat-platform] [           main] o.s.jdbc.core.JdbcTemplate               : Executing prepared SQL statement [INSERT INTO asset_fingerprint_rule
(rule_code, name, category, sub_category, protocol, port, banner_regex, vendor, product, version_expr,
 confidence, description, enabled, priority)
SELECT ?, ?, ?, ?, ?, ?, ?, ?, ?, ?, ?, ?, ?, ?
WHERE NOT EXISTS (SELECT 1 FROM asset_fingerprint_rule WHERE rule_code = ?)
]
2026-06-17T16:27:18.897+08:00 DEBUG 37112 --- [threat-platform] [           main] o.s.jdbc.core.StatementCreatorUtils      : JDBC getParameterType call failed - using fallback method instead: java.sql.SQLException: Parameter metadata not available for the given statement
2026-06-17T16:27:18.897+08:00 DEBUG 37112 --- [threat-platform] [           main] o.s.jdbc.core.StatementCreatorUtils      : JDBC getParameterType call failed - using fallback method instead: java.sql.SQLException: Parameter metadata not available for the given statement
2026-06-17T16:27:18.897+08:00 DEBUG 37112 --- [threat-platform] [           main] o.s.jdbc.core.StatementCreatorUtils      : JDBC getParameterType call failed - using fallback method instead: java.sql.SQLException: Parameter metadata not available for the given statement
2026-06-17T16:27:18.899+08:00 DEBUG 37112 --- [threat-platform] [           main] o.s.jdbc.core.JdbcTemplate               : Executing prepared SQL update
2026-06-17T16:27:18.899+08:00 DEBUG 37112 --- [threat-platform] [           main] o.s.jdbc.core.JdbcTemplate               : Executing prepared SQL statement [INSERT INTO asset_fingerprint_rule
(rule_code, name, category, sub_category, protocol, port, banner_regex, vendor, product, version_expr,
 confidence, description, enabled, priority)
SELECT ?, ?, ?, ?, ?, ?, ?, ?, ?, ?, ?, ?, ?, ?
WHERE NOT EXISTS (SELECT 1 FROM asset_fingerprint_rule WHERE rule_code = ?)
]
2026-06-17T16:27:18.899+08:00 DEBUG 37112 --- [threat-platform] [           main] o.s.jdbc.core.StatementCreatorUtils      : JDBC getParameterType call failed - using fallback method instead: java.sql.SQLException: Parameter metadata not available for the given statement
2026-06-17T16:27:18.900+08:00 DEBUG 37112 --- [threat-platform] [           main] o.s.jdbc.core.StatementCreatorUtils      : JDBC getParameterType call failed - using fallback method instead: java.sql.SQLException: Parameter metadata not available for the given statement
2026-06-17T16:27:18.900+08:00 DEBUG 37112 --- [threat-platform] [           main] o.s.jdbc.core.StatementCreatorUtils      : JDBC getParameterType call failed - using fallback method instead: java.sql.SQLException: Parameter metadata not available for the given statement
2026-06-17T16:27:18.902+08:00 DEBUG 37112 --- [threat-platform] [           main] o.s.jdbc.core.JdbcTemplate               : Executing prepared SQL update
2026-06-17T16:27:18.902+08:00 DEBUG 37112 --- [threat-platform] [           main] o.s.jdbc.core.JdbcTemplate               : Executing prepared SQL statement [INSERT INTO asset_fingerprint_rule
(rule_code, name, category, sub_category, protocol, port, banner_regex, vendor, product, version_expr,
 confidence, description, enabled, priority)
SELECT ?, ?, ?, ?, ?, ?, ?, ?, ?, ?, ?, ?, ?, ?
WHERE NOT EXISTS (SELECT 1 FROM asset_fingerprint_rule WHERE rule_code = ?)
]
2026-06-17T16:27:18.902+08:00 DEBUG 37112 --- [threat-platform] [           main] o.s.jdbc.core.StatementCreatorUtils      : JDBC getParameterType call failed - using fallback method instead: java.sql.SQLException: Parameter metadata not available for the given statement
2026-06-17T16:27:18.902+08:00 DEBUG 37112 --- [threat-platform] [           main] o.s.jdbc.core.StatementCreatorUtils      : JDBC getParameterType call failed - using fallback method instead: java.sql.SQLException: Parameter metadata not available for the given statement
2026-06-17T16:27:18.903+08:00 DEBUG 37112 --- [threat-platform] [           main] o.s.jdbc.core.StatementCreatorUtils      : JDBC getParameterType call failed - using fallback method instead: java.sql.SQLException: Parameter metadata not available for the given statement
2026-06-17T16:27:18.904+08:00 DEBUG 37112 --- [threat-platform] [           main] o.s.jdbc.core.JdbcTemplate               : Executing prepared SQL update
2026-06-17T16:27:18.904+08:00 DEBUG 37112 --- [threat-platform] [           main] o.s.jdbc.core.JdbcTemplate               : Executing prepared SQL statement [INSERT INTO asset_fingerprint_rule
(rule_code, name, category, sub_category, protocol, port, banner_regex, vendor, product, version_expr,
 confidence, description, enabled, priority)
SELECT ?, ?, ?, ?, ?, ?, ?, ?, ?, ?, ?, ?, ?, ?
WHERE NOT EXISTS (SELECT 1 FROM asset_fingerprint_rule WHERE rule_code = ?)
]
2026-06-17T16:27:18.904+08:00 DEBUG 37112 --- [threat-platform] [           main] o.s.jdbc.core.StatementCreatorUtils      : JDBC getParameterType call failed - using fallback method instead: java.sql.SQLException: Parameter metadata not available for the given statement
2026-06-17T16:27:18.905+08:00 DEBUG 37112 --- [threat-platform] [           main] o.s.jdbc.core.StatementCreatorUtils      : JDBC getParameterType call failed - using fallback method instead: java.sql.SQLException: Parameter metadata not available for the given statement
2026-06-17T16:27:18.905+08:00 DEBUG 37112 --- [threat-platform] [           main] o.s.jdbc.core.StatementCreatorUtils      : JDBC getParameterType call failed - using fallback method instead: java.sql.SQLException: Parameter metadata not available for the given statement
2026-06-17T16:27:18.906+08:00 DEBUG 37112 --- [threat-platform] [           main] o.s.jdbc.core.JdbcTemplate               : Executing prepared SQL update
2026-06-17T16:27:18.907+08:00 DEBUG 37112 --- [threat-platform] [           main] o.s.jdbc.core.JdbcTemplate               : Executing prepared SQL statement [INSERT INTO asset_fingerprint_rule
(rule_code, name, category, sub_category, protocol, port, banner_regex, vendor, product, version_expr,
 confidence, description, enabled, priority)
SELECT ?, ?, ?, ?, ?, ?, ?, ?, ?, ?, ?, ?, ?, ?
WHERE NOT EXISTS (SELECT 1 FROM asset_fingerprint_rule WHERE rule_code = ?)
]
2026-06-17T16:27:18.907+08:00 DEBUG 37112 --- [threat-platform] [           main] o.s.jdbc.core.StatementCreatorUtils      : JDBC getParameterType call failed - using fallback method instead: java.sql.SQLException: Parameter metadata not available for the given statement
2026-06-17T16:27:18.908+08:00 DEBUG 37112 --- [threat-platform] [           main] o.s.jdbc.core.StatementCreatorUtils      : JDBC getParameterType call failed - using fallback method instead: java.sql.SQLException: Parameter metadata not available for the given statement
2026-06-17T16:27:18.908+08:00 DEBUG 37112 --- [threat-platform] [           main] o.s.jdbc.core.StatementCreatorUtils      : JDBC getParameterType call failed - using fallback method instead: java.sql.SQLException: Parameter metadata not available for the given statement
2026-06-17T16:27:18.910+08:00 DEBUG 37112 --- [threat-platform] [           main] o.s.jdbc.core.JdbcTemplate               : Executing prepared SQL update
2026-06-17T16:27:18.910+08:00 DEBUG 37112 --- [threat-platform] [           main] o.s.jdbc.core.JdbcTemplate               : Executing prepared SQL statement [INSERT INTO asset_fingerprint_rule
(rule_code, name, category, sub_category, protocol, port, banner_regex, vendor, product, version_expr,
 confidence, description, enabled, priority)
SELECT ?, ?, ?, ?, ?, ?, ?, ?, ?, ?, ?, ?, ?, ?
WHERE NOT EXISTS (SELECT 1 FROM asset_fingerprint_rule WHERE rule_code = ?)
]
2026-06-17T16:27:18.911+08:00 DEBUG 37112 --- [threat-platform] [           main] o.s.jdbc.core.StatementCreatorUtils      : JDBC getParameterType call failed - using fallback method instead: java.sql.SQLException: Parameter metadata not available for the given statement
2026-06-17T16:27:18.911+08:00 DEBUG 37112 --- [threat-platform] [           main] o.s.jdbc.core.StatementCreatorUtils      : JDBC getParameterType call failed - using fallback method instead: java.sql.SQLException: Parameter metadata not available for the given statement
2026-06-17T16:27:18.911+08:00 DEBUG 37112 --- [threat-platform] [           main] o.s.jdbc.core.StatementCreatorUtils      : JDBC getParameterType call failed - using fallback method instead: java.sql.SQLException: Parameter metadata not available for the given statement
2026-06-17T16:27:18.913+08:00 DEBUG 37112 --- [threat-platform] [           main] o.s.jdbc.core.JdbcTemplate               : Executing prepared SQL update
2026-06-17T16:27:18.913+08:00 DEBUG 37112 --- [threat-platform] [           main] o.s.jdbc.core.JdbcTemplate               : Executing prepared SQL statement [INSERT INTO asset_fingerprint_rule
(rule_code, name, category, sub_category, protocol, port, banner_regex, vendor, product, version_expr,
 confidence, description, enabled, priority)
SELECT ?, ?, ?, ?, ?, ?, ?, ?, ?, ?, ?, ?, ?, ?
WHERE NOT EXISTS (SELECT 1 FROM asset_fingerprint_rule WHERE rule_code = ?)
]
2026-06-17T16:27:18.914+08:00 DEBUG 37112 --- [threat-platform] [           main] o.s.jdbc.core.StatementCreatorUtils      : JDBC getParameterType call failed - using fallback method instead: java.sql.SQLException: Parameter metadata not available for the given statement
2026-06-17T16:27:18.914+08:00 DEBUG 37112 --- [threat-platform] [           main] o.s.jdbc.core.StatementCreatorUtils      : JDBC getParameterType call failed - using fallback method instead: java.sql.SQLException: Parameter metadata not available for the given statement
2026-06-17T16:27:18.914+08:00 DEBUG 37112 --- [threat-platform] [           main] o.s.jdbc.core.StatementCreatorUtils      : JDBC getParameterType call failed - using fallback method instead: java.sql.SQLException: Parameter metadata not available for the given statement
2026-06-17T16:27:18.916+08:00 DEBUG 37112 --- [threat-platform] [           main] o.s.jdbc.core.JdbcTemplate               : Executing prepared SQL update
2026-06-17T16:27:18.916+08:00 DEBUG 37112 --- [threat-platform] [           main] o.s.jdbc.core.JdbcTemplate               : Executing prepared SQL statement [INSERT INTO asset_fingerprint_rule
(rule_code, name, category, sub_category, protocol, port, banner_regex, vendor, product, version_expr,
 confidence, description, enabled, priority)
SELECT ?, ?, ?, ?, ?, ?, ?, ?, ?, ?, ?, ?, ?, ?
WHERE NOT EXISTS (SELECT 1 FROM asset_fingerprint_rule WHERE rule_code = ?)
]
2026-06-17T16:27:18.916+08:00 DEBUG 37112 --- [threat-platform] [           main] o.s.jdbc.core.StatementCreatorUtils      : JDBC getParameterType call failed - using fallback method instead: java.sql.SQLException: Parameter metadata not available for the given statement
2026-06-17T16:27:18.918+08:00 DEBUG 37112 --- [threat-platform] [           main] o.s.jdbc.core.StatementCreatorUtils      : JDBC getParameterType call failed - using fallback method instead: java.sql.SQLException: Parameter metadata not available for the given statement
2026-06-17T16:27:18.918+08:00 DEBUG 37112 --- [threat-platform] [           main] o.s.jdbc.core.StatementCreatorUtils      : JDBC getParameterType call failed - using fallback method instead: java.sql.SQLException: Parameter metadata not available for the given statement
2026-06-17T16:27:18.920+08:00 DEBUG 37112 --- [threat-platform] [           main] o.s.jdbc.core.JdbcTemplate               : Executing prepared SQL update
2026-06-17T16:27:18.920+08:00 DEBUG 37112 --- [threat-platform] [           main] o.s.jdbc.core.JdbcTemplate               : Executing prepared SQL statement [INSERT INTO asset_fingerprint_rule
(rule_code, name, category, sub_category, protocol, port, banner_regex, vendor, product, version_expr,
 confidence, description, enabled, priority)
SELECT ?, ?, ?, ?, ?, ?, ?, ?, ?, ?, ?, ?, ?, ?
WHERE NOT EXISTS (SELECT 1 FROM asset_fingerprint_rule WHERE rule_code = ?)
]
2026-06-17T16:27:18.920+08:00 DEBUG 37112 --- [threat-platform] [           main] o.s.jdbc.core.StatementCreatorUtils      : JDBC getParameterType call failed - using fallback method instead: java.sql.SQLException: Parameter metadata not available for the given statement
2026-06-17T16:27:18.921+08:00 DEBUG 37112 --- [threat-platform] [           main] o.s.jdbc.core.StatementCreatorUtils      : JDBC getParameterType call failed - using fallback method instead: java.sql.SQLException: Parameter metadata not available for the given statement
2026-06-17T16:27:18.921+08:00 DEBUG 37112 --- [threat-platform] [           main] o.s.jdbc.core.StatementCreatorUtils      : JDBC getParameterType call failed - using fallback method instead: java.sql.SQLException: Parameter metadata not available for the given statement
2026-06-17T16:27:18.923+08:00 DEBUG 37112 --- [threat-platform] [           main] o.s.jdbc.core.JdbcTemplate               : Executing prepared SQL update
2026-06-17T16:27:18.923+08:00 DEBUG 37112 --- [threat-platform] [           main] o.s.jdbc.core.JdbcTemplate               : Executing prepared SQL statement [INSERT INTO asset_fingerprint_rule
(rule_code, name, category, sub_category, protocol, port, banner_regex, vendor, product, version_expr,
 confidence, description, enabled, priority)
SELECT ?, ?, ?, ?, ?, ?, ?, ?, ?, ?, ?, ?, ?, ?
WHERE NOT EXISTS (SELECT 1 FROM asset_fingerprint_rule WHERE rule_code = ?)
]
2026-06-17T16:27:18.923+08:00 DEBUG 37112 --- [threat-platform] [           main] o.s.jdbc.core.StatementCreatorUtils      : JDBC getParameterType call failed - using fallback method instead: java.sql.SQLException: Parameter metadata not available for the given statement
2026-06-17T16:27:18.924+08:00 DEBUG 37112 --- [threat-platform] [           main] o.s.jdbc.core.StatementCreatorUtils      : JDBC getParameterType call failed - using fallback method instead: java.sql.SQLException: Parameter metadata not available for the given statement
2026-06-17T16:27:18.924+08:00 DEBUG 37112 --- [threat-platform] [           main] o.s.jdbc.core.StatementCreatorUtils      : JDBC getParameterType call failed - using fallback method instead: java.sql.SQLException: Parameter metadata not available for the given statement
2026-06-17T16:27:18.927+08:00 DEBUG 37112 --- [threat-platform] [           main] o.s.jdbc.core.JdbcTemplate               : Executing prepared SQL update
2026-06-17T16:27:18.927+08:00 DEBUG 37112 --- [threat-platform] [           main] o.s.jdbc.core.JdbcTemplate               : Executing prepared SQL statement [INSERT INTO asset_fingerprint_rule
(rule_code, name, category, sub_category, protocol, port, banner_regex, vendor, product, version_expr,
 confidence, description, enabled, priority)
SELECT ?, ?, ?, ?, ?, ?, ?, ?, ?, ?, ?, ?, ?, ?
WHERE NOT EXISTS (SELECT 1 FROM asset_fingerprint_rule WHERE rule_code = ?)
]
2026-06-17T16:27:18.927+08:00 DEBUG 37112 --- [threat-platform] [           main] o.s.jdbc.core.StatementCreatorUtils      : JDBC getParameterType call failed - using fallback method instead: java.sql.SQLException: Parameter metadata not available for the given statement
2026-06-17T16:27:18.927+08:00 DEBUG 37112 --- [threat-platform] [           main] o.s.jdbc.core.StatementCreatorUtils      : JDBC getParameterType call failed - using fallback method instead: java.sql.SQLException: Parameter metadata not available for the given statement
2026-06-17T16:27:18.927+08:00 DEBUG 37112 --- [threat-platform] [           main] o.s.jdbc.core.StatementCreatorUtils      : JDBC getParameterType call failed - using fallback method instead: java.sql.SQLException: Parameter metadata not available for the given statement
2026-06-17T16:27:18.929+08:00 DEBUG 37112 --- [threat-platform] [           main] o.s.jdbc.core.JdbcTemplate               : Executing prepared SQL update
2026-06-17T16:27:18.929+08:00 DEBUG 37112 --- [threat-platform] [           main] o.s.jdbc.core.JdbcTemplate               : Executing prepared SQL statement [INSERT INTO asset_fingerprint_rule
(rule_code, name, category, sub_category, protocol, port, banner_regex, vendor, product, version_expr,
 confidence, description, enabled, priority)
SELECT ?, ?, ?, ?, ?, ?, ?, ?, ?, ?, ?, ?, ?, ?
WHERE NOT EXISTS (SELECT 1 FROM asset_fingerprint_rule WHERE rule_code = ?)
]
2026-06-17T16:27:18.930+08:00 DEBUG 37112 --- [threat-platform] [           main] o.s.jdbc.core.StatementCreatorUtils      : JDBC getParameterType call failed - using fallback method instead: java.sql.SQLException: Parameter metadata not available for the given statement
2026-06-17T16:27:18.930+08:00 DEBUG 37112 --- [threat-platform] [           main] o.s.jdbc.core.StatementCreatorUtils      : JDBC getParameterType call failed - using fallback method instead: java.sql.SQLException: Parameter metadata not available for the given statement
2026-06-17T16:27:18.930+08:00 DEBUG 37112 --- [threat-platform] [           main] o.s.jdbc.core.StatementCreatorUtils      : JDBC getParameterType call failed - using fallback method instead: java.sql.SQLException: Parameter metadata not available for the given statement
2026-06-17T16:27:18.932+08:00 DEBUG 37112 --- [threat-platform] [           main] o.s.jdbc.core.JdbcTemplate               : Executing prepared SQL update
2026-06-17T16:27:18.933+08:00 DEBUG 37112 --- [threat-platform] [           main] o.s.jdbc.core.JdbcTemplate               : Executing prepared SQL statement [INSERT INTO asset_fingerprint_rule
(rule_code, name, category, sub_category, protocol, port, banner_regex, vendor, product, version_expr,
 confidence, description, enabled, priority)
SELECT ?, ?, ?, ?, ?, ?, ?, ?, ?, ?, ?, ?, ?, ?
WHERE NOT EXISTS (SELECT 1 FROM asset_fingerprint_rule WHERE rule_code = ?)
]
2026-06-17T16:27:18.933+08:00 DEBUG 37112 --- [threat-platform] [           main] o.s.jdbc.core.StatementCreatorUtils      : JDBC getParameterType call failed - using fallback method instead: java.sql.SQLException: Parameter metadata not available for the given statement
2026-06-17T16:27:18.934+08:00 DEBUG 37112 --- [threat-platform] [           main] o.s.jdbc.core.StatementCreatorUtils      : JDBC getParameterType call failed - using fallback method instead: java.sql.SQLException: Parameter metadata not available for the given statement
2026-06-17T16:27:18.934+08:00 DEBUG 37112 --- [threat-platform] [           main] o.s.jdbc.core.StatementCreatorUtils      : JDBC getParameterType call failed - using fallback method instead: java.sql.SQLException: Parameter metadata not available for the given statement
2026-06-17T16:27:18.936+08:00 DEBUG 37112 --- [threat-platform] [           main] o.s.jdbc.core.JdbcTemplate               : Executing prepared SQL update
2026-06-17T16:27:18.936+08:00 DEBUG 37112 --- [threat-platform] [           main] o.s.jdbc.core.JdbcTemplate               : Executing prepared SQL statement [INSERT INTO asset_fingerprint_rule
(rule_code, name, category, sub_category, protocol, port, banner_regex, vendor, product, version_expr,
 confidence, description, enabled, priority)
SELECT ?, ?, ?, ?, ?, ?, ?, ?, ?, ?, ?, ?, ?, ?
WHERE NOT EXISTS (SELECT 1 FROM asset_fingerprint_rule WHERE rule_code = ?)
]
2026-06-17T16:27:18.937+08:00 DEBUG 37112 --- [threat-platform] [           main] o.s.jdbc.core.StatementCreatorUtils      : JDBC getParameterType call failed - using fallback method instead: java.sql.SQLException: Parameter metadata not available for the given statement
2026-06-17T16:27:18.937+08:00 DEBUG 37112 --- [threat-platform] [           main] o.s.jdbc.core.StatementCreatorUtils      : JDBC getParameterType call failed - using fallback method instead: java.sql.SQLException: Parameter metadata not available for the given statement
2026-06-17T16:27:18.937+08:00 DEBUG 37112 --- [threat-platform] [           main] o.s.jdbc.core.StatementCreatorUtils      : JDBC getParameterType call failed - using fallback method instead: java.sql.SQLException: Parameter metadata not available for the given statement
2026-06-17T16:27:18.939+08:00 DEBUG 37112 --- [threat-platform] [           main] o.s.jdbc.core.JdbcTemplate               : Executing prepared SQL update
2026-06-17T16:27:18.939+08:00 DEBUG 37112 --- [threat-platform] [           main] o.s.jdbc.core.JdbcTemplate               : Executing prepared SQL statement [INSERT INTO asset_fingerprint_rule
(rule_code, name, category, sub_category, protocol, port, banner_regex, vendor, product, version_expr,
 confidence, description, enabled, priority)
SELECT ?, ?, ?, ?, ?, ?, ?, ?, ?, ?, ?, ?, ?, ?
WHERE NOT EXISTS (SELECT 1 FROM asset_fingerprint_rule WHERE rule_code = ?)
]
2026-06-17T16:27:18.940+08:00 DEBUG 37112 --- [threat-platform] [           main] o.s.jdbc.core.StatementCreatorUtils      : JDBC getParameterType call failed - using fallback method instead: java.sql.SQLException: Parameter metadata not available for the given statement
2026-06-17T16:27:18.940+08:00 DEBUG 37112 --- [threat-platform] [           main] o.s.jdbc.core.StatementCreatorUtils      : JDBC getParameterType call failed - using fallback method instead: java.sql.SQLException: Parameter metadata not available for the given statement
2026-06-17T16:27:18.941+08:00 DEBUG 37112 --- [threat-platform] [           main] o.s.jdbc.core.StatementCreatorUtils      : JDBC getParameterType call failed - using fallback method instead: java.sql.SQLException: Parameter metadata not available for the given statement
2026-06-17T16:27:18.943+08:00 DEBUG 37112 --- [threat-platform] [           main] o.s.jdbc.core.JdbcTemplate               : Executing prepared SQL update
2026-06-17T16:27:18.944+08:00 DEBUG 37112 --- [threat-platform] [           main] o.s.jdbc.core.JdbcTemplate               : Executing prepared SQL statement [INSERT INTO asset_fingerprint_rule
(rule_code, name, category, sub_category, protocol, port, banner_regex, vendor, product, version_expr,
 confidence, description, enabled, priority)
SELECT ?, ?, ?, ?, ?, ?, ?, ?, ?, ?, ?, ?, ?, ?
WHERE NOT EXISTS (SELECT 1 FROM asset_fingerprint_rule WHERE rule_code = ?)
]
2026-06-17T16:27:18.944+08:00 DEBUG 37112 --- [threat-platform] [           main] o.s.jdbc.core.StatementCreatorUtils      : JDBC getParameterType call failed - using fallback method instead: java.sql.SQLException: Parameter metadata not available for the given statement
2026-06-17T16:27:18.944+08:00 DEBUG 37112 --- [threat-platform] [           main] o.s.jdbc.core.StatementCreatorUtils      : JDBC getParameterType call failed - using fallback method instead: java.sql.SQLException: Parameter metadata not available for the given statement
2026-06-17T16:27:18.946+08:00 DEBUG 37112 --- [threat-platform] [           main] o.s.jdbc.core.JdbcTemplate               : Executing prepared SQL update
2026-06-17T16:27:18.946+08:00 DEBUG 37112 --- [threat-platform] [           main] o.s.jdbc.core.JdbcTemplate               : Executing prepared SQL statement [INSERT INTO asset_fingerprint_rule
(rule_code, name, category, sub_category, protocol, port, banner_regex, vendor, product, version_expr,
 confidence, description, enabled, priority)
SELECT ?, ?, ?, ?, ?, ?, ?, ?, ?, ?, ?, ?, ?, ?
WHERE NOT EXISTS (SELECT 1 FROM asset_fingerprint_rule WHERE rule_code = ?)
]
2026-06-17T16:27:18.947+08:00 DEBUG 37112 --- [threat-platform] [           main] o.s.jdbc.core.StatementCreatorUtils      : JDBC getParameterType call failed - using fallback method instead: java.sql.SQLException: Parameter metadata not available for the given statement
2026-06-17T16:27:18.947+08:00 DEBUG 37112 --- [threat-platform] [           main] o.s.jdbc.core.StatementCreatorUtils      : JDBC getParameterType call failed - using fallback method instead: java.sql.SQLException: Parameter metadata not available for the given statement
2026-06-17T16:27:18.947+08:00 DEBUG 37112 --- [threat-platform] [           main] o.s.jdbc.core.StatementCreatorUtils      : JDBC getParameterType call failed - using fallback method instead: java.sql.SQLException: Parameter metadata not available for the given statement
2026-06-17T16:27:18.949+08:00 DEBUG 37112 --- [threat-platform] [           main] o.s.jdbc.core.JdbcTemplate               : Executing prepared SQL update
2026-06-17T16:27:18.949+08:00 DEBUG 37112 --- [threat-platform] [           main] o.s.jdbc.core.JdbcTemplate               : Executing prepared SQL statement [INSERT INTO asset_fingerprint_rule
(rule_code, name, category, sub_category, protocol, port, banner_regex, vendor, product, version_expr,
 confidence, description, enabled, priority)
SELECT ?, ?, ?, ?, ?, ?, ?, ?, ?, ?, ?, ?, ?, ?
WHERE NOT EXISTS (SELECT 1 FROM asset_fingerprint_rule WHERE rule_code = ?)
]
2026-06-17T16:27:18.950+08:00 DEBUG 37112 --- [threat-platform] [           main] o.s.jdbc.core.StatementCreatorUtils      : JDBC getParameterType call failed - using fallback method instead: java.sql.SQLException: Parameter metadata not available for the given statement
2026-06-17T16:27:18.950+08:00 DEBUG 37112 --- [threat-platform] [           main] o.s.jdbc.core.StatementCreatorUtils      : JDBC getParameterType call failed - using fallback method instead: java.sql.SQLException: Parameter metadata not available for the given statement
2026-06-17T16:27:18.950+08:00 DEBUG 37112 --- [threat-platform] [           main] o.s.jdbc.core.StatementCreatorUtils      : JDBC getParameterType call failed - using fallback method instead: java.sql.SQLException: Parameter metadata not available for the given statement
2026-06-17T16:27:18.951+08:00 DEBUG 37112 --- [threat-platform] [           main] o.s.jdbc.core.JdbcTemplate               : Executing prepared SQL update
2026-06-17T16:27:18.952+08:00 DEBUG 37112 --- [threat-platform] [           main] o.s.jdbc.core.JdbcTemplate               : Executing prepared SQL statement [INSERT INTO asset_fingerprint_rule
(rule_code, name, category, sub_category, protocol, port, banner_regex, vendor, product, version_expr,
 confidence, description, enabled, priority)
SELECT ?, ?, ?, ?, ?, ?, ?, ?, ?, ?, ?, ?, ?, ?
WHERE NOT EXISTS (SELECT 1 FROM asset_fingerprint_rule WHERE rule_code = ?)
]
2026-06-17T16:27:18.952+08:00 DEBUG 37112 --- [threat-platform] [           main] o.s.jdbc.core.StatementCreatorUtils      : JDBC getParameterType call failed - using fallback method instead: java.sql.SQLException: Parameter metadata not available for the given statement
2026-06-17T16:27:18.952+08:00 DEBUG 37112 --- [threat-platform] [           main] o.s.jdbc.core.StatementCreatorUtils      : JDBC getParameterType call failed - using fallback method instead: java.sql.SQLException: Parameter metadata not available for the given statement
2026-06-17T16:27:18.952+08:00 DEBUG 37112 --- [threat-platform] [           main] o.s.jdbc.core.StatementCreatorUtils      : JDBC getParameterType call failed - using fallback method instead: java.sql.SQLException: Parameter metadata not available for the given statement
2026-06-17T16:27:18.954+08:00 DEBUG 37112 --- [threat-platform] [           main] o.s.jdbc.core.JdbcTemplate               : Executing prepared SQL update
2026-06-17T16:27:18.954+08:00 DEBUG 37112 --- [threat-platform] [           main] o.s.jdbc.core.JdbcTemplate               : Executing prepared SQL statement [INSERT INTO asset_fingerprint_rule
(rule_code, name, category, sub_category, protocol, port, banner_regex, vendor, product, version_expr,
 confidence, description, enabled, priority)
SELECT ?, ?, ?, ?, ?, ?, ?, ?, ?, ?, ?, ?, ?, ?
WHERE NOT EXISTS (SELECT 1 FROM asset_fingerprint_rule WHERE rule_code = ?)
]
2026-06-17T16:27:18.954+08:00 DEBUG 37112 --- [threat-platform] [           main] o.s.jdbc.core.StatementCreatorUtils      : JDBC getParameterType call failed - using fallback method instead: java.sql.SQLException: Parameter metadata not available for the given statement
2026-06-17T16:27:18.955+08:00 DEBUG 37112 --- [threat-platform] [           main] o.s.jdbc.core.StatementCreatorUtils      : JDBC getParameterType call failed - using fallback method instead: java.sql.SQLException: Parameter metadata not available for the given statement
2026-06-17T16:27:18.955+08:00 DEBUG 37112 --- [threat-platform] [           main] o.s.jdbc.core.StatementCreatorUtils      : JDBC getParameterType call failed - using fallback method instead: java.sql.SQLException: Parameter metadata not available for the given statement
2026-06-17T16:27:18.957+08:00 DEBUG 37112 --- [threat-platform] [           main] o.s.jdbc.core.JdbcTemplate               : Executing prepared SQL update
2026-06-17T16:27:18.957+08:00 DEBUG 37112 --- [threat-platform] [           main] o.s.jdbc.core.JdbcTemplate               : Executing prepared SQL statement [INSERT INTO asset_fingerprint_rule
(rule_code, name, category, sub_category, protocol, port, banner_regex, vendor, product, version_expr,
 confidence, description, enabled, priority)
SELECT ?, ?, ?, ?, ?, ?, ?, ?, ?, ?, ?, ?, ?, ?
WHERE NOT EXISTS (SELECT 1 FROM asset_fingerprint_rule WHERE rule_code = ?)
]
2026-06-17T16:27:18.958+08:00 DEBUG 37112 --- [threat-platform] [           main] o.s.jdbc.core.StatementCreatorUtils      : JDBC getParameterType call failed - using fallback method instead: java.sql.SQLException: Parameter metadata not available for the given statement
2026-06-17T16:27:18.958+08:00 DEBUG 37112 --- [threat-platform] [           main] o.s.jdbc.core.StatementCreatorUtils      : JDBC getParameterType call failed - using fallback method instead: java.sql.SQLException: Parameter metadata not available for the given statement
2026-06-17T16:27:18.958+08:00 DEBUG 37112 --- [threat-platform] [           main] o.s.jdbc.core.StatementCreatorUtils      : JDBC getParameterType call failed - using fallback method instead: java.sql.SQLException: Parameter metadata not available for the given statement
2026-06-17T16:27:18.961+08:00 DEBUG 37112 --- [threat-platform] [           main] o.s.jdbc.core.JdbcTemplate               : Executing prepared SQL update
2026-06-17T16:27:18.961+08:00 DEBUG 37112 --- [threat-platform] [           main] o.s.jdbc.core.JdbcTemplate               : Executing prepared SQL statement [INSERT INTO asset_fingerprint_rule
(rule_code, name, category, sub_category, protocol, port, banner_regex, vendor, product, version_expr,
 confidence, description, enabled, priority)
SELECT ?, ?, ?, ?, ?, ?, ?, ?, ?, ?, ?, ?, ?, ?
WHERE NOT EXISTS (SELECT 1 FROM asset_fingerprint_rule WHERE rule_code = ?)
]
2026-06-17T16:27:18.961+08:00 DEBUG 37112 --- [threat-platform] [           main] o.s.jdbc.core.StatementCreatorUtils      : JDBC getParameterType call failed - using fallback method instead: java.sql.SQLException: Parameter metadata not available for the given statement
2026-06-17T16:27:18.962+08:00 DEBUG 37112 --- [threat-platform] [           main] o.s.jdbc.core.StatementCreatorUtils      : JDBC getParameterType call failed - using fallback method instead: java.sql.SQLException: Parameter metadata not available for the given statement
2026-06-17T16:27:18.962+08:00 DEBUG 37112 --- [threat-platform] [           main] o.s.jdbc.core.StatementCreatorUtils      : JDBC getParameterType call failed - using fallback method instead: java.sql.SQLException: Parameter metadata not available for the given statement
2026-06-17T16:27:18.963+08:00 DEBUG 37112 --- [threat-platform] [           main] o.s.jdbc.core.JdbcTemplate               : Executing prepared SQL update
2026-06-17T16:27:18.964+08:00 DEBUG 37112 --- [threat-platform] [           main] o.s.jdbc.core.JdbcTemplate               : Executing prepared SQL statement [INSERT INTO asset_fingerprint_rule
(rule_code, name, category, sub_category, protocol, port, banner_regex, vendor, product, version_expr,
 confidence, description, enabled, priority)
SELECT ?, ?, ?, ?, ?, ?, ?, ?, ?, ?, ?, ?, ?, ?
WHERE NOT EXISTS (SELECT 1 FROM asset_fingerprint_rule WHERE rule_code = ?)
]
2026-06-17T16:27:18.964+08:00 DEBUG 37112 --- [threat-platform] [           main] o.s.jdbc.core.StatementCreatorUtils      : JDBC getParameterType call failed - using fallback method instead: java.sql.SQLException: Parameter metadata not available for the given statement
2026-06-17T16:27:18.964+08:00 DEBUG 37112 --- [threat-platform] [           main] o.s.jdbc.core.StatementCreatorUtils      : JDBC getParameterType call failed - using fallback method instead: java.sql.SQLException: Parameter metadata not available for the given statement
2026-06-17T16:27:18.964+08:00 DEBUG 37112 --- [threat-platform] [           main] o.s.jdbc.core.StatementCreatorUtils      : JDBC getParameterType call failed - using fallback method instead: java.sql.SQLException: Parameter metadata not available for the given statement
2026-06-17T16:27:18.966+08:00 DEBUG 37112 --- [threat-platform] [           main] o.s.jdbc.core.JdbcTemplate               : Executing prepared SQL update
2026-06-17T16:27:18.967+08:00 DEBUG 37112 --- [threat-platform] [           main] o.s.jdbc.core.JdbcTemplate               : Executing prepared SQL statement [INSERT INTO asset_fingerprint_rule
(rule_code, name, category, sub_category, protocol, port, banner_regex, vendor, product, version_expr,
 confidence, description, enabled, priority)
SELECT ?, ?, ?, ?, ?, ?, ?, ?, ?, ?, ?, ?, ?, ?
WHERE NOT EXISTS (SELECT 1 FROM asset_fingerprint_rule WHERE rule_code = ?)
]
2026-06-17T16:27:18.967+08:00 DEBUG 37112 --- [threat-platform] [           main] o.s.jdbc.core.StatementCreatorUtils      : JDBC getParameterType call failed - using fallback method instead: java.sql.SQLException: Parameter metadata not available for the given statement
2026-06-17T16:27:18.967+08:00 DEBUG 37112 --- [threat-platform] [           main] o.s.jdbc.core.StatementCreatorUtils      : JDBC getParameterType call failed - using fallback method instead: java.sql.SQLException: Parameter metadata not available for the given statement
2026-06-17T16:27:18.967+08:00 DEBUG 37112 --- [threat-platform] [           main] o.s.jdbc.core.StatementCreatorUtils      : JDBC getParameterType call failed - using fallback method instead: java.sql.SQLException: Parameter metadata not available for the given statement
2026-06-17T16:27:18.968+08:00 DEBUG 37112 --- [threat-platform] [           main] o.s.jdbc.core.JdbcTemplate               : Executing prepared SQL update
2026-06-17T16:27:18.970+08:00 DEBUG 37112 --- [threat-platform] [           main] o.s.jdbc.core.JdbcTemplate               : Executing prepared SQL statement [INSERT INTO asset_fingerprint_rule
(rule_code, name, category, sub_category, protocol, port, banner_regex, vendor, product, version_expr,
 confidence, description, enabled, priority)
SELECT ?, ?, ?, ?, ?, ?, ?, ?, ?, ?, ?, ?, ?, ?
WHERE NOT EXISTS (SELECT 1 FROM asset_fingerprint_rule WHERE rule_code = ?)
]
2026-06-17T16:27:18.970+08:00 DEBUG 37112 --- [threat-platform] [           main] o.s.jdbc.core.StatementCreatorUtils      : JDBC getParameterType call failed - using fallback method instead: java.sql.SQLException: Parameter metadata not available for the given statement
2026-06-17T16:27:18.970+08:00 DEBUG 37112 --- [threat-platform] [           main] o.s.jdbc.core.StatementCreatorUtils      : JDBC getParameterType call failed - using fallback method instead: java.sql.SQLException: Parameter metadata not available for the given statement
2026-06-17T16:27:18.970+08:00 DEBUG 37112 --- [threat-platform] [           main] o.s.jdbc.core.StatementCreatorUtils      : JDBC getParameterType call failed - using fallback method instead: java.sql.SQLException: Parameter metadata not available for the given statement
2026-06-17T16:27:18.971+08:00 DEBUG 37112 --- [threat-platform] [           main] o.s.jdbc.core.JdbcTemplate               : Executing prepared SQL update
2026-06-17T16:27:18.972+08:00 DEBUG 37112 --- [threat-platform] [           main] o.s.jdbc.core.JdbcTemplate               : Executing prepared SQL statement [INSERT INTO asset_fingerprint_rule
(rule_code, name, category, sub_category, protocol, port, banner_regex, vendor, product, version_expr,
 confidence, description, enabled, priority)
SELECT ?, ?, ?, ?, ?, ?, ?, ?, ?, ?, ?, ?, ?, ?
WHERE NOT EXISTS (SELECT 1 FROM asset_fingerprint_rule WHERE rule_code = ?)
]
2026-06-17T16:27:18.972+08:00 DEBUG 37112 --- [threat-platform] [           main] o.s.jdbc.core.StatementCreatorUtils      : JDBC getParameterType call failed - using fallback method instead: java.sql.SQLException: Parameter metadata not available for the given statement
2026-06-17T16:27:18.973+08:00 DEBUG 37112 --- [threat-platform] [           main] o.s.jdbc.core.StatementCreatorUtils      : JDBC getParameterType call failed - using fallback method instead: java.sql.SQLException: Parameter metadata not available for the given statement
2026-06-17T16:27:18.973+08:00 DEBUG 37112 --- [threat-platform] [           main] o.s.jdbc.core.StatementCreatorUtils      : JDBC getParameterType call failed - using fallback method instead: java.sql.SQLException: Parameter metadata not available for the given statement
2026-06-17T16:27:18.975+08:00 DEBUG 37112 --- [threat-platform] [           main] o.s.jdbc.core.JdbcTemplate               : Executing prepared SQL update
2026-06-17T16:27:18.976+08:00 DEBUG 37112 --- [threat-platform] [           main] o.s.jdbc.core.JdbcTemplate               : Executing prepared SQL statement [INSERT INTO asset_fingerprint_rule
(rule_code, name, category, sub_category, protocol, port, banner_regex, vendor, product, version_expr,
 confidence, description, enabled, priority)
SELECT ?, ?, ?, ?, ?, ?, ?, ?, ?, ?, ?, ?, ?, ?
WHERE NOT EXISTS (SELECT 1 FROM asset_fingerprint_rule WHERE rule_code = ?)
]
2026-06-17T16:27:18.976+08:00 DEBUG 37112 --- [threat-platform] [           main] o.s.jdbc.core.StatementCreatorUtils      : JDBC getParameterType call failed - using fallback method instead: java.sql.SQLException: Parameter metadata not available for the given statement
2026-06-17T16:27:18.977+08:00 DEBUG 37112 --- [threat-platform] [           main] o.s.jdbc.core.StatementCreatorUtils      : JDBC getParameterType call failed - using fallback method instead: java.sql.SQLException: Parameter metadata not available for the given statement
2026-06-17T16:27:18.977+08:00 DEBUG 37112 --- [threat-platform] [           main] o.s.jdbc.core.StatementCreatorUtils      : JDBC getParameterType call failed - using fallback method instead: java.sql.SQLException: Parameter metadata not available for the given statement
2026-06-17T16:27:18.978+08:00 DEBUG 37112 --- [threat-platform] [           main] o.s.jdbc.core.JdbcTemplate               : Executing prepared SQL update
2026-06-17T16:27:18.979+08:00 DEBUG 37112 --- [threat-platform] [           main] o.s.jdbc.core.JdbcTemplate               : Executing prepared SQL statement [INSERT INTO asset_fingerprint_rule
(rule_code, name, category, sub_category, protocol, port, banner_regex, vendor, product, version_expr,
 confidence, description, enabled, priority)
SELECT ?, ?, ?, ?, ?, ?, ?, ?, ?, ?, ?, ?, ?, ?
WHERE NOT EXISTS (SELECT 1 FROM asset_fingerprint_rule WHERE rule_code = ?)
]
2026-06-17T16:27:18.979+08:00 DEBUG 37112 --- [threat-platform] [           main] o.s.jdbc.core.StatementCreatorUtils      : JDBC getParameterType call failed - using fallback method instead: java.sql.SQLException: Parameter metadata not available for the given statement
2026-06-17T16:27:18.979+08:00 DEBUG 37112 --- [threat-platform] [           main] o.s.jdbc.core.StatementCreatorUtils      : JDBC getParameterType call failed - using fallback method instead: java.sql.SQLException: Parameter metadata not available for the given statement
2026-06-17T16:27:18.980+08:00 DEBUG 37112 --- [threat-platform] [           main] o.s.jdbc.core.StatementCreatorUtils      : JDBC getParameterType call failed - using fallback method instead: java.sql.SQLException: Parameter metadata not available for the given statement
2026-06-17T16:27:18.981+08:00 DEBUG 37112 --- [threat-platform] [           main] o.s.jdbc.core.JdbcTemplate               : Executing prepared SQL update
2026-06-17T16:27:18.981+08:00 DEBUG 37112 --- [threat-platform] [           main] o.s.jdbc.core.JdbcTemplate               : Executing prepared SQL statement [INSERT INTO asset_fingerprint_rule
(rule_code, name, category, sub_category, protocol, port, banner_regex, vendor, product, version_expr,
 confidence, description, enabled, priority)
SELECT ?, ?, ?, ?, ?, ?, ?, ?, ?, ?, ?, ?, ?, ?
WHERE NOT EXISTS (SELECT 1 FROM asset_fingerprint_rule WHERE rule_code = ?)
]
2026-06-17T16:27:18.982+08:00 DEBUG 37112 --- [threat-platform] [           main] o.s.jdbc.core.StatementCreatorUtils      : JDBC getParameterType call failed - using fallback method instead: java.sql.SQLException: Parameter metadata not available for the given statement
2026-06-17T16:27:18.982+08:00 DEBUG 37112 --- [threat-platform] [           main] o.s.jdbc.core.StatementCreatorUtils      : JDBC getParameterType call failed - using fallback method instead: java.sql.SQLException: Parameter metadata not available for the given statement
2026-06-17T16:27:18.983+08:00 DEBUG 37112 --- [threat-platform] [           main] o.s.jdbc.core.StatementCreatorUtils      : JDBC getParameterType call failed - using fallback method instead: java.sql.SQLException: Parameter metadata not available for the given statement
2026-06-17T16:27:18.984+08:00 DEBUG 37112 --- [threat-platform] [           main] o.s.jdbc.core.JdbcTemplate               : Executing prepared SQL update
2026-06-17T16:27:18.985+08:00 DEBUG 37112 --- [threat-platform] [           main] o.s.jdbc.core.JdbcTemplate               : Executing prepared SQL statement [INSERT INTO asset_fingerprint_rule
(rule_code, name, category, sub_category, protocol, port, banner_regex, vendor, product, version_expr,
 confidence, description, enabled, priority)
SELECT ?, ?, ?, ?, ?, ?, ?, ?, ?, ?, ?, ?, ?, ?
WHERE NOT EXISTS (SELECT 1 FROM asset_fingerprint_rule WHERE rule_code = ?)
]
2026-06-17T16:27:18.985+08:00 DEBUG 37112 --- [threat-platform] [           main] o.s.jdbc.core.StatementCreatorUtils      : JDBC getParameterType call failed - using fallback method instead: java.sql.SQLException: Parameter metadata not available for the given statement
2026-06-17T16:27:18.985+08:00 DEBUG 37112 --- [threat-platform] [           main] o.s.jdbc.core.StatementCreatorUtils      : JDBC getParameterType call failed - using fallback method instead: java.sql.SQLException: Parameter metadata not available for the given statement
2026-06-17T16:27:18.986+08:00 DEBUG 37112 --- [threat-platform] [           main] o.s.jdbc.core.StatementCreatorUtils      : JDBC getParameterType call failed - using fallback method instead: java.sql.SQLException: Parameter metadata not available for the given statement
2026-06-17T16:27:18.987+08:00 DEBUG 37112 --- [threat-platform] [           main] o.s.jdbc.core.JdbcTemplate               : Executing prepared SQL update
2026-06-17T16:27:18.987+08:00 DEBUG 37112 --- [threat-platform] [           main] o.s.jdbc.core.JdbcTemplate               : Executing prepared SQL statement [INSERT INTO asset_fingerprint_rule
(rule_code, name, category, sub_category, protocol, port, banner_regex, vendor, product, version_expr,
 confidence, description, enabled, priority)
SELECT ?, ?, ?, ?, ?, ?, ?, ?, ?, ?, ?, ?, ?, ?
WHERE NOT EXISTS (SELECT 1 FROM asset_fingerprint_rule WHERE rule_code = ?)
]
2026-06-17T16:27:18.987+08:00 DEBUG 37112 --- [threat-platform] [           main] o.s.jdbc.core.StatementCreatorUtils      : JDBC getParameterType call failed - using fallback method instead: java.sql.SQLException: Parameter metadata not available for the given statement
2026-06-17T16:27:18.988+08:00 DEBUG 37112 --- [threat-platform] [           main] o.s.jdbc.core.StatementCreatorUtils      : JDBC getParameterType call failed - using fallback method instead: java.sql.SQLException: Parameter metadata not available for the given statement
2026-06-17T16:27:18.988+08:00 DEBUG 37112 --- [threat-platform] [           main] o.s.jdbc.core.StatementCreatorUtils      : JDBC getParameterType call failed - using fallback method instead: java.sql.SQLException: Parameter metadata not available for the given statement
2026-06-17T16:27:18.990+08:00 DEBUG 37112 --- [threat-platform] [           main] o.s.jdbc.core.JdbcTemplate               : Executing prepared SQL update
2026-06-17T16:27:18.991+08:00 DEBUG 37112 --- [threat-platform] [           main] o.s.jdbc.core.JdbcTemplate               : Executing prepared SQL statement [INSERT INTO asset_fingerprint_rule
(rule_code, name, category, sub_category, protocol, port, banner_regex, vendor, product, version_expr,
 confidence, description, enabled, priority)
SELECT ?, ?, ?, ?, ?, ?, ?, ?, ?, ?, ?, ?, ?, ?
WHERE NOT EXISTS (SELECT 1 FROM asset_fingerprint_rule WHERE rule_code = ?)
]
2026-06-17T16:27:18.991+08:00 DEBUG 37112 --- [threat-platform] [           main] o.s.jdbc.core.StatementCreatorUtils      : JDBC getParameterType call failed - using fallback method instead: java.sql.SQLException: Parameter metadata not available for the given statement
2026-06-17T16:27:18.992+08:00 DEBUG 37112 --- [threat-platform] [           main] o.s.jdbc.core.StatementCreatorUtils      : JDBC getParameterType call failed - using fallback method instead: java.sql.SQLException: Parameter metadata not available for the given statement
2026-06-17T16:27:18.992+08:00 DEBUG 37112 --- [threat-platform] [           main] o.s.jdbc.core.StatementCreatorUtils      : JDBC getParameterType call failed - using fallback method instead: java.sql.SQLException: Parameter metadata not available for the given statement
2026-06-17T16:27:18.994+08:00 DEBUG 37112 --- [threat-platform] [           main] o.s.jdbc.core.JdbcTemplate               : Executing prepared SQL update
2026-06-17T16:27:18.994+08:00 DEBUG 37112 --- [threat-platform] [           main] o.s.jdbc.core.JdbcTemplate               : Executing prepared SQL statement [INSERT INTO asset_fingerprint_rule
(rule_code, name, category, sub_category, protocol, port, banner_regex, vendor, product, version_expr,
 confidence, description, enabled, priority)
SELECT ?, ?, ?, ?, ?, ?, ?, ?, ?, ?, ?, ?, ?, ?
WHERE NOT EXISTS (SELECT 1 FROM asset_fingerprint_rule WHERE rule_code = ?)
]
2026-06-17T16:27:18.994+08:00 DEBUG 37112 --- [threat-platform] [           main] o.s.jdbc.core.StatementCreatorUtils      : JDBC getParameterType call failed - using fallback method instead: java.sql.SQLException: Parameter metadata not available for the given statement
2026-06-17T16:27:18.994+08:00 DEBUG 37112 --- [threat-platform] [           main] o.s.jdbc.core.StatementCreatorUtils      : JDBC getParameterType call failed - using fallback method instead: java.sql.SQLException: Parameter metadata not available for the given statement
2026-06-17T16:27:18.995+08:00 DEBUG 37112 --- [threat-platform] [           main] o.s.jdbc.core.StatementCreatorUtils      : JDBC getParameterType call failed - using fallback method instead: java.sql.SQLException: Parameter metadata not available for the given statement
2026-06-17T16:27:18.996+08:00 DEBUG 37112 --- [threat-platform] [           main] o.s.jdbc.core.JdbcTemplate               : Executing prepared SQL update
2026-06-17T16:27:18.996+08:00 DEBUG 37112 --- [threat-platform] [           main] o.s.jdbc.core.JdbcTemplate               : Executing prepared SQL statement [INSERT INTO asset_fingerprint_rule
(rule_code, name, category, sub_category, protocol, port, banner_regex, vendor, product, version_expr,
 confidence, description, enabled, priority)
SELECT ?, ?, ?, ?, ?, ?, ?, ?, ?, ?, ?, ?, ?, ?
WHERE NOT EXISTS (SELECT 1 FROM asset_fingerprint_rule WHERE rule_code = ?)
]
2026-06-17T16:27:18.997+08:00 DEBUG 37112 --- [threat-platform] [           main] o.s.jdbc.core.StatementCreatorUtils      : JDBC getParameterType call failed - using fallback method instead: java.sql.SQLException: Parameter metadata not available for the given statement
2026-06-17T16:27:18.997+08:00 DEBUG 37112 --- [threat-platform] [           main] o.s.jdbc.core.StatementCreatorUtils      : JDBC getParameterType call failed - using fallback method instead: java.sql.SQLException: Parameter metadata not available for the given statement
2026-06-17T16:27:18.997+08:00 DEBUG 37112 --- [threat-platform] [           main] o.s.jdbc.core.StatementCreatorUtils      : JDBC getParameterType call failed - using fallback method instead: java.sql.SQLException: Parameter metadata not available for the given statement
2026-06-17T16:27:18.999+08:00 DEBUG 37112 --- [threat-platform] [           main] o.s.jdbc.core.JdbcTemplate               : Executing prepared SQL update
2026-06-17T16:27:18.999+08:00 DEBUG 37112 --- [threat-platform] [           main] o.s.jdbc.core.JdbcTemplate               : Executing prepared SQL statement [INSERT INTO asset_fingerprint_rule
(rule_code, name, category, sub_category, protocol, port, banner_regex, vendor, product, version_expr,
 confidence, description, enabled, priority)
SELECT ?, ?, ?, ?, ?, ?, ?, ?, ?, ?, ?, ?, ?, ?
WHERE NOT EXISTS (SELECT 1 FROM asset_fingerprint_rule WHERE rule_code = ?)
]
2026-06-17T16:27:18.999+08:00 DEBUG 37112 --- [threat-platform] [           main] o.s.jdbc.core.StatementCreatorUtils      : JDBC getParameterType call failed - using fallback method instead: java.sql.SQLException: Parameter metadata not available for the given statement
2026-06-17T16:27:19.001+08:00 DEBUG 37112 --- [threat-platform] [           main] o.s.jdbc.core.StatementCreatorUtils      : JDBC getParameterType call failed - using fallback method instead: java.sql.SQLException: Parameter metadata not available for the given statement
2026-06-17T16:27:19.001+08:00 DEBUG 37112 --- [threat-platform] [           main] o.s.jdbc.core.StatementCreatorUtils      : JDBC getParameterType call failed - using fallback method instead: java.sql.SQLException: Parameter metadata not available for the given statement
2026-06-17T16:27:19.002+08:00 DEBUG 37112 --- [threat-platform] [           main] o.s.jdbc.core.JdbcTemplate               : Executing prepared SQL update
2026-06-17T16:27:19.003+08:00 DEBUG 37112 --- [threat-platform] [           main] o.s.jdbc.core.JdbcTemplate               : Executing prepared SQL statement [INSERT INTO asset_fingerprint_rule
(rule_code, name, category, sub_category, protocol, port, banner_regex, vendor, product, version_expr,
 confidence, description, enabled, priority)
SELECT ?, ?, ?, ?, ?, ?, ?, ?, ?, ?, ?, ?, ?, ?
WHERE NOT EXISTS (SELECT 1 FROM asset_fingerprint_rule WHERE rule_code = ?)
]
2026-06-17T16:27:19.003+08:00 DEBUG 37112 --- [threat-platform] [           main] o.s.jdbc.core.StatementCreatorUtils      : JDBC getParameterType call failed - using fallback method instead: java.sql.SQLException: Parameter metadata not available for the given statement
2026-06-17T16:27:19.003+08:00 DEBUG 37112 --- [threat-platform] [           main] o.s.jdbc.core.StatementCreatorUtils      : JDBC getParameterType call failed - using fallback method instead: java.sql.SQLException: Parameter metadata not available for the given statement
2026-06-17T16:27:19.003+08:00 DEBUG 37112 --- [threat-platform] [           main] o.s.jdbc.core.StatementCreatorUtils      : JDBC getParameterType call failed - using fallback method instead: java.sql.SQLException: Parameter metadata not available for the given statement
2026-06-17T16:27:19.005+08:00 DEBUG 37112 --- [threat-platform] [           main] o.s.jdbc.core.JdbcTemplate               : Executing prepared SQL update
2026-06-17T16:27:19.005+08:00 DEBUG 37112 --- [threat-platform] [           main] o.s.jdbc.core.JdbcTemplate               : Executing prepared SQL statement [INSERT INTO asset_fingerprint_rule
(rule_code, name, category, sub_category, protocol, port, banner_regex, vendor, product, version_expr,
 confidence, description, enabled, priority)
SELECT ?, ?, ?, ?, ?, ?, ?, ?, ?, ?, ?, ?, ?, ?
WHERE NOT EXISTS (SELECT 1 FROM asset_fingerprint_rule WHERE rule_code = ?)
]
2026-06-17T16:27:19.006+08:00 DEBUG 37112 --- [threat-platform] [           main] o.s.jdbc.core.StatementCreatorUtils      : JDBC getParameterType call failed - using fallback method instead: java.sql.SQLException: Parameter metadata not available for the given statement
2026-06-17T16:27:19.006+08:00 DEBUG 37112 --- [threat-platform] [           main] o.s.jdbc.core.StatementCreatorUtils      : JDBC getParameterType call failed - using fallback method instead: java.sql.SQLException: Parameter metadata not available for the given statement
2026-06-17T16:27:19.007+08:00 DEBUG 37112 --- [threat-platform] [           main] o.s.jdbc.core.StatementCreatorUtils      : JDBC getParameterType call failed - using fallback method instead: java.sql.SQLException: Parameter metadata not available for the given statement
2026-06-17T16:27:19.009+08:00 DEBUG 37112 --- [threat-platform] [           main] o.s.jdbc.core.JdbcTemplate               : Executing prepared SQL update
2026-06-17T16:27:19.009+08:00 DEBUG 37112 --- [threat-platform] [           main] o.s.jdbc.core.JdbcTemplate               : Executing prepared SQL statement [INSERT INTO asset_fingerprint_rule
(rule_code, name, category, sub_category, protocol, port, banner_regex, vendor, product, version_expr,
 confidence, description, enabled, priority)
SELECT ?, ?, ?, ?, ?, ?, ?, ?, ?, ?, ?, ?, ?, ?
WHERE NOT EXISTS (SELECT 1 FROM asset_fingerprint_rule WHERE rule_code = ?)
]
2026-06-17T16:27:19.009+08:00 DEBUG 37112 --- [threat-platform] [           main] o.s.jdbc.core.StatementCreatorUtils      : JDBC getParameterType call failed - using fallback method instead: java.sql.SQLException: Parameter metadata not available for the given statement
2026-06-17T16:27:19.010+08:00 DEBUG 37112 --- [threat-platform] [           main] o.s.jdbc.core.StatementCreatorUtils      : JDBC getParameterType call failed - using fallback method instead: java.sql.SQLException: Parameter metadata not available for the given statement
2026-06-17T16:27:19.010+08:00 DEBUG 37112 --- [threat-platform] [           main] o.s.jdbc.core.StatementCreatorUtils      : JDBC getParameterType call failed - using fallback method instead: java.sql.SQLException: Parameter metadata not available for the given statement
2026-06-17T16:27:19.011+08:00 DEBUG 37112 --- [threat-platform] [           main] o.s.jdbc.core.JdbcTemplate               : Executing prepared SQL update
2026-06-17T16:27:19.012+08:00 DEBUG 37112 --- [threat-platform] [           main] o.s.jdbc.core.JdbcTemplate               : Executing prepared SQL statement [INSERT INTO asset_fingerprint_rule
(rule_code, name, category, sub_category, protocol, port, banner_regex, vendor, product, version_expr,
 confidence, description, enabled, priority)
SELECT ?, ?, ?, ?, ?, ?, ?, ?, ?, ?, ?, ?, ?, ?
WHERE NOT EXISTS (SELECT 1 FROM asset_fingerprint_rule WHERE rule_code = ?)
]
2026-06-17T16:27:19.012+08:00 DEBUG 37112 --- [threat-platform] [           main] o.s.jdbc.core.StatementCreatorUtils      : JDBC getParameterType call failed - using fallback method instead: java.sql.SQLException: Parameter metadata not available for the given statement
2026-06-17T16:27:19.012+08:00 DEBUG 37112 --- [threat-platform] [           main] o.s.jdbc.core.StatementCreatorUtils      : JDBC getParameterType call failed - using fallback method instead: java.sql.SQLException: Parameter metadata not available for the given statement
2026-06-17T16:27:19.013+08:00 DEBUG 37112 --- [threat-platform] [           main] o.s.jdbc.core.StatementCreatorUtils      : JDBC getParameterType call failed - using fallback method instead: java.sql.SQLException: Parameter metadata not available for the given statement
2026-06-17T16:27:19.014+08:00 DEBUG 37112 --- [threat-platform] [           main] o.s.jdbc.core.JdbcTemplate               : Executing prepared SQL update
2026-06-17T16:27:19.014+08:00 DEBUG 37112 --- [threat-platform] [           main] o.s.jdbc.core.JdbcTemplate               : Executing prepared SQL statement [INSERT INTO asset_fingerprint_rule
(rule_code, name, category, sub_category, protocol, port, banner_regex, vendor, product, version_expr,
 confidence, description, enabled, priority)
SELECT ?, ?, ?, ?, ?, ?, ?, ?, ?, ?, ?, ?, ?, ?
WHERE NOT EXISTS (SELECT 1 FROM asset_fingerprint_rule WHERE rule_code = ?)
]
2026-06-17T16:27:19.016+08:00 DEBUG 37112 --- [threat-platform] [           main] o.s.jdbc.core.StatementCreatorUtils      : JDBC getParameterType call failed - using fallback method instead: java.sql.SQLException: Parameter metadata not available for the given statement
2026-06-17T16:27:19.016+08:00 DEBUG 37112 --- [threat-platform] [           main] o.s.jdbc.core.StatementCreatorUtils      : JDBC getParameterType call failed - using fallback method instead: java.sql.SQLException: Parameter metadata not available for the given statement
2026-06-17T16:27:19.016+08:00 DEBUG 37112 --- [threat-platform] [           main] o.s.jdbc.core.StatementCreatorUtils      : JDBC getParameterType call failed - using fallback method instead: java.sql.SQLException: Parameter metadata not available for the given statement
2026-06-17T16:27:19.017+08:00 DEBUG 37112 --- [threat-platform] [           main] o.s.jdbc.core.JdbcTemplate               : Executing prepared SQL update
2026-06-17T16:27:19.018+08:00 DEBUG 37112 --- [threat-platform] [           main] o.s.jdbc.core.JdbcTemplate               : Executing prepared SQL statement [INSERT INTO asset_fingerprint_rule
(rule_code, name, category, sub_category, protocol, port, banner_regex, vendor, product, version_expr,
 confidence, description, enabled, priority)
SELECT ?, ?, ?, ?, ?, ?, ?, ?, ?, ?, ?, ?, ?, ?
WHERE NOT EXISTS (SELECT 1 FROM asset_fingerprint_rule WHERE rule_code = ?)
]
2026-06-17T16:27:19.018+08:00 DEBUG 37112 --- [threat-platform] [           main] o.s.jdbc.core.StatementCreatorUtils      : JDBC getParameterType call failed - using fallback method instead: java.sql.SQLException: Parameter metadata not available for the given statement
2026-06-17T16:27:19.018+08:00 DEBUG 37112 --- [threat-platform] [           main] o.s.jdbc.core.StatementCreatorUtils      : JDBC getParameterType call failed - using fallback method instead: java.sql.SQLException: Parameter metadata not available for the given statement
2026-06-17T16:27:19.019+08:00 DEBUG 37112 --- [threat-platform] [           main] o.s.jdbc.core.StatementCreatorUtils      : JDBC getParameterType call failed - using fallback method instead: java.sql.SQLException: Parameter metadata not available for the given statement
2026-06-17T16:27:19.021+08:00 DEBUG 37112 --- [threat-platform] [           main] o.s.jdbc.core.JdbcTemplate               : Executing prepared SQL update
2026-06-17T16:27:19.022+08:00 DEBUG 37112 --- [threat-platform] [           main] o.s.jdbc.core.JdbcTemplate               : Executing prepared SQL statement [INSERT INTO asset_fingerprint_rule
(rule_code, name, category, sub_category, protocol, port, banner_regex, vendor, product, version_expr,
 confidence, description, enabled, priority)
SELECT ?, ?, ?, ?, ?, ?, ?, ?, ?, ?, ?, ?, ?, ?
WHERE NOT EXISTS (SELECT 1 FROM asset_fingerprint_rule WHERE rule_code = ?)
]
2026-06-17T16:27:19.022+08:00 DEBUG 37112 --- [threat-platform] [           main] o.s.jdbc.core.StatementCreatorUtils      : JDBC getParameterType call failed - using fallback method instead: java.sql.SQLException: Parameter metadata not available for the given statement
2026-06-17T16:27:19.022+08:00 DEBUG 37112 --- [threat-platform] [           main] o.s.jdbc.core.StatementCreatorUtils      : JDBC getParameterType call failed - using fallback method instead: java.sql.SQLException: Parameter metadata not available for the given statement
2026-06-17T16:27:19.022+08:00 DEBUG 37112 --- [threat-platform] [           main] o.s.jdbc.core.StatementCreatorUtils      : JDBC getParameterType call failed - using fallback method instead: java.sql.SQLException: Parameter metadata not available for the given statement
2026-06-17T16:27:19.024+08:00 DEBUG 37112 --- [threat-platform] [           main] o.s.jdbc.core.JdbcTemplate               : Executing prepared SQL update
2026-06-17T16:27:19.025+08:00 DEBUG 37112 --- [threat-platform] [           main] o.s.jdbc.core.JdbcTemplate               : Executing prepared SQL statement [INSERT INTO asset_fingerprint_rule
(rule_code, name, category, sub_category, protocol, port, banner_regex, vendor, product, version_expr,
 confidence, description, enabled, priority)
SELECT ?, ?, ?, ?, ?, ?, ?, ?, ?, ?, ?, ?, ?, ?
WHERE NOT EXISTS (SELECT 1 FROM asset_fingerprint_rule WHERE rule_code = ?)
]
2026-06-17T16:27:19.025+08:00 DEBUG 37112 --- [threat-platform] [           main] o.s.jdbc.core.StatementCreatorUtils      : JDBC getParameterType call failed - using fallback method instead: java.sql.SQLException: Parameter metadata not available for the given statement
2026-06-17T16:27:19.025+08:00 DEBUG 37112 --- [threat-platform] [           main] o.s.jdbc.core.StatementCreatorUtils      : JDBC getParameterType call failed - using fallback method instead: java.sql.SQLException: Parameter metadata not available for the given statement
2026-06-17T16:27:19.025+08:00 DEBUG 37112 --- [threat-platform] [           main] o.s.jdbc.core.StatementCreatorUtils      : JDBC getParameterType call failed - using fallback method instead: java.sql.SQLException: Parameter metadata not available for the given statement
2026-06-17T16:27:19.027+08:00 DEBUG 37112 --- [threat-platform] [           main] o.s.jdbc.core.JdbcTemplate               : Executing prepared SQL update
2026-06-17T16:27:19.027+08:00 DEBUG 37112 --- [threat-platform] [           main] o.s.jdbc.core.JdbcTemplate               : Executing prepared SQL statement [INSERT INTO asset_fingerprint_rule
(rule_code, name, category, sub_category, protocol, port, banner_regex, vendor, product, version_expr,
 confidence, description, enabled, priority)
SELECT ?, ?, ?, ?, ?, ?, ?, ?, ?, ?, ?, ?, ?, ?
WHERE NOT EXISTS (SELECT 1 FROM asset_fingerprint_rule WHERE rule_code = ?)
]
2026-06-17T16:27:19.028+08:00 DEBUG 37112 --- [threat-platform] [           main] o.s.jdbc.core.StatementCreatorUtils      : JDBC getParameterType call failed - using fallback method instead: java.sql.SQLException: Parameter metadata not available for the given statement
2026-06-17T16:27:19.028+08:00 DEBUG 37112 --- [threat-platform] [           main] o.s.jdbc.core.StatementCreatorUtils      : JDBC getParameterType call failed - using fallback method instead: java.sql.SQLException: Parameter metadata not available for the given statement
2026-06-17T16:27:19.030+08:00 DEBUG 37112 --- [threat-platform] [           main] o.s.jdbc.core.JdbcTemplate               : Executing prepared SQL update
2026-06-17T16:27:19.030+08:00 DEBUG 37112 --- [threat-platform] [           main] o.s.jdbc.core.JdbcTemplate               : Executing prepared SQL statement [INSERT INTO asset_fingerprint_rule
(rule_code, name, category, sub_category, protocol, port, banner_regex, vendor, product, version_expr,
 confidence, description, enabled, priority)
SELECT ?, ?, ?, ?, ?, ?, ?, ?, ?, ?, ?, ?, ?, ?
WHERE NOT EXISTS (SELECT 1 FROM asset_fingerprint_rule WHERE rule_code = ?)
]
2026-06-17T16:27:19.031+08:00 DEBUG 37112 --- [threat-platform] [           main] o.s.jdbc.core.StatementCreatorUtils      : JDBC getParameterType call failed - using fallback method instead: java.sql.SQLException: Parameter metadata not available for the given statement
2026-06-17T16:27:19.031+08:00 DEBUG 37112 --- [threat-platform] [           main] o.s.jdbc.core.StatementCreatorUtils      : JDBC getParameterType call failed - using fallback method instead: java.sql.SQLException: Parameter metadata not available for the given statement
2026-06-17T16:27:19.031+08:00 DEBUG 37112 --- [threat-platform] [           main] o.s.jdbc.core.StatementCreatorUtils      : JDBC getParameterType call failed - using fallback method instead: java.sql.SQLException: Parameter metadata not available for the given statement
2026-06-17T16:27:19.033+08:00 DEBUG 37112 --- [threat-platform] [           main] o.s.jdbc.core.JdbcTemplate               : Executing prepared SQL update
2026-06-17T16:27:19.033+08:00 DEBUG 37112 --- [threat-platform] [           main] o.s.jdbc.core.JdbcTemplate               : Executing prepared SQL statement [INSERT INTO asset_fingerprint_rule
(rule_code, name, category, sub_category, protocol, port, banner_regex, vendor, product, version_expr,
 confidence, description, enabled, priority)
SELECT ?, ?, ?, ?, ?, ?, ?, ?, ?, ?, ?, ?, ?, ?
WHERE NOT EXISTS (SELECT 1 FROM asset_fingerprint_rule WHERE rule_code = ?)
]
2026-06-17T16:27:19.033+08:00 DEBUG 37112 --- [threat-platform] [           main] o.s.jdbc.core.StatementCreatorUtils      : JDBC getParameterType call failed - using fallback method instead: java.sql.SQLException: Parameter metadata not available for the given statement
2026-06-17T16:27:19.033+08:00 DEBUG 37112 --- [threat-platform] [           main] o.s.jdbc.core.StatementCreatorUtils      : JDBC getParameterType call failed - using fallback method instead: java.sql.SQLException: Parameter metadata not available for the given statement
2026-06-17T16:27:19.034+08:00 DEBUG 37112 --- [threat-platform] [           main] o.s.jdbc.core.StatementCreatorUtils      : JDBC getParameterType call failed - using fallback method instead: java.sql.SQLException: Parameter metadata not available for the given statement
2026-06-17T16:27:19.036+08:00 DEBUG 37112 --- [threat-platform] [           main] o.s.jdbc.core.JdbcTemplate               : Executing prepared SQL update
2026-06-17T16:27:19.036+08:00 DEBUG 37112 --- [threat-platform] [           main] o.s.jdbc.core.JdbcTemplate               : Executing prepared SQL statement [INSERT INTO asset_fingerprint_rule
(rule_code, name, category, sub_category, protocol, port, banner_regex, vendor, product, version_expr,
 confidence, description, enabled, priority)
SELECT ?, ?, ?, ?, ?, ?, ?, ?, ?, ?, ?, ?, ?, ?
WHERE NOT EXISTS (SELECT 1 FROM asset_fingerprint_rule WHERE rule_code = ?)
]
2026-06-17T16:27:19.036+08:00 DEBUG 37112 --- [threat-platform] [           main] o.s.jdbc.core.StatementCreatorUtils      : JDBC getParameterType call failed - using fallback method instead: java.sql.SQLException: Parameter metadata not available for the given statement
2026-06-17T16:27:19.036+08:00 DEBUG 37112 --- [threat-platform] [           main] o.s.jdbc.core.StatementCreatorUtils      : JDBC getParameterType call failed - using fallback method instead: java.sql.SQLException: Parameter metadata not available for the given statement
2026-06-17T16:27:19.037+08:00 DEBUG 37112 --- [threat-platform] [           main] o.s.jdbc.core.StatementCreatorUtils      : JDBC getParameterType call failed - using fallback method instead: java.sql.SQLException: Parameter metadata not available for the given statement
2026-06-17T16:27:19.038+08:00 DEBUG 37112 --- [threat-platform] [           main] o.s.jdbc.core.JdbcTemplate               : Executing prepared SQL update
2026-06-17T16:27:19.038+08:00 DEBUG 37112 --- [threat-platform] [           main] o.s.jdbc.core.JdbcTemplate               : Executing prepared SQL statement [INSERT INTO asset_fingerprint_rule
(rule_code, name, category, sub_category, protocol, port, banner_regex, vendor, product, version_expr,
 confidence, description, enabled, priority)
SELECT ?, ?, ?, ?, ?, ?, ?, ?, ?, ?, ?, ?, ?, ?
WHERE NOT EXISTS (SELECT 1 FROM asset_fingerprint_rule WHERE rule_code = ?)
]
2026-06-17T16:27:19.038+08:00 DEBUG 37112 --- [threat-platform] [           main] o.s.jdbc.core.StatementCreatorUtils      : JDBC getParameterType call failed - using fallback method instead: java.sql.SQLException: Parameter metadata not available for the given statement
2026-06-17T16:27:19.038+08:00 DEBUG 37112 --- [threat-platform] [           main] o.s.jdbc.core.StatementCreatorUtils      : JDBC getParameterType call failed - using fallback method instead: java.sql.SQLException: Parameter metadata not available for the given statement
2026-06-17T16:27:19.039+08:00 DEBUG 37112 --- [threat-platform] [           main] o.s.jdbc.core.StatementCreatorUtils      : JDBC getParameterType call failed - using fallback method instead: java.sql.SQLException: Parameter metadata not available for the given statement
2026-06-17T16:27:19.041+08:00 DEBUG 37112 --- [threat-platform] [           main] o.s.jdbc.core.JdbcTemplate               : Executing prepared SQL update
2026-06-17T16:27:19.041+08:00 DEBUG 37112 --- [threat-platform] [           main] o.s.jdbc.core.JdbcTemplate               : Executing prepared SQL statement [INSERT INTO asset_fingerprint_rule
(rule_code, name, category, sub_category, protocol, port, banner_regex, vendor, product, version_expr,
 confidence, description, enabled, priority)
SELECT ?, ?, ?, ?, ?, ?, ?, ?, ?, ?, ?, ?, ?, ?
WHERE NOT EXISTS (SELECT 1 FROM asset_fingerprint_rule WHERE rule_code = ?)
]
2026-06-17T16:27:19.041+08:00 DEBUG 37112 --- [threat-platform] [           main] o.s.jdbc.core.StatementCreatorUtils      : JDBC getParameterType call failed - using fallback method instead: java.sql.SQLException: Parameter metadata not available for the given statement
2026-06-17T16:27:19.041+08:00 DEBUG 37112 --- [threat-platform] [           main] o.s.jdbc.core.StatementCreatorUtils      : JDBC getParameterType call failed - using fallback method instead: java.sql.SQLException: Parameter metadata not available for the given statement
2026-06-17T16:27:19.042+08:00 DEBUG 37112 --- [threat-platform] [           main] o.s.jdbc.core.StatementCreatorUtils      : JDBC getParameterType call failed - using fallback method instead: java.sql.SQLException: Parameter metadata not available for the given statement
2026-06-17T16:27:19.043+08:00 DEBUG 37112 --- [threat-platform] [           main] o.s.jdbc.core.JdbcTemplate               : Executing prepared SQL update
2026-06-17T16:27:19.044+08:00 DEBUG 37112 --- [threat-platform] [           main] o.s.jdbc.core.JdbcTemplate               : Executing prepared SQL statement [INSERT INTO asset_fingerprint_rule
(rule_code, name, category, sub_category, protocol, port, banner_regex, vendor, product, version_expr,
 confidence, description, enabled, priority)
SELECT ?, ?, ?, ?, ?, ?, ?, ?, ?, ?, ?, ?, ?, ?
WHERE NOT EXISTS (SELECT 1 FROM asset_fingerprint_rule WHERE rule_code = ?)
]
2026-06-17T16:27:19.044+08:00 DEBUG 37112 --- [threat-platform] [           main] o.s.jdbc.core.StatementCreatorUtils      : JDBC getParameterType call failed - using fallback method instead: java.sql.SQLException: Parameter metadata not available for the given statement
2026-06-17T16:27:19.044+08:00 DEBUG 37112 --- [threat-platform] [           main] o.s.jdbc.core.StatementCreatorUtils      : JDBC getParameterType call failed - using fallback method instead: java.sql.SQLException: Parameter metadata not available for the given statement
2026-06-17T16:27:19.045+08:00 DEBUG 37112 --- [threat-platform] [           main] o.s.jdbc.core.StatementCreatorUtils      : JDBC getParameterType call failed - using fallback method instead: java.sql.SQLException: Parameter metadata not available for the given statement
2026-06-17T16:27:19.047+08:00 DEBUG 37112 --- [threat-platform] [           main] o.s.jdbc.core.JdbcTemplate               : Executing prepared SQL update
2026-06-17T16:27:19.047+08:00 DEBUG 37112 --- [threat-platform] [           main] o.s.jdbc.core.JdbcTemplate               : Executing prepared SQL statement [INSERT INTO asset_fingerprint_rule
(rule_code, name, category, sub_category, protocol, port, banner_regex, vendor, product, version_expr,
 confidence, description, enabled, priority)
SELECT ?, ?, ?, ?, ?, ?, ?, ?, ?, ?, ?, ?, ?, ?
WHERE NOT EXISTS (SELECT 1 FROM asset_fingerprint_rule WHERE rule_code = ?)
]
2026-06-17T16:27:19.047+08:00 DEBUG 37112 --- [threat-platform] [           main] o.s.jdbc.core.StatementCreatorUtils      : JDBC getParameterType call failed - using fallback method instead: java.sql.SQLException: Parameter metadata not available for the given statement
2026-06-17T16:27:19.047+08:00 DEBUG 37112 --- [threat-platform] [           main] o.s.jdbc.core.StatementCreatorUtils      : JDBC getParameterType call failed - using fallback method instead: java.sql.SQLException: Parameter metadata not available for the given statement
2026-06-17T16:27:19.047+08:00 DEBUG 37112 --- [threat-platform] [           main] o.s.jdbc.core.StatementCreatorUtils      : JDBC getParameterType call failed - using fallback method instead: java.sql.SQLException: Parameter metadata not available for the given statement
2026-06-17T16:27:19.049+08:00 DEBUG 37112 --- [threat-platform] [           main] o.s.jdbc.core.JdbcTemplate               : Executing prepared SQL update
2026-06-17T16:27:19.049+08:00 DEBUG 37112 --- [threat-platform] [           main] o.s.jdbc.core.JdbcTemplate               : Executing prepared SQL statement [INSERT INTO asset_fingerprint_rule
(rule_code, name, category, sub_category, protocol, port, banner_regex, vendor, product, version_expr,
 confidence, description, enabled, priority)
SELECT ?, ?, ?, ?, ?, ?, ?, ?, ?, ?, ?, ?, ?, ?
WHERE NOT EXISTS (SELECT 1 FROM asset_fingerprint_rule WHERE rule_code = ?)
]
2026-06-17T16:27:19.050+08:00 DEBUG 37112 --- [threat-platform] [           main] o.s.jdbc.core.StatementCreatorUtils      : JDBC getParameterType call failed - using fallback method instead: java.sql.SQLException: Parameter metadata not available for the given statement
2026-06-17T16:27:19.050+08:00 DEBUG 37112 --- [threat-platform] [           main] o.s.jdbc.core.StatementCreatorUtils      : JDBC getParameterType call failed - using fallback method instead: java.sql.SQLException: Parameter metadata not available for the given statement
2026-06-17T16:27:19.050+08:00 DEBUG 37112 --- [threat-platform] [           main] o.s.jdbc.core.StatementCreatorUtils      : JDBC getParameterType call failed - using fallback method instead: java.sql.SQLException: Parameter metadata not available for the given statement
2026-06-17T16:27:19.052+08:00 DEBUG 37112 --- [threat-platform] [           main] o.s.jdbc.core.JdbcTemplate               : Executing prepared SQL update
2026-06-17T16:27:19.053+08:00 DEBUG 37112 --- [threat-platform] [           main] o.s.jdbc.core.JdbcTemplate               : Executing prepared SQL statement [INSERT INTO asset_fingerprint_rule
(rule_code, name, category, sub_category, protocol, port, banner_regex, vendor, product, version_expr,
 confidence, description, enabled, priority)
SELECT ?, ?, ?, ?, ?, ?, ?, ?, ?, ?, ?, ?, ?, ?
WHERE NOT EXISTS (SELECT 1 FROM asset_fingerprint_rule WHERE rule_code = ?)
]
2026-06-17T16:27:19.053+08:00 DEBUG 37112 --- [threat-platform] [           main] o.s.jdbc.core.StatementCreatorUtils      : JDBC getParameterType call failed - using fallback method instead: java.sql.SQLException: Parameter metadata not available for the given statement
2026-06-17T16:27:19.053+08:00 DEBUG 37112 --- [threat-platform] [           main] o.s.jdbc.core.StatementCreatorUtils      : JDBC getParameterType call failed - using fallback method instead: java.sql.SQLException: Parameter metadata not available for the given statement
2026-06-17T16:27:19.053+08:00 DEBUG 37112 --- [threat-platform] [           main] o.s.jdbc.core.StatementCreatorUtils      : JDBC getParameterType call failed - using fallback method instead: java.sql.SQLException: Parameter metadata not available for the given statement
2026-06-17T16:27:19.055+08:00 DEBUG 37112 --- [threat-platform] [           main] o.s.jdbc.core.JdbcTemplate               : Executing prepared SQL update
2026-06-17T16:27:19.055+08:00 DEBUG 37112 --- [threat-platform] [           main] o.s.jdbc.core.JdbcTemplate               : Executing prepared SQL statement [INSERT INTO asset_fingerprint_rule
(rule_code, name, category, sub_category, protocol, port, banner_regex, vendor, product, version_expr,
 confidence, description, enabled, priority)
SELECT ?, ?, ?, ?, ?, ?, ?, ?, ?, ?, ?, ?, ?, ?
WHERE NOT EXISTS (SELECT 1 FROM asset_fingerprint_rule WHERE rule_code = ?)
]
2026-06-17T16:27:19.056+08:00 DEBUG 37112 --- [threat-platform] [           main] o.s.jdbc.core.StatementCreatorUtils      : JDBC getParameterType call failed - using fallback method instead: java.sql.SQLException: Parameter metadata not available for the given statement
2026-06-17T16:27:19.056+08:00 DEBUG 37112 --- [threat-platform] [           main] o.s.jdbc.core.StatementCreatorUtils      : JDBC getParameterType call failed - using fallback method instead: java.sql.SQLException: Parameter metadata not available for the given statement
2026-06-17T16:27:19.056+08:00 DEBUG 37112 --- [threat-platform] [           main] o.s.jdbc.core.StatementCreatorUtils      : JDBC getParameterType call failed - using fallback method instead: java.sql.SQLException: Parameter metadata not available for the given statement
2026-06-17T16:27:19.057+08:00 DEBUG 37112 --- [threat-platform] [           main] o.s.jdbc.core.JdbcTemplate               : Executing prepared SQL update
2026-06-17T16:27:19.057+08:00 DEBUG 37112 --- [threat-platform] [           main] o.s.jdbc.core.JdbcTemplate               : Executing prepared SQL statement [INSERT INTO asset_fingerprint_rule
(rule_code, name, category, sub_category, protocol, port, banner_regex, vendor, product, version_expr,
 confidence, description, enabled, priority)
SELECT ?, ?, ?, ?, ?, ?, ?, ?, ?, ?, ?, ?, ?, ?
WHERE NOT EXISTS (SELECT 1 FROM asset_fingerprint_rule WHERE rule_code = ?)
]
2026-06-17T16:27:19.058+08:00 DEBUG 37112 --- [threat-platform] [           main] o.s.jdbc.core.StatementCreatorUtils      : JDBC getParameterType call failed - using fallback method instead: java.sql.SQLException: Parameter metadata not available for the given statement
2026-06-17T16:27:19.058+08:00 DEBUG 37112 --- [threat-platform] [           main] o.s.jdbc.core.StatementCreatorUtils      : JDBC getParameterType call failed - using fallback method instead: java.sql.SQLException: Parameter metadata not available for the given statement
2026-06-17T16:27:19.058+08:00 DEBUG 37112 --- [threat-platform] [           main] o.s.jdbc.core.StatementCreatorUtils      : JDBC getParameterType call failed - using fallback method instead: java.sql.SQLException: Parameter metadata not available for the given statement
2026-06-17T16:27:19.060+08:00 DEBUG 37112 --- [threat-platform] [           main] o.s.jdbc.core.JdbcTemplate               : Executing prepared SQL update
2026-06-17T16:27:19.060+08:00 DEBUG 37112 --- [threat-platform] [           main] o.s.jdbc.core.JdbcTemplate               : Executing prepared SQL statement [INSERT INTO asset_fingerprint_rule
(rule_code, name, category, sub_category, protocol, port, banner_regex, vendor, product, version_expr,
 confidence, description, enabled, priority)
SELECT ?, ?, ?, ?, ?, ?, ?, ?, ?, ?, ?, ?, ?, ?
WHERE NOT EXISTS (SELECT 1 FROM asset_fingerprint_rule WHERE rule_code = ?)
]
2026-06-17T16:27:19.060+08:00 DEBUG 37112 --- [threat-platform] [           main] o.s.jdbc.core.StatementCreatorUtils      : JDBC getParameterType call failed - using fallback method instead: java.sql.SQLException: Parameter metadata not available for the given statement
2026-06-17T16:27:19.060+08:00 DEBUG 37112 --- [threat-platform] [           main] o.s.jdbc.core.StatementCreatorUtils      : JDBC getParameterType call failed - using fallback method instead: java.sql.SQLException: Parameter metadata not available for the given statement
2026-06-17T16:27:19.061+08:00 DEBUG 37112 --- [threat-platform] [           main] o.s.jdbc.core.StatementCreatorUtils      : JDBC getParameterType call failed - using fallback method instead: java.sql.SQLException: Parameter metadata not available for the given statement
2026-06-17T16:27:19.063+08:00 DEBUG 37112 --- [threat-platform] [           main] o.s.jdbc.core.JdbcTemplate               : Executing prepared SQL update
2026-06-17T16:27:19.063+08:00 DEBUG 37112 --- [threat-platform] [           main] o.s.jdbc.core.JdbcTemplate               : Executing prepared SQL statement [INSERT INTO asset_fingerprint_rule
(rule_code, name, category, sub_category, protocol, port, banner_regex, vendor, product, version_expr,
 confidence, description, enabled, priority)
SELECT ?, ?, ?, ?, ?, ?, ?, ?, ?, ?, ?, ?, ?, ?
WHERE NOT EXISTS (SELECT 1 FROM asset_fingerprint_rule WHERE rule_code = ?)
]
2026-06-17T16:27:19.063+08:00 DEBUG 37112 --- [threat-platform] [           main] o.s.jdbc.core.StatementCreatorUtils      : JDBC getParameterType call failed - using fallback method instead: java.sql.SQLException: Parameter metadata not available for the given statement
2026-06-17T16:27:19.063+08:00 DEBUG 37112 --- [threat-platform] [           main] o.s.jdbc.core.StatementCreatorUtils      : JDBC getParameterType call failed - using fallback method instead: java.sql.SQLException: Parameter metadata not available for the given statement
2026-06-17T16:27:19.063+08:00 DEBUG 37112 --- [threat-platform] [           main] o.s.jdbc.core.StatementCreatorUtils      : JDBC getParameterType call failed - using fallback method instead: java.sql.SQLException: Parameter metadata not available for the given statement
2026-06-17T16:27:19.065+08:00 DEBUG 37112 --- [threat-platform] [           main] o.s.jdbc.core.JdbcTemplate               : Executing prepared SQL update
2026-06-17T16:27:19.065+08:00 DEBUG 37112 --- [threat-platform] [           main] o.s.jdbc.core.JdbcTemplate               : Executing prepared SQL statement [INSERT INTO asset_fingerprint_rule
(rule_code, name, category, sub_category, protocol, port, banner_regex, vendor, product, version_expr,
 confidence, description, enabled, priority)
SELECT ?, ?, ?, ?, ?, ?, ?, ?, ?, ?, ?, ?, ?, ?
WHERE NOT EXISTS (SELECT 1 FROM asset_fingerprint_rule WHERE rule_code = ?)
]
2026-06-17T16:27:19.065+08:00 DEBUG 37112 --- [threat-platform] [           main] o.s.jdbc.core.StatementCreatorUtils      : JDBC getParameterType call failed - using fallback method instead: java.sql.SQLException: Parameter metadata not available for the given statement
2026-06-17T16:27:19.066+08:00 DEBUG 37112 --- [threat-platform] [           main] o.s.jdbc.core.StatementCreatorUtils      : JDBC getParameterType call failed - using fallback method instead: java.sql.SQLException: Parameter metadata not available for the given statement
2026-06-17T16:27:19.066+08:00 DEBUG 37112 --- [threat-platform] [           main] o.s.jdbc.core.StatementCreatorUtils      : JDBC getParameterType call failed - using fallback method instead: java.sql.SQLException: Parameter metadata not available for the given statement
2026-06-17T16:27:19.067+08:00 DEBUG 37112 --- [threat-platform] [           main] o.s.jdbc.core.JdbcTemplate               : Executing prepared SQL update
2026-06-17T16:27:19.068+08:00 DEBUG 37112 --- [threat-platform] [           main] o.s.jdbc.core.JdbcTemplate               : Executing prepared SQL statement [INSERT INTO asset_fingerprint_rule
(rule_code, name, category, sub_category, protocol, port, banner_regex, vendor, product, version_expr,
 confidence, description, enabled, priority)
SELECT ?, ?, ?, ?, ?, ?, ?, ?, ?, ?, ?, ?, ?, ?
WHERE NOT EXISTS (SELECT 1 FROM asset_fingerprint_rule WHERE rule_code = ?)
]
2026-06-17T16:27:19.068+08:00 DEBUG 37112 --- [threat-platform] [           main] o.s.jdbc.core.StatementCreatorUtils      : JDBC getParameterType call failed - using fallback method instead: java.sql.SQLException: Parameter metadata not available for the given statement
2026-06-17T16:27:19.069+08:00 DEBUG 37112 --- [threat-platform] [           main] o.s.jdbc.core.StatementCreatorUtils      : JDBC getParameterType call failed - using fallback method instead: java.sql.SQLException: Parameter metadata not available for the given statement
2026-06-17T16:27:19.069+08:00 DEBUG 37112 --- [threat-platform] [           main] o.s.jdbc.core.StatementCreatorUtils      : JDBC getParameterType call failed - using fallback method instead: java.sql.SQLException: Parameter metadata not available for the given statement
2026-06-17T16:27:19.070+08:00 DEBUG 37112 --- [threat-platform] [           main] o.s.jdbc.core.JdbcTemplate               : Executing prepared SQL update
2026-06-17T16:27:19.071+08:00 DEBUG 37112 --- [threat-platform] [           main] o.s.jdbc.core.JdbcTemplate               : Executing prepared SQL statement [INSERT INTO asset_fingerprint_rule
(rule_code, name, category, sub_category, protocol, port, banner_regex, vendor, product, version_expr,
 confidence, description, enabled, priority)
SELECT ?, ?, ?, ?, ?, ?, ?, ?, ?, ?, ?, ?, ?, ?
WHERE NOT EXISTS (SELECT 1 FROM asset_fingerprint_rule WHERE rule_code = ?)
]
2026-06-17T16:27:19.071+08:00 DEBUG 37112 --- [threat-platform] [           main] o.s.jdbc.core.StatementCreatorUtils      : JDBC getParameterType call failed - using fallback method instead: java.sql.SQLException: Parameter metadata not available for the given statement
2026-06-17T16:27:19.071+08:00 DEBUG 37112 --- [threat-platform] [           main] o.s.jdbc.core.StatementCreatorUtils      : JDBC getParameterType call failed - using fallback method instead: java.sql.SQLException: Parameter metadata not available for the given statement
2026-06-17T16:27:19.071+08:00 DEBUG 37112 --- [threat-platform] [           main] o.s.jdbc.core.StatementCreatorUtils      : JDBC getParameterType call failed - using fallback method instead: java.sql.SQLException: Parameter metadata not available for the given statement
2026-06-17T16:27:19.073+08:00 DEBUG 37112 --- [threat-platform] [           main] o.s.jdbc.core.JdbcTemplate               : Executing prepared SQL update
2026-06-17T16:27:19.073+08:00 DEBUG 37112 --- [threat-platform] [           main] o.s.jdbc.core.JdbcTemplate               : Executing prepared SQL statement [INSERT INTO asset_fingerprint_rule
(rule_code, name, category, sub_category, protocol, port, banner_regex, vendor, product, version_expr,
 confidence, description, enabled, priority)
SELECT ?, ?, ?, ?, ?, ?, ?, ?, ?, ?, ?, ?, ?, ?
WHERE NOT EXISTS (SELECT 1 FROM asset_fingerprint_rule WHERE rule_code = ?)
]
2026-06-17T16:27:19.073+08:00 DEBUG 37112 --- [threat-platform] [           main] o.s.jdbc.core.StatementCreatorUtils      : JDBC getParameterType call failed - using fallback method instead: java.sql.SQLException: Parameter metadata not available for the given statement
2026-06-17T16:27:19.075+08:00 DEBUG 37112 --- [threat-platform] [           main] o.s.jdbc.core.StatementCreatorUtils      : JDBC getParameterType call failed - using fallback method instead: java.sql.SQLException: Parameter metadata not available for the given statement
2026-06-17T16:27:19.075+08:00 DEBUG 37112 --- [threat-platform] [           main] o.s.jdbc.core.StatementCreatorUtils      : JDBC getParameterType call failed - using fallback method instead: java.sql.SQLException: Parameter metadata not available for the given statement
2026-06-17T16:27:19.076+08:00 DEBUG 37112 --- [threat-platform] [           main] o.s.jdbc.core.JdbcTemplate               : Executing prepared SQL update
2026-06-17T16:27:19.077+08:00 DEBUG 37112 --- [threat-platform] [           main] o.s.jdbc.core.JdbcTemplate               : Executing prepared SQL statement [INSERT INTO asset_fingerprint_rule
(rule_code, name, category, sub_category, protocol, port, banner_regex, vendor, product, version_expr,
 confidence, description, enabled, priority)
SELECT ?, ?, ?, ?, ?, ?, ?, ?, ?, ?, ?, ?, ?, ?
WHERE NOT EXISTS (SELECT 1 FROM asset_fingerprint_rule WHERE rule_code = ?)
]
2026-06-17T16:27:19.077+08:00 DEBUG 37112 --- [threat-platform] [           main] o.s.jdbc.core.StatementCreatorUtils      : JDBC getParameterType call failed - using fallback method instead: java.sql.SQLException: Parameter metadata not available for the given statement
2026-06-17T16:27:19.077+08:00 DEBUG 37112 --- [threat-platform] [           main] o.s.jdbc.core.StatementCreatorUtils      : JDBC getParameterType call failed - using fallback method instead: java.sql.SQLException: Parameter metadata not available for the given statement
2026-06-17T16:27:19.077+08:00 DEBUG 37112 --- [threat-platform] [           main] o.s.jdbc.core.StatementCreatorUtils      : JDBC getParameterType call failed - using fallback method instead: java.sql.SQLException: Parameter metadata not available for the given statement
2026-06-17T16:27:19.079+08:00 DEBUG 37112 --- [threat-platform] [           main] o.s.jdbc.core.JdbcTemplate               : Executing prepared SQL update
2026-06-17T16:27:19.079+08:00 DEBUG 37112 --- [threat-platform] [           main] o.s.jdbc.core.JdbcTemplate               : Executing prepared SQL statement [INSERT INTO asset_fingerprint_rule
(rule_code, name, category, sub_category, protocol, port, banner_regex, vendor, product, version_expr,
 confidence, description, enabled, priority)
SELECT ?, ?, ?, ?, ?, ?, ?, ?, ?, ?, ?, ?, ?, ?
WHERE NOT EXISTS (SELECT 1 FROM asset_fingerprint_rule WHERE rule_code = ?)
]
2026-06-17T16:27:19.079+08:00 DEBUG 37112 --- [threat-platform] [           main] o.s.jdbc.core.StatementCreatorUtils      : JDBC getParameterType call failed - using fallback method instead: java.sql.SQLException: Parameter metadata not available for the given statement
2026-06-17T16:27:19.079+08:00 DEBUG 37112 --- [threat-platform] [           main] o.s.jdbc.core.StatementCreatorUtils      : JDBC getParameterType call failed - using fallback method instead: java.sql.SQLException: Parameter metadata not available for the given statement
2026-06-17T16:27:19.079+08:00 DEBUG 37112 --- [threat-platform] [           main] o.s.jdbc.core.StatementCreatorUtils      : JDBC getParameterType call failed - using fallback method instead: java.sql.SQLException: Parameter metadata not available for the given statement
2026-06-17T16:27:19.081+08:00 DEBUG 37112 --- [threat-platform] [           main] o.s.jdbc.core.JdbcTemplate               : Executing prepared SQL update
2026-06-17T16:27:19.083+08:00 DEBUG 37112 --- [threat-platform] [           main] o.s.jdbc.core.JdbcTemplate               : Executing prepared SQL statement [INSERT INTO asset_fingerprint_rule
(rule_code, name, category, sub_category, protocol, port, banner_regex, vendor, product, version_expr,
 confidence, description, enabled, priority)
SELECT ?, ?, ?, ?, ?, ?, ?, ?, ?, ?, ?, ?, ?, ?
WHERE NOT EXISTS (SELECT 1 FROM asset_fingerprint_rule WHERE rule_code = ?)
]
2026-06-17T16:27:19.083+08:00 DEBUG 37112 --- [threat-platform] [           main] o.s.jdbc.core.StatementCreatorUtils      : JDBC getParameterType call failed - using fallback method instead: java.sql.SQLException: Parameter metadata not available for the given statement
2026-06-17T16:27:19.083+08:00 DEBUG 37112 --- [threat-platform] [           main] o.s.jdbc.core.StatementCreatorUtils      : JDBC getParameterType call failed - using fallback method instead: java.sql.SQLException: Parameter metadata not available for the given statement
2026-06-17T16:27:19.083+08:00 DEBUG 37112 --- [threat-platform] [           main] o.s.jdbc.core.StatementCreatorUtils      : JDBC getParameterType call failed - using fallback method instead: java.sql.SQLException: Parameter metadata not available for the given statement
2026-06-17T16:27:19.086+08:00 DEBUG 37112 --- [threat-platform] [           main] o.s.jdbc.core.JdbcTemplate               : Executing prepared SQL update
2026-06-17T16:27:19.086+08:00 DEBUG 37112 --- [threat-platform] [           main] o.s.jdbc.core.JdbcTemplate               : Executing prepared SQL statement [INSERT INTO asset_fingerprint_rule
(rule_code, name, category, sub_category, protocol, port, banner_regex, vendor, product, version_expr,
 confidence, description, enabled, priority)
SELECT ?, ?, ?, ?, ?, ?, ?, ?, ?, ?, ?, ?, ?, ?
WHERE NOT EXISTS (SELECT 1 FROM asset_fingerprint_rule WHERE rule_code = ?)
]
2026-06-17T16:27:19.086+08:00 DEBUG 37112 --- [threat-platform] [           main] o.s.jdbc.core.StatementCreatorUtils      : JDBC getParameterType call failed - using fallback method instead: java.sql.SQLException: Parameter metadata not available for the given statement
2026-06-17T16:27:19.087+08:00 DEBUG 37112 --- [threat-platform] [           main] o.s.jdbc.core.StatementCreatorUtils      : JDBC getParameterType call failed - using fallback method instead: java.sql.SQLException: Parameter metadata not available for the given statement
2026-06-17T16:27:19.087+08:00 DEBUG 37112 --- [threat-platform] [           main] o.s.jdbc.core.StatementCreatorUtils      : JDBC getParameterType call failed - using fallback method instead: java.sql.SQLException: Parameter metadata not available for the given statement
2026-06-17T16:27:19.088+08:00 DEBUG 37112 --- [threat-platform] [           main] o.s.jdbc.core.JdbcTemplate               : Executing prepared SQL update
2026-06-17T16:27:19.088+08:00 DEBUG 37112 --- [threat-platform] [           main] o.s.jdbc.core.JdbcTemplate               : Executing prepared SQL statement [INSERT INTO asset_fingerprint_rule
(rule_code, name, category, sub_category, protocol, port, banner_regex, vendor, product, version_expr,
 confidence, description, enabled, priority)
SELECT ?, ?, ?, ?, ?, ?, ?, ?, ?, ?, ?, ?, ?, ?
WHERE NOT EXISTS (SELECT 1 FROM asset_fingerprint_rule WHERE rule_code = ?)
]
2026-06-17T16:27:19.088+08:00 DEBUG 37112 --- [threat-platform] [           main] o.s.jdbc.core.StatementCreatorUtils      : JDBC getParameterType call failed - using fallback method instead: java.sql.SQLException: Parameter metadata not available for the given statement
2026-06-17T16:27:19.088+08:00 DEBUG 37112 --- [threat-platform] [           main] o.s.jdbc.core.StatementCreatorUtils      : JDBC getParameterType call failed - using fallback method instead: java.sql.SQLException: Parameter metadata not available for the given statement
2026-06-17T16:27:19.089+08:00 DEBUG 37112 --- [threat-platform] [           main] o.s.jdbc.core.StatementCreatorUtils      : JDBC getParameterType call failed - using fallback method instead: java.sql.SQLException: Parameter metadata not available for the given statement
2026-06-17T16:27:19.090+08:00 DEBUG 37112 --- [threat-platform] [           main] o.s.jdbc.core.JdbcTemplate               : Executing prepared SQL update
2026-06-17T16:27:19.090+08:00 DEBUG 37112 --- [threat-platform] [           main] o.s.jdbc.core.JdbcTemplate               : Executing prepared SQL statement [INSERT INTO asset_fingerprint_rule
(rule_code, name, category, sub_category, protocol, port, banner_regex, vendor, product, version_expr,
 confidence, description, enabled, priority)
SELECT ?, ?, ?, ?, ?, ?, ?, ?, ?, ?, ?, ?, ?, ?
WHERE NOT EXISTS (SELECT 1 FROM asset_fingerprint_rule WHERE rule_code = ?)
]
2026-06-17T16:27:19.092+08:00 DEBUG 37112 --- [threat-platform] [           main] o.s.jdbc.core.StatementCreatorUtils      : JDBC getParameterType call failed - using fallback method instead: java.sql.SQLException: Parameter metadata not available for the given statement
2026-06-17T16:27:19.092+08:00 DEBUG 37112 --- [threat-platform] [           main] o.s.jdbc.core.StatementCreatorUtils      : JDBC getParameterType call failed - using fallback method instead: java.sql.SQLException: Parameter metadata not available for the given statement
2026-06-17T16:27:19.092+08:00 DEBUG 37112 --- [threat-platform] [           main] o.s.jdbc.core.StatementCreatorUtils      : JDBC getParameterType call failed - using fallback method instead: java.sql.SQLException: Parameter metadata not available for the given statement
2026-06-17T16:27:19.093+08:00 DEBUG 37112 --- [threat-platform] [           main] o.s.jdbc.core.JdbcTemplate               : Executing prepared SQL update
2026-06-17T16:27:19.094+08:00 DEBUG 37112 --- [threat-platform] [           main] o.s.jdbc.core.JdbcTemplate               : Executing prepared SQL statement [INSERT INTO asset_fingerprint_rule
(rule_code, name, category, sub_category, protocol, port, banner_regex, vendor, product, version_expr,
 confidence, description, enabled, priority)
SELECT ?, ?, ?, ?, ?, ?, ?, ?, ?, ?, ?, ?, ?, ?
WHERE NOT EXISTS (SELECT 1 FROM asset_fingerprint_rule WHERE rule_code = ?)
]
2026-06-17T16:27:19.094+08:00 DEBUG 37112 --- [threat-platform] [           main] o.s.jdbc.core.StatementCreatorUtils      : JDBC getParameterType call failed - using fallback method instead: java.sql.SQLException: Parameter metadata not available for the given statement
2026-06-17T16:27:19.094+08:00 DEBUG 37112 --- [threat-platform] [           main] o.s.jdbc.core.StatementCreatorUtils      : JDBC getParameterType call failed - using fallback method instead: java.sql.SQLException: Parameter metadata not available for the given statement
2026-06-17T16:27:19.094+08:00 DEBUG 37112 --- [threat-platform] [           main] o.s.jdbc.core.StatementCreatorUtils      : JDBC getParameterType call failed - using fallback method instead: java.sql.SQLException: Parameter metadata not available for the given statement
2026-06-17T16:27:19.096+08:00 DEBUG 37112 --- [threat-platform] [           main] o.s.jdbc.core.JdbcTemplate               : Executing prepared SQL update
2026-06-17T16:27:19.096+08:00 DEBUG 37112 --- [threat-platform] [           main] o.s.jdbc.core.JdbcTemplate               : Executing prepared SQL statement [INSERT INTO asset_fingerprint_rule
(rule_code, name, category, sub_category, protocol, port, banner_regex, vendor, product, version_expr,
 confidence, description, enabled, priority)
SELECT ?, ?, ?, ?, ?, ?, ?, ?, ?, ?, ?, ?, ?, ?
WHERE NOT EXISTS (SELECT 1 FROM asset_fingerprint_rule WHERE rule_code = ?)
]
2026-06-17T16:27:19.096+08:00 DEBUG 37112 --- [threat-platform] [           main] o.s.jdbc.core.StatementCreatorUtils      : JDBC getParameterType call failed - using fallback method instead: java.sql.SQLException: Parameter metadata not available for the given statement
2026-06-17T16:27:19.096+08:00 DEBUG 37112 --- [threat-platform] [           main] o.s.jdbc.core.StatementCreatorUtils      : JDBC getParameterType call failed - using fallback method instead: java.sql.SQLException: Parameter metadata not available for the given statement
2026-06-17T16:27:19.097+08:00 DEBUG 37112 --- [threat-platform] [           main] o.s.jdbc.core.StatementCreatorUtils      : JDBC getParameterType call failed - using fallback method instead: java.sql.SQLException: Parameter metadata not available for the given statement
2026-06-17T16:27:19.099+08:00 DEBUG 37112 --- [threat-platform] [           main] o.s.jdbc.core.JdbcTemplate               : Executing prepared SQL update
2026-06-17T16:27:19.099+08:00 DEBUG 37112 --- [threat-platform] [           main] o.s.jdbc.core.JdbcTemplate               : Executing prepared SQL statement [INSERT INTO asset_fingerprint_rule
(rule_code, name, category, sub_category, protocol, port, banner_regex, vendor, product, version_expr,
 confidence, description, enabled, priority)
SELECT ?, ?, ?, ?, ?, ?, ?, ?, ?, ?, ?, ?, ?, ?
WHERE NOT EXISTS (SELECT 1 FROM asset_fingerprint_rule WHERE rule_code = ?)
]
2026-06-17T16:27:19.100+08:00 DEBUG 37112 --- [threat-platform] [           main] o.s.jdbc.core.StatementCreatorUtils      : JDBC getParameterType call failed - using fallback method instead: java.sql.SQLException: Parameter metadata not available for the given statement
2026-06-17T16:27:19.100+08:00 DEBUG 37112 --- [threat-platform] [           main] o.s.jdbc.core.StatementCreatorUtils      : JDBC getParameterType call failed - using fallback method instead: java.sql.SQLException: Parameter metadata not available for the given statement
2026-06-17T16:27:19.100+08:00 DEBUG 37112 --- [threat-platform] [           main] o.s.jdbc.core.StatementCreatorUtils      : JDBC getParameterType call failed - using fallback method instead: java.sql.SQLException: Parameter metadata not available for the given statement
2026-06-17T16:27:19.102+08:00 DEBUG 37112 --- [threat-platform] [           main] o.s.jdbc.core.JdbcTemplate               : Executing prepared SQL update
2026-06-17T16:27:19.102+08:00 DEBUG 37112 --- [threat-platform] [           main] o.s.jdbc.core.JdbcTemplate               : Executing prepared SQL statement [INSERT INTO asset_fingerprint_rule
(rule_code, name, category, sub_category, protocol, port, banner_regex, vendor, product, version_expr,
 confidence, description, enabled, priority)
SELECT ?, ?, ?, ?, ?, ?, ?, ?, ?, ?, ?, ?, ?, ?
WHERE NOT EXISTS (SELECT 1 FROM asset_fingerprint_rule WHERE rule_code = ?)
]
2026-06-17T16:27:19.102+08:00 DEBUG 37112 --- [threat-platform] [           main] o.s.jdbc.core.StatementCreatorUtils      : JDBC getParameterType call failed - using fallback method instead: java.sql.SQLException: Parameter metadata not available for the given statement
2026-06-17T16:27:19.102+08:00 DEBUG 37112 --- [threat-platform] [           main] o.s.jdbc.core.StatementCreatorUtils      : JDBC getParameterType call failed - using fallback method instead: java.sql.SQLException: Parameter metadata not available for the given statement
2026-06-17T16:27:19.102+08:00 DEBUG 37112 --- [threat-platform] [           main] o.s.jdbc.core.StatementCreatorUtils      : JDBC getParameterType call failed - using fallback method instead: java.sql.SQLException: Parameter metadata not available for the given statement
2026-06-17T16:27:19.105+08:00 DEBUG 37112 --- [threat-platform] [           main] o.s.jdbc.core.JdbcTemplate               : Executing prepared SQL update
2026-06-17T16:27:19.105+08:00 DEBUG 37112 --- [threat-platform] [           main] o.s.jdbc.core.JdbcTemplate               : Executing prepared SQL statement [INSERT INTO asset_fingerprint_rule
(rule_code, name, category, sub_category, protocol, port, banner_regex, vendor, product, version_expr,
 confidence, description, enabled, priority)
SELECT ?, ?, ?, ?, ?, ?, ?, ?, ?, ?, ?, ?, ?, ?
WHERE NOT EXISTS (SELECT 1 FROM asset_fingerprint_rule WHERE rule_code = ?)
]
2026-06-17T16:27:19.105+08:00 DEBUG 37112 --- [threat-platform] [           main] o.s.jdbc.core.StatementCreatorUtils      : JDBC getParameterType call failed - using fallback method instead: java.sql.SQLException: Parameter metadata not available for the given statement
2026-06-17T16:27:19.105+08:00 DEBUG 37112 --- [threat-platform] [           main] o.s.jdbc.core.StatementCreatorUtils      : JDBC getParameterType call failed - using fallback method instead: java.sql.SQLException: Parameter metadata not available for the given statement
2026-06-17T16:27:19.106+08:00 DEBUG 37112 --- [threat-platform] [           main] o.s.jdbc.core.StatementCreatorUtils      : JDBC getParameterType call failed - using fallback method instead: java.sql.SQLException: Parameter metadata not available for the given statement
2026-06-17T16:27:19.107+08:00 DEBUG 37112 --- [threat-platform] [           main] o.s.jdbc.core.JdbcTemplate               : Executing prepared SQL update
2026-06-17T16:27:19.107+08:00 DEBUG 37112 --- [threat-platform] [           main] o.s.jdbc.core.JdbcTemplate               : Executing prepared SQL statement [INSERT INTO asset_fingerprint_rule
(rule_code, name, category, sub_category, protocol, port, banner_regex, vendor, product, version_expr,
 confidence, description, enabled, priority)
SELECT ?, ?, ?, ?, ?, ?, ?, ?, ?, ?, ?, ?, ?, ?
WHERE NOT EXISTS (SELECT 1 FROM asset_fingerprint_rule WHERE rule_code = ?)
]
2026-06-17T16:27:19.108+08:00 DEBUG 37112 --- [threat-platform] [           main] o.s.jdbc.core.StatementCreatorUtils      : JDBC getParameterType call failed - using fallback method instead: java.sql.SQLException: Parameter metadata not available for the given statement
2026-06-17T16:27:19.108+08:00 DEBUG 37112 --- [threat-platform] [           main] o.s.jdbc.core.StatementCreatorUtils      : JDBC getParameterType call failed - using fallback method instead: java.sql.SQLException: Parameter metadata not available for the given statement
2026-06-17T16:27:19.108+08:00 DEBUG 37112 --- [threat-platform] [           main] o.s.jdbc.core.StatementCreatorUtils      : JDBC getParameterType call failed - using fallback method instead: java.sql.SQLException: Parameter metadata not available for the given statement
2026-06-17T16:27:19.110+08:00 DEBUG 37112 --- [threat-platform] [           main] o.s.jdbc.core.JdbcTemplate               : Executing prepared SQL update
2026-06-17T16:27:19.110+08:00 DEBUG 37112 --- [threat-platform] [           main] o.s.jdbc.core.JdbcTemplate               : Executing prepared SQL statement [INSERT INTO asset_fingerprint_rule
(rule_code, name, category, sub_category, protocol, port, banner_regex, vendor, product, version_expr,
 confidence, description, enabled, priority)
SELECT ?, ?, ?, ?, ?, ?, ?, ?, ?, ?, ?, ?, ?, ?
WHERE NOT EXISTS (SELECT 1 FROM asset_fingerprint_rule WHERE rule_code = ?)
]
2026-06-17T16:27:19.110+08:00 DEBUG 37112 --- [threat-platform] [           main] o.s.jdbc.core.StatementCreatorUtils      : JDBC getParameterType call failed - using fallback method instead: java.sql.SQLException: Parameter metadata not available for the given statement
2026-06-17T16:27:19.110+08:00 DEBUG 37112 --- [threat-platform] [           main] o.s.jdbc.core.StatementCreatorUtils      : JDBC getParameterType call failed - using fallback method instead: java.sql.SQLException: Parameter metadata not available for the given statement
2026-06-17T16:27:19.111+08:00 DEBUG 37112 --- [threat-platform] [           main] o.s.jdbc.core.StatementCreatorUtils      : JDBC getParameterType call failed - using fallback method instead: java.sql.SQLException: Parameter metadata not available for the given statement
2026-06-17T16:27:19.112+08:00 DEBUG 37112 --- [threat-platform] [           main] o.s.jdbc.core.JdbcTemplate               : Executing prepared SQL update
2026-06-17T16:27:19.112+08:00 DEBUG 37112 --- [threat-platform] [           main] o.s.jdbc.core.JdbcTemplate               : Executing prepared SQL statement [INSERT INTO asset_fingerprint_rule
(rule_code, name, category, sub_category, protocol, port, banner_regex, vendor, product, version_expr,
 confidence, description, enabled, priority)
SELECT ?, ?, ?, ?, ?, ?, ?, ?, ?, ?, ?, ?, ?, ?
WHERE NOT EXISTS (SELECT 1 FROM asset_fingerprint_rule WHERE rule_code = ?)
]
2026-06-17T16:27:19.113+08:00 DEBUG 37112 --- [threat-platform] [           main] o.s.jdbc.core.StatementCreatorUtils      : JDBC getParameterType call failed - using fallback method instead: java.sql.SQLException: Parameter metadata not available for the given statement
2026-06-17T16:27:19.113+08:00 DEBUG 37112 --- [threat-platform] [           main] o.s.jdbc.core.StatementCreatorUtils      : JDBC getParameterType call failed - using fallback method instead: java.sql.SQLException: Parameter metadata not available for the given statement
2026-06-17T16:27:19.113+08:00 DEBUG 37112 --- [threat-platform] [           main] o.s.jdbc.core.StatementCreatorUtils      : JDBC getParameterType call failed - using fallback method instead: java.sql.SQLException: Parameter metadata not available for the given statement
2026-06-17T16:27:19.116+08:00 DEBUG 37112 --- [threat-platform] [           main] o.s.jdbc.core.JdbcTemplate               : Executing prepared SQL update
2026-06-17T16:27:19.116+08:00 DEBUG 37112 --- [threat-platform] [           main] o.s.jdbc.core.JdbcTemplate               : Executing prepared SQL statement [INSERT INTO asset_fingerprint_rule
(rule_code, name, category, sub_category, protocol, port, banner_regex, vendor, product, version_expr,
 confidence, description, enabled, priority)
SELECT ?, ?, ?, ?, ?, ?, ?, ?, ?, ?, ?, ?, ?, ?
WHERE NOT EXISTS (SELECT 1 FROM asset_fingerprint_rule WHERE rule_code = ?)
]
2026-06-17T16:27:19.116+08:00 DEBUG 37112 --- [threat-platform] [           main] o.s.jdbc.core.StatementCreatorUtils      : JDBC getParameterType call failed - using fallback method instead: java.sql.SQLException: Parameter metadata not available for the given statement
2026-06-17T16:27:19.117+08:00 DEBUG 37112 --- [threat-platform] [           main] o.s.jdbc.core.StatementCreatorUtils      : JDBC getParameterType call failed - using fallback method instead: java.sql.SQLException: Parameter metadata not available for the given statement
2026-06-17T16:27:19.117+08:00 DEBUG 37112 --- [threat-platform] [           main] o.s.jdbc.core.StatementCreatorUtils      : JDBC getParameterType call failed - using fallback method instead: java.sql.SQLException: Parameter metadata not available for the given statement
2026-06-17T16:27:19.118+08:00 DEBUG 37112 --- [threat-platform] [           main] o.s.jdbc.core.JdbcTemplate               : Executing prepared SQL update
2026-06-17T16:27:19.118+08:00 DEBUG 37112 --- [threat-platform] [           main] o.s.jdbc.core.JdbcTemplate               : Executing prepared SQL statement [INSERT INTO asset_fingerprint_rule
(rule_code, name, category, sub_category, protocol, port, banner_regex, vendor, product, version_expr,
 confidence, description, enabled, priority)
SELECT ?, ?, ?, ?, ?, ?, ?, ?, ?, ?, ?, ?, ?, ?
WHERE NOT EXISTS (SELECT 1 FROM asset_fingerprint_rule WHERE rule_code = ?)
]
2026-06-17T16:27:19.119+08:00 DEBUG 37112 --- [threat-platform] [           main] o.s.jdbc.core.StatementCreatorUtils      : JDBC getParameterType call failed - using fallback method instead: java.sql.SQLException: Parameter metadata not available for the given statement
2026-06-17T16:27:19.119+08:00 DEBUG 37112 --- [threat-platform] [           main] o.s.jdbc.core.StatementCreatorUtils      : JDBC getParameterType call failed - using fallback method instead: java.sql.SQLException: Parameter metadata not available for the given statement
2026-06-17T16:27:19.119+08:00 DEBUG 37112 --- [threat-platform] [           main] o.s.jdbc.core.StatementCreatorUtils      : JDBC getParameterType call failed - using fallback method instead: java.sql.SQLException: Parameter metadata not available for the given statement
2026-06-17T16:27:19.120+08:00 DEBUG 37112 --- [threat-platform] [           main] o.s.jdbc.core.JdbcTemplate               : Executing prepared SQL update
2026-06-17T16:27:19.121+08:00 DEBUG 37112 --- [threat-platform] [           main] o.s.jdbc.core.JdbcTemplate               : Executing prepared SQL statement [INSERT INTO asset_fingerprint_rule
(rule_code, name, category, sub_category, protocol, port, banner_regex, vendor, product, version_expr,
 confidence, description, enabled, priority)
SELECT ?, ?, ?, ?, ?, ?, ?, ?, ?, ?, ?, ?, ?, ?
WHERE NOT EXISTS (SELECT 1 FROM asset_fingerprint_rule WHERE rule_code = ?)
]
2026-06-17T16:27:19.121+08:00 DEBUG 37112 --- [threat-platform] [           main] o.s.jdbc.core.StatementCreatorUtils      : JDBC getParameterType call failed - using fallback method instead: java.sql.SQLException: Parameter metadata not available for the given statement
2026-06-17T16:27:19.121+08:00 DEBUG 37112 --- [threat-platform] [           main] o.s.jdbc.core.StatementCreatorUtils      : JDBC getParameterType call failed - using fallback method instead: java.sql.SQLException: Parameter metadata not available for the given statement
2026-06-17T16:27:19.121+08:00 DEBUG 37112 --- [threat-platform] [           main] o.s.jdbc.core.StatementCreatorUtils      : JDBC getParameterType call failed - using fallback method instead: java.sql.SQLException: Parameter metadata not available for the given statement
2026-06-17T16:27:19.123+08:00 DEBUG 37112 --- [threat-platform] [           main] o.s.jdbc.core.JdbcTemplate               : Executing prepared SQL update
2026-06-17T16:27:19.123+08:00 DEBUG 37112 --- [threat-platform] [           main] o.s.jdbc.core.JdbcTemplate               : Executing prepared SQL statement [INSERT INTO asset_fingerprint_rule
(rule_code, name, category, sub_category, protocol, port, banner_regex, vendor, product, version_expr,
 confidence, description, enabled, priority)
SELECT ?, ?, ?, ?, ?, ?, ?, ?, ?, ?, ?, ?, ?, ?
WHERE NOT EXISTS (SELECT 1 FROM asset_fingerprint_rule WHERE rule_code = ?)
]
2026-06-17T16:27:19.123+08:00 DEBUG 37112 --- [threat-platform] [           main] o.s.jdbc.core.StatementCreatorUtils      : JDBC getParameterType call failed - using fallback method instead: java.sql.SQLException: Parameter metadata not available for the given statement
2026-06-17T16:27:19.123+08:00 DEBUG 37112 --- [threat-platform] [           main] o.s.jdbc.core.StatementCreatorUtils      : JDBC getParameterType call failed - using fallback method instead: java.sql.SQLException: Parameter metadata not available for the given statement
2026-06-17T16:27:19.123+08:00 DEBUG 37112 --- [threat-platform] [           main] o.s.jdbc.core.StatementCreatorUtils      : JDBC getParameterType call failed - using fallback method instead: java.sql.SQLException: Parameter metadata not available for the given statement
2026-06-17T16:27:19.126+08:00 DEBUG 37112 --- [threat-platform] [           main] o.s.jdbc.core.JdbcTemplate               : Executing prepared SQL update
2026-06-17T16:27:19.126+08:00 DEBUG 37112 --- [threat-platform] [           main] o.s.jdbc.core.JdbcTemplate               : Executing prepared SQL statement [INSERT INTO asset_fingerprint_rule
(rule_code, name, category, sub_category, protocol, port, banner_regex, vendor, product, version_expr,
 confidence, description, enabled, priority)
SELECT ?, ?, ?, ?, ?, ?, ?, ?, ?, ?, ?, ?, ?, ?
WHERE NOT EXISTS (SELECT 1 FROM asset_fingerprint_rule WHERE rule_code = ?)
]
2026-06-17T16:27:19.127+08:00 DEBUG 37112 --- [threat-platform] [           main] o.s.jdbc.core.StatementCreatorUtils      : JDBC getParameterType call failed - using fallback method instead: java.sql.SQLException: Parameter metadata not available for the given statement
2026-06-17T16:27:19.127+08:00 DEBUG 37112 --- [threat-platform] [           main] o.s.jdbc.core.StatementCreatorUtils      : JDBC getParameterType call failed - using fallback method instead: java.sql.SQLException: Parameter metadata not available for the given statement
2026-06-17T16:27:19.127+08:00 DEBUG 37112 --- [threat-platform] [           main] o.s.jdbc.core.StatementCreatorUtils      : JDBC getParameterType call failed - using fallback method instead: java.sql.SQLException: Parameter metadata not available for the given statement
2026-06-17T16:27:19.128+08:00 DEBUG 37112 --- [threat-platform] [           main] o.s.jdbc.core.JdbcTemplate               : Executing prepared SQL update
2026-06-17T16:27:19.128+08:00 DEBUG 37112 --- [threat-platform] [           main] o.s.jdbc.core.JdbcTemplate               : Executing prepared SQL statement [INSERT INTO asset_fingerprint_rule
(rule_code, name, category, sub_category, protocol, port, banner_regex, vendor, product, version_expr,
 confidence, description, enabled, priority)
SELECT ?, ?, ?, ?, ?, ?, ?, ?, ?, ?, ?, ?, ?, ?
WHERE NOT EXISTS (SELECT 1 FROM asset_fingerprint_rule WHERE rule_code = ?)
]
2026-06-17T16:27:19.129+08:00 DEBUG 37112 --- [threat-platform] [           main] o.s.jdbc.core.StatementCreatorUtils      : JDBC getParameterType call failed - using fallback method instead: java.sql.SQLException: Parameter metadata not available for the given statement
2026-06-17T16:27:19.129+08:00 DEBUG 37112 --- [threat-platform] [           main] o.s.jdbc.core.StatementCreatorUtils      : JDBC getParameterType call failed - using fallback method instead: java.sql.SQLException: Parameter metadata not available for the given statement
2026-06-17T16:27:19.129+08:00 DEBUG 37112 --- [threat-platform] [           main] o.s.jdbc.core.StatementCreatorUtils      : JDBC getParameterType call failed - using fallback method instead: java.sql.SQLException: Parameter metadata not available for the given statement
2026-06-17T16:27:19.131+08:00 DEBUG 37112 --- [threat-platform] [           main] o.s.jdbc.core.JdbcTemplate               : Executing prepared SQL update
2026-06-17T16:27:19.131+08:00 DEBUG 37112 --- [threat-platform] [           main] o.s.jdbc.core.JdbcTemplate               : Executing prepared SQL statement [INSERT INTO asset_fingerprint_rule
(rule_code, name, category, sub_category, protocol, port, banner_regex, vendor, product, version_expr,
 confidence, description, enabled, priority)
SELECT ?, ?, ?, ?, ?, ?, ?, ?, ?, ?, ?, ?, ?, ?
WHERE NOT EXISTS (SELECT 1 FROM asset_fingerprint_rule WHERE rule_code = ?)
]
2026-06-17T16:27:19.131+08:00 DEBUG 37112 --- [threat-platform] [           main] o.s.jdbc.core.StatementCreatorUtils      : JDBC getParameterType call failed - using fallback method instead: java.sql.SQLException: Parameter metadata not available for the given statement
2026-06-17T16:27:19.132+08:00 DEBUG 37112 --- [threat-platform] [           main] o.s.jdbc.core.StatementCreatorUtils      : JDBC getParameterType call failed - using fallback method instead: java.sql.SQLException: Parameter metadata not available for the given statement
2026-06-17T16:27:19.132+08:00 DEBUG 37112 --- [threat-platform] [           main] o.s.jdbc.core.StatementCreatorUtils      : JDBC getParameterType call failed - using fallback method instead: java.sql.SQLException: Parameter metadata not available for the given statement
2026-06-17T16:27:19.134+08:00 DEBUG 37112 --- [threat-platform] [           main] o.s.jdbc.core.JdbcTemplate               : Executing prepared SQL update
2026-06-17T16:27:19.134+08:00 DEBUG 37112 --- [threat-platform] [           main] o.s.jdbc.core.JdbcTemplate               : Executing prepared SQL statement [INSERT INTO asset_fingerprint_rule
(rule_code, name, category, sub_category, protocol, port, banner_regex, vendor, product, version_expr,
 confidence, description, enabled, priority)
SELECT ?, ?, ?, ?, ?, ?, ?, ?, ?, ?, ?, ?, ?, ?
WHERE NOT EXISTS (SELECT 1 FROM asset_fingerprint_rule WHERE rule_code = ?)
]
2026-06-17T16:27:19.134+08:00 DEBUG 37112 --- [threat-platform] [           main] o.s.jdbc.core.StatementCreatorUtils      : JDBC getParameterType call failed - using fallback method instead: java.sql.SQLException: Parameter metadata not available for the given statement
2026-06-17T16:27:19.134+08:00 DEBUG 37112 --- [threat-platform] [           main] o.s.jdbc.core.StatementCreatorUtils      : JDBC getParameterType call failed - using fallback method instead: java.sql.SQLException: Parameter metadata not available for the given statement
2026-06-17T16:27:19.134+08:00 DEBUG 37112 --- [threat-platform] [           main] o.s.jdbc.core.StatementCreatorUtils      : JDBC getParameterType call failed - using fallback method instead: java.sql.SQLException: Parameter metadata not available for the given statement
2026-06-17T16:27:19.136+08:00 DEBUG 37112 --- [threat-platform] [           main] o.s.jdbc.core.JdbcTemplate               : Executing prepared SQL update
2026-06-17T16:27:19.136+08:00 DEBUG 37112 --- [threat-platform] [           main] o.s.jdbc.core.JdbcTemplate               : Executing prepared SQL statement [INSERT INTO asset_fingerprint_rule
(rule_code, name, category, sub_category, protocol, port, banner_regex, vendor, product, version_expr,
 confidence, description, enabled, priority)
SELECT ?, ?, ?, ?, ?, ?, ?, ?, ?, ?, ?, ?, ?, ?
WHERE NOT EXISTS (SELECT 1 FROM asset_fingerprint_rule WHERE rule_code = ?)
]
2026-06-17T16:27:19.136+08:00 DEBUG 37112 --- [threat-platform] [           main] o.s.jdbc.core.StatementCreatorUtils      : JDBC getParameterType call failed - using fallback method instead: java.sql.SQLException: Parameter metadata not available for the given statement
2026-06-17T16:27:19.136+08:00 DEBUG 37112 --- [threat-platform] [           main] o.s.jdbc.core.StatementCreatorUtils      : JDBC getParameterType call failed - using fallback method instead: java.sql.SQLException: Parameter metadata not available for the given statement
2026-06-17T16:27:19.137+08:00 DEBUG 37112 --- [threat-platform] [           main] o.s.jdbc.core.StatementCreatorUtils      : JDBC getParameterType call failed - using fallback method instead: java.sql.SQLException: Parameter metadata not available for the given statement
2026-06-17T16:27:19.138+08:00 DEBUG 37112 --- [threat-platform] [           main] o.s.jdbc.core.JdbcTemplate               : Executing prepared SQL update
2026-06-17T16:27:19.138+08:00 DEBUG 37112 --- [threat-platform] [           main] o.s.jdbc.core.JdbcTemplate               : Executing prepared SQL statement [INSERT INTO asset_fingerprint_rule
(rule_code, name, category, sub_category, protocol, port, banner_regex, vendor, product, version_expr,
 confidence, description, enabled, priority)
SELECT ?, ?, ?, ?, ?, ?, ?, ?, ?, ?, ?, ?, ?, ?
WHERE NOT EXISTS (SELECT 1 FROM asset_fingerprint_rule WHERE rule_code = ?)
]
2026-06-17T16:27:19.139+08:00 DEBUG 37112 --- [threat-platform] [           main] o.s.jdbc.core.StatementCreatorUtils      : JDBC getParameterType call failed - using fallback method instead: java.sql.SQLException: Parameter metadata not available for the given statement
2026-06-17T16:27:19.139+08:00 DEBUG 37112 --- [threat-platform] [           main] o.s.jdbc.core.StatementCreatorUtils      : JDBC getParameterType call failed - using fallback method instead: java.sql.SQLException: Parameter metadata not available for the given statement
2026-06-17T16:27:19.139+08:00 DEBUG 37112 --- [threat-platform] [           main] o.s.jdbc.core.StatementCreatorUtils      : JDBC getParameterType call failed - using fallback method instead: java.sql.SQLException: Parameter metadata not available for the given statement
2026-06-17T16:27:19.141+08:00 DEBUG 37112 --- [threat-platform] [           main] o.s.jdbc.core.JdbcTemplate               : Executing prepared SQL update
2026-06-17T16:27:19.142+08:00 DEBUG 37112 --- [threat-platform] [           main] o.s.jdbc.core.JdbcTemplate               : Executing prepared SQL statement [INSERT INTO asset_fingerprint_rule
(rule_code, name, category, sub_category, protocol, port, banner_regex, vendor, product, version_expr,
 confidence, description, enabled, priority)
SELECT ?, ?, ?, ?, ?, ?, ?, ?, ?, ?, ?, ?, ?, ?
WHERE NOT EXISTS (SELECT 1 FROM asset_fingerprint_rule WHERE rule_code = ?)
]
2026-06-17T16:27:19.142+08:00 DEBUG 37112 --- [threat-platform] [           main] o.s.jdbc.core.StatementCreatorUtils      : JDBC getParameterType call failed - using fallback method instead: java.sql.SQLException: Parameter metadata not available for the given statement
2026-06-17T16:27:19.142+08:00 DEBUG 37112 --- [threat-platform] [           main] o.s.jdbc.core.StatementCreatorUtils      : JDBC getParameterType call failed - using fallback method instead: java.sql.SQLException: Parameter metadata not available for the given statement
2026-06-17T16:27:19.143+08:00 DEBUG 37112 --- [threat-platform] [           main] o.s.jdbc.core.StatementCreatorUtils      : JDBC getParameterType call failed - using fallback method instead: java.sql.SQLException: Parameter metadata not available for the given statement
2026-06-17T16:27:19.145+08:00 DEBUG 37112 --- [threat-platform] [           main] o.s.jdbc.core.JdbcTemplate               : Executing prepared SQL update
2026-06-17T16:27:19.145+08:00 DEBUG 37112 --- [threat-platform] [           main] o.s.jdbc.core.JdbcTemplate               : Executing prepared SQL statement [INSERT INTO asset_fingerprint_rule
(rule_code, name, category, sub_category, protocol, port, banner_regex, vendor, product, version_expr,
 confidence, description, enabled, priority)
SELECT ?, ?, ?, ?, ?, ?, ?, ?, ?, ?, ?, ?, ?, ?
WHERE NOT EXISTS (SELECT 1 FROM asset_fingerprint_rule WHERE rule_code = ?)
]
2026-06-17T16:27:19.146+08:00 DEBUG 37112 --- [threat-platform] [           main] o.s.jdbc.core.StatementCreatorUtils      : JDBC getParameterType call failed - using fallback method instead: java.sql.SQLException: Parameter metadata not available for the given statement
2026-06-17T16:27:19.146+08:00 DEBUG 37112 --- [threat-platform] [           main] o.s.jdbc.core.StatementCreatorUtils      : JDBC getParameterType call failed - using fallback method instead: java.sql.SQLException: Parameter metadata not available for the given statement
2026-06-17T16:27:19.146+08:00 DEBUG 37112 --- [threat-platform] [           main] o.s.jdbc.core.StatementCreatorUtils      : JDBC getParameterType call failed - using fallback method instead: java.sql.SQLException: Parameter metadata not available for the given statement
2026-06-17T16:27:19.148+08:00 DEBUG 37112 --- [threat-platform] [           main] o.s.jdbc.core.JdbcTemplate               : Executing prepared SQL update
2026-06-17T16:27:19.148+08:00 DEBUG 37112 --- [threat-platform] [           main] o.s.jdbc.core.JdbcTemplate               : Executing prepared SQL statement [INSERT INTO asset_fingerprint_rule
(rule_code, name, category, sub_category, protocol, port, banner_regex, vendor, product, version_expr,
 confidence, description, enabled, priority)
SELECT ?, ?, ?, ?, ?, ?, ?, ?, ?, ?, ?, ?, ?, ?
WHERE NOT EXISTS (SELECT 1 FROM asset_fingerprint_rule WHERE rule_code = ?)
]
2026-06-17T16:27:19.148+08:00 DEBUG 37112 --- [threat-platform] [           main] o.s.jdbc.core.StatementCreatorUtils      : JDBC getParameterType call failed - using fallback method instead: java.sql.SQLException: Parameter metadata not available for the given statement
2026-06-17T16:27:19.149+08:00 DEBUG 37112 --- [threat-platform] [           main] o.s.jdbc.core.StatementCreatorUtils      : JDBC getParameterType call failed - using fallback method instead: java.sql.SQLException: Parameter metadata not available for the given statement
2026-06-17T16:27:19.149+08:00 DEBUG 37112 --- [threat-platform] [           main] o.s.jdbc.core.StatementCreatorUtils      : JDBC getParameterType call failed - using fallback method instead: java.sql.SQLException: Parameter metadata not available for the given statement
2026-06-17T16:27:19.151+08:00 DEBUG 37112 --- [threat-platform] [           main] o.s.jdbc.core.JdbcTemplate               : Executing prepared SQL update
2026-06-17T16:27:19.151+08:00 DEBUG 37112 --- [threat-platform] [           main] o.s.jdbc.core.JdbcTemplate               : Executing prepared SQL statement [INSERT INTO asset_fingerprint_rule
(rule_code, name, category, sub_category, protocol, port, banner_regex, vendor, product, version_expr,
 confidence, description, enabled, priority)
SELECT ?, ?, ?, ?, ?, ?, ?, ?, ?, ?, ?, ?, ?, ?
WHERE NOT EXISTS (SELECT 1 FROM asset_fingerprint_rule WHERE rule_code = ?)
]
2026-06-17T16:27:19.151+08:00 DEBUG 37112 --- [threat-platform] [           main] o.s.jdbc.core.StatementCreatorUtils      : JDBC getParameterType call failed - using fallback method instead: java.sql.SQLException: Parameter metadata not available for the given statement
2026-06-17T16:27:19.151+08:00 DEBUG 37112 --- [threat-platform] [           main] o.s.jdbc.core.StatementCreatorUtils      : JDBC getParameterType call failed - using fallback method instead: java.sql.SQLException: Parameter metadata not available for the given statement
2026-06-17T16:27:19.151+08:00 DEBUG 37112 --- [threat-platform] [           main] o.s.jdbc.core.StatementCreatorUtils      : JDBC getParameterType call failed - using fallback method instead: java.sql.SQLException: Parameter metadata not available for the given statement
2026-06-17T16:27:19.153+08:00 DEBUG 37112 --- [threat-platform] [           main] o.s.jdbc.core.JdbcTemplate               : Executing prepared SQL update
2026-06-17T16:27:19.153+08:00 DEBUG 37112 --- [threat-platform] [           main] o.s.jdbc.core.JdbcTemplate               : Executing prepared SQL statement [INSERT INTO asset_fingerprint_rule
(rule_code, name, category, sub_category, protocol, port, banner_regex, vendor, product, version_expr,
 confidence, description, enabled, priority)
SELECT ?, ?, ?, ?, ?, ?, ?, ?, ?, ?, ?, ?, ?, ?
WHERE NOT EXISTS (SELECT 1 FROM asset_fingerprint_rule WHERE rule_code = ?)
]
2026-06-17T16:27:19.153+08:00 DEBUG 37112 --- [threat-platform] [           main] o.s.jdbc.core.StatementCreatorUtils      : JDBC getParameterType call failed - using fallback method instead: java.sql.SQLException: Parameter metadata not available for the given statement
2026-06-17T16:27:19.153+08:00 DEBUG 37112 --- [threat-platform] [           main] o.s.jdbc.core.StatementCreatorUtils      : JDBC getParameterType call failed - using fallback method instead: java.sql.SQLException: Parameter metadata not available for the given statement
2026-06-17T16:27:19.153+08:00 DEBUG 37112 --- [threat-platform] [           main] o.s.jdbc.core.StatementCreatorUtils      : JDBC getParameterType call failed - using fallback method instead: java.sql.SQLException: Parameter metadata not available for the given statement
2026-06-17T16:27:19.155+08:00 DEBUG 37112 --- [threat-platform] [           main] o.s.jdbc.core.JdbcTemplate               : Executing prepared SQL update
2026-06-17T16:27:19.155+08:00 DEBUG 37112 --- [threat-platform] [           main] o.s.jdbc.core.JdbcTemplate               : Executing prepared SQL statement [INSERT INTO asset_fingerprint_rule
(rule_code, name, category, sub_category, protocol, port, banner_regex, vendor, product, version_expr,
 confidence, description, enabled, priority)
SELECT ?, ?, ?, ?, ?, ?, ?, ?, ?, ?, ?, ?, ?, ?
WHERE NOT EXISTS (SELECT 1 FROM asset_fingerprint_rule WHERE rule_code = ?)
]
2026-06-17T16:27:19.155+08:00 DEBUG 37112 --- [threat-platform] [           main] o.s.jdbc.core.StatementCreatorUtils      : JDBC getParameterType call failed - using fallback method instead: java.sql.SQLException: Parameter metadata not available for the given statement
2026-06-17T16:27:19.155+08:00 DEBUG 37112 --- [threat-platform] [           main] o.s.jdbc.core.StatementCreatorUtils      : JDBC getParameterType call failed - using fallback method instead: java.sql.SQLException: Parameter metadata not available for the given statement
2026-06-17T16:27:19.156+08:00 DEBUG 37112 --- [threat-platform] [           main] o.s.jdbc.core.StatementCreatorUtils      : JDBC getParameterType call failed - using fallback method instead: java.sql.SQLException: Parameter metadata not available for the given statement
2026-06-17T16:27:19.158+08:00 DEBUG 37112 --- [threat-platform] [           main] o.s.jdbc.core.JdbcTemplate               : Executing prepared SQL update
2026-06-17T16:27:19.159+08:00 DEBUG 37112 --- [threat-platform] [           main] o.s.jdbc.core.JdbcTemplate               : Executing prepared SQL statement [INSERT INTO asset_fingerprint_rule
(rule_code, name, category, sub_category, protocol, port, banner_regex, vendor, product, version_expr,
 confidence, description, enabled, priority)
SELECT ?, ?, ?, ?, ?, ?, ?, ?, ?, ?, ?, ?, ?, ?
WHERE NOT EXISTS (SELECT 1 FROM asset_fingerprint_rule WHERE rule_code = ?)
]
2026-06-17T16:27:19.159+08:00 DEBUG 37112 --- [threat-platform] [           main] o.s.jdbc.core.StatementCreatorUtils      : JDBC getParameterType call failed - using fallback method instead: java.sql.SQLException: Parameter metadata not available for the given statement
2026-06-17T16:27:19.159+08:00 DEBUG 37112 --- [threat-platform] [           main] o.s.jdbc.core.StatementCreatorUtils      : JDBC getParameterType call failed - using fallback method instead: java.sql.SQLException: Parameter metadata not available for the given statement
2026-06-17T16:27:19.159+08:00 DEBUG 37112 --- [threat-platform] [           main] o.s.jdbc.core.StatementCreatorUtils      : JDBC getParameterType call failed - using fallback method instead: java.sql.SQLException: Parameter metadata not available for the given statement
2026-06-17T16:27:19.162+08:00 DEBUG 37112 --- [threat-platform] [           main] o.s.jdbc.core.JdbcTemplate               : Executing prepared SQL update
2026-06-17T16:27:19.162+08:00 DEBUG 37112 --- [threat-platform] [           main] o.s.jdbc.core.JdbcTemplate               : Executing prepared SQL statement [INSERT INTO asset_fingerprint_rule
(rule_code, name, category, sub_category, protocol, port, banner_regex, vendor, product, version_expr,
 confidence, description, enabled, priority)
SELECT ?, ?, ?, ?, ?, ?, ?, ?, ?, ?, ?, ?, ?, ?
WHERE NOT EXISTS (SELECT 1 FROM asset_fingerprint_rule WHERE rule_code = ?)
]
2026-06-17T16:27:19.162+08:00 DEBUG 37112 --- [threat-platform] [           main] o.s.jdbc.core.StatementCreatorUtils      : JDBC getParameterType call failed - using fallback method instead: java.sql.SQLException: Parameter metadata not available for the given statement
2026-06-17T16:27:19.163+08:00 DEBUG 37112 --- [threat-platform] [           main] o.s.jdbc.core.StatementCreatorUtils      : JDBC getParameterType call failed - using fallback method instead: java.sql.SQLException: Parameter metadata not available for the given statement
2026-06-17T16:27:19.163+08:00 DEBUG 37112 --- [threat-platform] [           main] o.s.jdbc.core.StatementCreatorUtils      : JDBC getParameterType call failed - using fallback method instead: java.sql.SQLException: Parameter metadata not available for the given statement
2026-06-17T16:27:19.164+08:00 DEBUG 37112 --- [threat-platform] [           main] o.s.jdbc.core.JdbcTemplate               : Executing prepared SQL update
2026-06-17T16:27:19.165+08:00 DEBUG 37112 --- [threat-platform] [           main] o.s.jdbc.core.JdbcTemplate               : Executing prepared SQL statement [INSERT INTO asset_fingerprint_rule
(rule_code, name, category, sub_category, protocol, port, banner_regex, vendor, product, version_expr,
 confidence, description, enabled, priority)
SELECT ?, ?, ?, ?, ?, ?, ?, ?, ?, ?, ?, ?, ?, ?
WHERE NOT EXISTS (SELECT 1 FROM asset_fingerprint_rule WHERE rule_code = ?)
]
2026-06-17T16:27:19.165+08:00 DEBUG 37112 --- [threat-platform] [           main] o.s.jdbc.core.StatementCreatorUtils      : JDBC getParameterType call failed - using fallback method instead: java.sql.SQLException: Parameter metadata not available for the given statement
2026-06-17T16:27:19.166+08:00 DEBUG 37112 --- [threat-platform] [           main] o.s.jdbc.core.StatementCreatorUtils      : JDBC getParameterType call failed - using fallback method instead: java.sql.SQLException: Parameter metadata not available for the given statement
2026-06-17T16:27:19.166+08:00 DEBUG 37112 --- [threat-platform] [           main] o.s.jdbc.core.StatementCreatorUtils      : JDBC getParameterType call failed - using fallback method instead: java.sql.SQLException: Parameter metadata not available for the given statement
2026-06-17T16:27:19.167+08:00 DEBUG 37112 --- [threat-platform] [           main] o.s.jdbc.core.JdbcTemplate               : Executing prepared SQL update
2026-06-17T16:27:19.168+08:00 DEBUG 37112 --- [threat-platform] [           main] o.s.jdbc.core.JdbcTemplate               : Executing prepared SQL statement [INSERT INTO asset_fingerprint_rule
(rule_code, name, category, sub_category, protocol, port, banner_regex, vendor, product, version_expr,
 confidence, description, enabled, priority)
SELECT ?, ?, ?, ?, ?, ?, ?, ?, ?, ?, ?, ?, ?, ?
WHERE NOT EXISTS (SELECT 1 FROM asset_fingerprint_rule WHERE rule_code = ?)
]
2026-06-17T16:27:19.168+08:00 DEBUG 37112 --- [threat-platform] [           main] o.s.jdbc.core.StatementCreatorUtils      : JDBC getParameterType call failed - using fallback method instead: java.sql.SQLException: Parameter metadata not available for the given statement
2026-06-17T16:27:19.168+08:00 DEBUG 37112 --- [threat-platform] [           main] o.s.jdbc.core.StatementCreatorUtils      : JDBC getParameterType call failed - using fallback method instead: java.sql.SQLException: Parameter metadata not available for the given statement
2026-06-17T16:27:19.168+08:00 DEBUG 37112 --- [threat-platform] [           main] o.s.jdbc.core.StatementCreatorUtils      : JDBC getParameterType call failed - using fallback method instead: java.sql.SQLException: Parameter metadata not available for the given statement
2026-06-17T16:27:19.170+08:00 DEBUG 37112 --- [threat-platform] [           main] o.s.jdbc.core.JdbcTemplate               : Executing prepared SQL update
2026-06-17T16:27:19.170+08:00 DEBUG 37112 --- [threat-platform] [           main] o.s.jdbc.core.JdbcTemplate               : Executing prepared SQL statement [INSERT INTO asset_fingerprint_rule
(rule_code, name, category, sub_category, protocol, port, banner_regex, vendor, product, version_expr,
 confidence, description, enabled, priority)
SELECT ?, ?, ?, ?, ?, ?, ?, ?, ?, ?, ?, ?, ?, ?
WHERE NOT EXISTS (SELECT 1 FROM asset_fingerprint_rule WHERE rule_code = ?)
]
2026-06-17T16:27:19.171+08:00 DEBUG 37112 --- [threat-platform] [           main] o.s.jdbc.core.StatementCreatorUtils      : JDBC getParameterType call failed - using fallback method instead: java.sql.SQLException: Parameter metadata not available for the given statement
2026-06-17T16:27:19.171+08:00 DEBUG 37112 --- [threat-platform] [           main] o.s.jdbc.core.StatementCreatorUtils      : JDBC getParameterType call failed - using fallback method instead: java.sql.SQLException: Parameter metadata not available for the given statement
2026-06-17T16:27:19.171+08:00 DEBUG 37112 --- [threat-platform] [           main] o.s.jdbc.core.StatementCreatorUtils      : JDBC getParameterType call failed - using fallback method instead: java.sql.SQLException: Parameter metadata not available for the given statement
2026-06-17T16:27:19.174+08:00 DEBUG 37112 --- [threat-platform] [           main] o.s.jdbc.core.JdbcTemplate               : Executing SQL statement [DROP TABLE IF EXISTS port_fingerprint_rule]
2026-06-17T16:27:19.183+08:00 DEBUG 37112 --- [threat-platform] [           main] o.s.jdbc.core.JdbcTemplate               : Executing prepared SQL update
2026-06-17T16:27:19.183+08:00 DEBUG 37112 --- [threat-platform] [           main] o.s.jdbc.core.JdbcTemplate               : Executing prepared SQL statement [INSERT INTO sys_permission (permission_code, permission_name, permission_type, path, status)
SELECT ?, ?, 'API', ?, 1
WHERE NOT EXISTS (SELECT 1 FROM sys_permission WHERE permission_code = ?)
]
2026-06-17T16:27:19.184+08:00 DEBUG 37112 --- [threat-platform] [           main] o.s.jdbc.core.JdbcTemplate               : Executing prepared SQL update
2026-06-17T16:27:19.184+08:00 DEBUG 37112 --- [threat-platform] [           main] o.s.jdbc.core.JdbcTemplate               : Executing prepared SQL statement [INSERT INTO sys_permission (permission_code, permission_name, permission_type, path, status)
SELECT ?, ?, 'API', ?, 1
WHERE NOT EXISTS (SELECT 1 FROM sys_permission WHERE permission_code = ?)
]
2026-06-17T16:27:19.185+08:00 DEBUG 37112 --- [threat-platform] [           main] o.s.jdbc.core.JdbcTemplate               : Executing prepared SQL update
2026-06-17T16:27:19.185+08:00 DEBUG 37112 --- [threat-platform] [           main] o.s.jdbc.core.JdbcTemplate               : Executing prepared SQL statement [INSERT INTO sys_permission (permission_code, permission_name, permission_type, path, status)
SELECT ?, ?, 'API', ?, 1
WHERE NOT EXISTS (SELECT 1 FROM sys_permission WHERE permission_code = ?)
]
2026-06-17T16:27:19.186+08:00 DEBUG 37112 --- [threat-platform] [           main] o.s.jdbc.core.JdbcTemplate               : Executing SQL query [SELECT COALESCE(MAX(sort_order), 0) FROM sys_menu]
2026-06-17T16:27:19.186+08:00 DEBUG 37112 --- [threat-platform] [           main] o.s.jdbc.core.JdbcTemplate               : Executing SQL query [SELECT id FROM sys_permission WHERE permission_code = 'asset:view']
2026-06-17T16:27:19.188+08:00 DEBUG 37112 --- [threat-platform] [           main] o.s.jdbc.core.JdbcTemplate               : Executing SQL update [UPDATE sys_menu SET menu_code = 'asset_parent', menu_name = '资产管理',
menu_path = '#', menu_icon = 'layui-icon-component'
WHERE menu_code = 'asset_overview' AND parent_id IS NULL
]
2026-06-17T16:27:19.188+08:00 DEBUG 37112 --- [threat-platform] [           main] o.s.jdbc.core.JdbcTemplate               : Executing prepared SQL update
2026-06-17T16:27:19.188+08:00 DEBUG 37112 --- [threat-platform] [           main] o.s.jdbc.core.JdbcTemplate               : Executing prepared SQL statement [INSERT INTO sys_menu (menu_code, menu_name, menu_path, menu_icon, permission_id, sort_order, status, parent_id)
SELECT 'asset_parent', '资产管理', '#', 'layui-icon-component', ?, ?, 1, NULL
WHERE NOT EXISTS (SELECT 1 FROM sys_menu WHERE menu_code = 'asset_parent')
]
2026-06-17T16:27:19.189+08:00 DEBUG 37112 --- [threat-platform] [           main] o.s.jdbc.core.JdbcTemplate               : Executing SQL query [SELECT id FROM sys_menu WHERE menu_code = 'asset_parent']
2026-06-17T16:27:19.190+08:00 DEBUG 37112 --- [threat-platform] [           main] o.s.jdbc.core.JdbcTemplate               : Executing SQL update [DELETE FROM sys_menu WHERE menu_code = 'asset_overview']
2026-06-17T16:27:19.190+08:00 DEBUG 37112 --- [threat-platform] [           main] o.s.jdbc.core.JdbcTemplate               : Executing prepared SQL update
2026-06-17T16:27:19.191+08:00 DEBUG 37112 --- [threat-platform] [           main] o.s.jdbc.core.JdbcTemplate               : Executing prepared SQL statement [INSERT INTO sys_menu (menu_code, menu_name, menu_path, menu_icon, permission_id, sort_order, status, parent_id)
SELECT ?, ?, ?, ?, ?, ?, 1, ?
WHERE NOT EXISTS (SELECT 1 FROM sys_menu WHERE menu_code = ?)
]
2026-06-17T16:27:19.192+08:00 DEBUG 37112 --- [threat-platform] [           main] o.s.jdbc.core.JdbcTemplate               : Executing prepared SQL update
2026-06-17T16:27:19.193+08:00 DEBUG 37112 --- [threat-platform] [           main] o.s.jdbc.core.JdbcTemplate               : Executing prepared SQL statement [INSERT INTO sys_menu (menu_code, menu_name, menu_path, menu_icon, permission_id, sort_order, status, parent_id)
SELECT ?, ?, ?, ?, ?, ?, 1, ?
WHERE NOT EXISTS (SELECT 1 FROM sys_menu WHERE menu_code = ?)
]
2026-06-17T16:27:19.194+08:00 DEBUG 37112 --- [threat-platform] [           main] o.s.jdbc.core.JdbcTemplate               : Executing prepared SQL update
2026-06-17T16:27:19.194+08:00 DEBUG 37112 --- [threat-platform] [           main] o.s.jdbc.core.JdbcTemplate               : Executing prepared SQL statement [INSERT INTO sys_menu (menu_code, menu_name, menu_path, menu_icon, permission_id, sort_order, status, parent_id)
SELECT ?, ?, ?, ?, ?, ?, 1, ?
WHERE NOT EXISTS (SELECT 1 FROM sys_menu WHERE menu_code = ?)
]
2026-06-17T16:27:19.194+08:00 DEBUG 37112 --- [threat-platform] [           main] o.s.jdbc.core.JdbcTemplate               : Executing prepared SQL update
2026-06-17T16:27:19.195+08:00 DEBUG 37112 --- [threat-platform] [           main] o.s.jdbc.core.JdbcTemplate               : Executing prepared SQL statement [INSERT INTO sys_menu (menu_code, menu_name, menu_path, menu_icon, permission_id, sort_order, status, parent_id)
SELECT ?, ?, ?, ?, ?, ?, 1, ?
WHERE NOT EXISTS (SELECT 1 FROM sys_menu WHERE menu_code = ?)
]
2026-06-17T16:27:19.195+08:00 DEBUG 37112 --- [threat-platform] [           main] o.s.jdbc.core.JdbcTemplate               : Executing prepared SQL update
2026-06-17T16:27:19.195+08:00 DEBUG 37112 --- [threat-platform] [           main] o.s.jdbc.core.JdbcTemplate               : Executing prepared SQL statement [INSERT INTO sys_menu (menu_code, menu_name, menu_path, menu_icon, permission_id, sort_order, status, parent_id)
SELECT ?, ?, ?, ?, ?, ?, 1, ?
WHERE NOT EXISTS (SELECT 1 FROM sys_menu WHERE menu_code = ?)
]
2026-06-17T16:27:19.196+08:00 DEBUG 37112 --- [threat-platform] [           main] o.s.jdbc.core.JdbcTemplate               : Executing prepared SQL update
2026-06-17T16:27:19.196+08:00 DEBUG 37112 --- [threat-platform] [           main] o.s.jdbc.core.JdbcTemplate               : Executing prepared SQL statement [UPDATE sys_menu SET parent_id = ? WHERE menu_code = ? AND parent_id IS NULL]
2026-06-17T16:27:19.196+08:00 DEBUG 37112 --- [threat-platform] [           main] o.s.jdbc.core.JdbcTemplate               : Executing prepared SQL update
2026-06-17T16:27:19.196+08:00 DEBUG 37112 --- [threat-platform] [           main] o.s.jdbc.core.JdbcTemplate               : Executing prepared SQL statement [UPDATE sys_menu SET parent_id = ? WHERE menu_code = ? AND parent_id IS NULL]
2026-06-17T16:27:19.198+08:00 DEBUG 37112 --- [threat-platform] [           main] o.s.jdbc.core.JdbcTemplate               : Executing prepared SQL update
2026-06-17T16:27:19.198+08:00 DEBUG 37112 --- [threat-platform] [           main] o.s.jdbc.core.JdbcTemplate               : Executing prepared SQL statement [UPDATE sys_menu SET parent_id = ? WHERE menu_code = ? AND parent_id IS NULL]
2026-06-17T16:27:19.198+08:00 DEBUG 37112 --- [threat-platform] [           main] o.s.jdbc.core.JdbcTemplate               : Executing prepared SQL update
2026-06-17T16:27:19.198+08:00 DEBUG 37112 --- [threat-platform] [           main] o.s.jdbc.core.JdbcTemplate               : Executing prepared SQL statement [UPDATE sys_menu SET parent_id = ? WHERE menu_code = ? AND parent_id IS NULL]
2026-06-17T16:27:19.199+08:00 DEBUG 37112 --- [threat-platform] [           main] o.s.jdbc.core.JdbcTemplate               : Executing prepared SQL update
2026-06-17T16:27:19.199+08:00 DEBUG 37112 --- [threat-platform] [           main] o.s.jdbc.core.JdbcTemplate               : Executing prepared SQL statement [UPDATE sys_menu SET parent_id = ? WHERE menu_code = ? AND parent_id IS NULL]
2026-06-17T16:27:19.200+08:00 DEBUG 37112 --- [threat-platform] [           main] o.s.jdbc.core.JdbcTemplate               : Executing prepared SQL update
2026-06-17T16:27:19.200+08:00 DEBUG 37112 --- [threat-platform] [           main] o.s.jdbc.core.JdbcTemplate               : Executing prepared SQL statement [INSERT INTO sys_role (role_code, role_name, status)
SELECT ?, ?, 1
WHERE NOT EXISTS (SELECT 1 FROM sys_role WHERE role_code = ?)
]
2026-06-17T16:27:19.200+08:00 DEBUG 37112 --- [threat-platform] [           main] o.s.jdbc.core.JdbcTemplate               : Executing prepared SQL update
2026-06-17T16:27:19.200+08:00 DEBUG 37112 --- [threat-platform] [           main] o.s.jdbc.core.JdbcTemplate               : Executing prepared SQL statement [INSERT INTO sys_role (role_code, role_name, status)
SELECT ?, ?, 1
WHERE NOT EXISTS (SELECT 1 FROM sys_role WHERE role_code = ?)
]
2026-06-17T16:27:19.201+08:00 DEBUG 37112 --- [threat-platform] [           main] o.s.jdbc.core.JdbcTemplate               : Executing prepared SQL update
2026-06-17T16:27:19.201+08:00 DEBUG 37112 --- [threat-platform] [           main] o.s.jdbc.core.JdbcTemplate               : Executing prepared SQL statement [INSERT INTO sys_role (role_code, role_name, status)
SELECT ?, ?, 1
WHERE NOT EXISTS (SELECT 1 FROM sys_role WHERE role_code = ?)
]
2026-06-17T16:27:19.202+08:00 DEBUG 37112 --- [threat-platform] [           main] o.s.jdbc.core.JdbcTemplate               : Executing prepared SQL update
2026-06-17T16:27:19.202+08:00 DEBUG 37112 --- [threat-platform] [           main] o.s.jdbc.core.JdbcTemplate               : Executing prepared SQL statement [INSERT INTO sys_role_permission (role_id, permission_id)
SELECT r.id, p.id
FROM sys_role r
         JOIN sys_permission p ON p.permission_code = ?
WHERE r.role_code = ?
  AND NOT EXISTS (
    SELECT 1 FROM sys_role_permission rp
    WHERE rp.role_id = r.id AND rp.permission_id = p.id
)
]
2026-06-17T16:27:19.202+08:00 DEBUG 37112 --- [threat-platform] [           main] o.s.jdbc.core.JdbcTemplate               : Executing prepared SQL update
2026-06-17T16:27:19.203+08:00 DEBUG 37112 --- [threat-platform] [           main] o.s.jdbc.core.JdbcTemplate               : Executing prepared SQL statement [INSERT INTO sys_role_permission (role_id, permission_id)
SELECT r.id, p.id
FROM sys_role r
         JOIN sys_permission p ON p.permission_code = ?
WHERE r.role_code = ?
  AND NOT EXISTS (
    SELECT 1 FROM sys_role_permission rp
    WHERE rp.role_id = r.id AND rp.permission_id = p.id
)
]
2026-06-17T16:27:19.203+08:00 DEBUG 37112 --- [threat-platform] [           main] o.s.jdbc.core.JdbcTemplate               : Executing prepared SQL update
2026-06-17T16:27:19.203+08:00 DEBUG 37112 --- [threat-platform] [           main] o.s.jdbc.core.JdbcTemplate               : Executing prepared SQL statement [INSERT INTO sys_role_permission (role_id, permission_id)
SELECT r.id, p.id
FROM sys_role r
         JOIN sys_permission p ON p.permission_code = ?
WHERE r.role_code = ?
  AND NOT EXISTS (
    SELECT 1 FROM sys_role_permission rp
    WHERE rp.role_id = r.id AND rp.permission_id = p.id
)
]
2026-06-17T16:27:19.203+08:00 DEBUG 37112 --- [threat-platform] [           main] o.s.jdbc.core.JdbcTemplate               : Executing prepared SQL update
2026-06-17T16:27:19.204+08:00 DEBUG 37112 --- [threat-platform] [           main] o.s.jdbc.core.JdbcTemplate               : Executing prepared SQL statement [INSERT INTO sys_role_permission (role_id, permission_id)
SELECT r.id, p.id
FROM sys_role r
         JOIN sys_permission p ON p.permission_code = ?
WHERE r.role_code = ?
  AND NOT EXISTS (
    SELECT 1 FROM sys_role_permission rp
    WHERE rp.role_id = r.id AND rp.permission_id = p.id
)
]
2026-06-17T16:27:19.204+08:00 DEBUG 37112 --- [threat-platform] [           main] o.s.jdbc.core.JdbcTemplate               : Executing prepared SQL update
2026-06-17T16:27:19.204+08:00 DEBUG 37112 --- [threat-platform] [           main] o.s.jdbc.core.JdbcTemplate               : Executing prepared SQL statement [INSERT INTO sys_role_permission (role_id, permission_id)
SELECT r.id, p.id
FROM sys_role r
         JOIN sys_permission p ON p.permission_code = ?
WHERE r.role_code = ?
  AND NOT EXISTS (
    SELECT 1 FROM sys_role_permission rp
    WHERE rp.role_id = r.id AND rp.permission_id = p.id
)
]
2026-06-17T16:27:19.205+08:00 DEBUG 37112 --- [threat-platform] [           main] o.s.jdbc.core.JdbcTemplate               : Executing prepared SQL update
2026-06-17T16:27:19.205+08:00 DEBUG 37112 --- [threat-platform] [           main] o.s.jdbc.core.JdbcTemplate               : Executing prepared SQL statement [INSERT INTO sys_role_permission (role_id, permission_id)
SELECT r.id, p.id
FROM sys_role r
         JOIN sys_permission p ON p.permission_code = ?
WHERE r.role_code = ?
  AND NOT EXISTS (
    SELECT 1 FROM sys_role_permission rp
    WHERE rp.role_id = r.id AND rp.permission_id = p.id
)
]
2026-06-17T16:27:19.205+08:00 DEBUG 37112 --- [threat-platform] [           main] o.s.jdbc.core.JdbcTemplate               : Executing prepared SQL update
2026-06-17T16:27:19.206+08:00 DEBUG 37112 --- [threat-platform] [           main] o.s.jdbc.core.JdbcTemplate               : Executing prepared SQL statement [INSERT INTO sys_role_permission (role_id, permission_id)
SELECT r.id, p.id
FROM sys_role r
         JOIN sys_permission p ON p.permission_code = ?
WHERE r.role_code = ?
  AND NOT EXISTS (
    SELECT 1 FROM sys_role_permission rp
    WHERE rp.role_id = r.id AND rp.permission_id = p.id
)
]
2026-06-17T16:27:19.208+08:00 DEBUG 37112 --- [threat-platform] [           main] o.s.jdbc.core.JdbcTemplate               : Executing prepared SQL update
2026-06-17T16:27:19.208+08:00 DEBUG 37112 --- [threat-platform] [           main] o.s.jdbc.core.JdbcTemplate               : Executing prepared SQL statement [INSERT INTO sys_role_permission (role_id, permission_id)
SELECT r.id, p.id
FROM sys_role r
         JOIN sys_permission p ON p.permission_code = ?
WHERE r.role_code = ?
  AND NOT EXISTS (
    SELECT 1 FROM sys_role_permission rp
    WHERE rp.role_id = r.id AND rp.permission_id = p.id
)
]
2026-06-17T16:27:19.209+08:00 DEBUG 37112 --- [threat-platform] [           main] o.s.jdbc.core.JdbcTemplate               : Executing prepared SQL update
2026-06-17T16:27:19.209+08:00 DEBUG 37112 --- [threat-platform] [           main] o.s.jdbc.core.JdbcTemplate               : Executing prepared SQL statement [INSERT INTO sys_role_permission (role_id, permission_id)
SELECT r.id, p.id
FROM sys_role r
         JOIN sys_permission p ON p.permission_code = ?
WHERE r.role_code = ?
  AND NOT EXISTS (
    SELECT 1 FROM sys_role_permission rp
    WHERE rp.role_id = r.id AND rp.permission_id = p.id
)
]
2026-06-17T16:27:19.211+08:00 DEBUG 37112 --- [threat-platform] [           main] o.s.jdbc.core.JdbcTemplate               : Executing prepared SQL update
2026-06-17T16:27:19.211+08:00 DEBUG 37112 --- [threat-platform] [           main] o.s.jdbc.core.JdbcTemplate               : Executing prepared SQL statement [INSERT INTO sys_role_permission (role_id, permission_id)
SELECT r.id, p.id
FROM sys_role r
         JOIN sys_permission p ON p.permission_code = ?
WHERE r.role_code = ?
  AND NOT EXISTS (
    SELECT 1 FROM sys_role_permission rp
    WHERE rp.role_id = r.id AND rp.permission_id = p.id
)
]
2026-06-17T16:27:19.211+08:00 DEBUG 37112 --- [threat-platform] [           main] o.s.jdbc.core.JdbcTemplate               : Executing prepared SQL update
2026-06-17T16:27:19.211+08:00 DEBUG 37112 --- [threat-platform] [           main] o.s.jdbc.core.JdbcTemplate               : Executing prepared SQL statement [INSERT INTO sys_role_permission (role_id, permission_id)
SELECT r.id, p.id
FROM sys_role r
         JOIN sys_permission p ON p.permission_code = ?
WHERE r.role_code = ?
  AND NOT EXISTS (
    SELECT 1 FROM sys_role_permission rp
    WHERE rp.role_id = r.id AND rp.permission_id = p.id
)
]
2026-06-17T16:27:19.212+08:00 DEBUG 37112 --- [threat-platform] [           main] o.s.jdbc.core.JdbcTemplate               : Executing prepared SQL update
2026-06-17T16:27:19.212+08:00 DEBUG 37112 --- [threat-platform] [           main] o.s.jdbc.core.JdbcTemplate               : Executing prepared SQL statement [INSERT INTO sys_role_permission (role_id, permission_id)
SELECT r.id, p.id
FROM sys_role r
         JOIN sys_permission p ON p.permission_code = ?
WHERE r.role_code = ?
  AND NOT EXISTS (
    SELECT 1 FROM sys_role_permission rp
    WHERE rp.role_id = r.id AND rp.permission_id = p.id
)
]
2026-06-17T16:27:19.213+08:00 DEBUG 37112 --- [threat-platform] [           main] o.s.jdbc.core.JdbcTemplate               : Executing prepared SQL update
2026-06-17T16:27:19.213+08:00 DEBUG 37112 --- [threat-platform] [           main] o.s.jdbc.core.JdbcTemplate               : Executing prepared SQL statement [INSERT INTO sys_role_permission (role_id, permission_id)
SELECT r.id, p.id
FROM sys_role r
         JOIN sys_permission p ON p.permission_code = ?
WHERE r.role_code = ?
  AND NOT EXISTS (
    SELECT 1 FROM sys_role_permission rp
    WHERE rp.role_id = r.id AND rp.permission_id = p.id
)
]
2026-06-17T16:27:19.214+08:00 DEBUG 37112 --- [threat-platform] [           main] o.s.jdbc.core.JdbcTemplate               : Executing prepared SQL update
2026-06-17T16:27:19.214+08:00 DEBUG 37112 --- [threat-platform] [           main] o.s.jdbc.core.JdbcTemplate               : Executing prepared SQL statement [INSERT INTO sys_role_permission (role_id, permission_id)
SELECT r.id, p.id
FROM sys_role r
         JOIN sys_permission p ON p.permission_code = ?
WHERE r.role_code = ?
  AND NOT EXISTS (
    SELECT 1 FROM sys_role_permission rp
    WHERE rp.role_id = r.id AND rp.permission_id = p.id
)
]
2026-06-17T16:27:19.214+08:00 DEBUG 37112 --- [threat-platform] [           main] o.s.jdbc.core.JdbcTemplate               : Executing prepared SQL update
2026-06-17T16:27:19.215+08:00 DEBUG 37112 --- [threat-platform] [           main] o.s.jdbc.core.JdbcTemplate               : Executing prepared SQL statement [INSERT INTO sys_role_permission (role_id, permission_id)
SELECT r.id, p.id
FROM sys_role r
         JOIN sys_permission p ON p.permission_code = ?
WHERE r.role_code = ?
  AND NOT EXISTS (
    SELECT 1 FROM sys_role_permission rp
    WHERE rp.role_id = r.id AND rp.permission_id = p.id
)
]
2026-06-17T16:27:19.215+08:00 DEBUG 37112 --- [threat-platform] [           main] o.s.jdbc.core.JdbcTemplate               : Executing prepared SQL update
2026-06-17T16:27:19.215+08:00 DEBUG 37112 --- [threat-platform] [           main] o.s.jdbc.core.JdbcTemplate               : Executing prepared SQL statement [INSERT INTO sys_role_permission (role_id, permission_id)
SELECT r.id, p.id
FROM sys_role r
         JOIN sys_permission p ON p.permission_code = ?
WHERE r.role_code = ?
  AND NOT EXISTS (
    SELECT 1 FROM sys_role_permission rp
    WHERE rp.role_id = r.id AND rp.permission_id = p.id
)
]
2026-06-17T16:27:19.216+08:00 DEBUG 37112 --- [threat-platform] [           main] o.s.jdbc.core.JdbcTemplate               : Executing prepared SQL update
2026-06-17T16:27:19.216+08:00 DEBUG 37112 --- [threat-platform] [           main] o.s.jdbc.core.JdbcTemplate               : Executing prepared SQL statement [INSERT INTO sys_role_permission (role_id, permission_id)
SELECT r.id, p.id
FROM sys_role r
         JOIN sys_permission p ON p.permission_code = ?
WHERE r.role_code = ?
  AND NOT EXISTS (
    SELECT 1 FROM sys_role_permission rp
    WHERE rp.role_id = r.id AND rp.permission_id = p.id
)
]
2026-06-17T16:27:19.217+08:00 DEBUG 37112 --- [threat-platform] [           main] o.s.jdbc.core.JdbcTemplate               : Executing prepared SQL update
2026-06-17T16:27:19.217+08:00 DEBUG 37112 --- [threat-platform] [           main] o.s.jdbc.core.JdbcTemplate               : Executing prepared SQL statement [INSERT INTO sys_role_permission (role_id, permission_id)
SELECT r.id, p.id
FROM sys_role r
         JOIN sys_permission p ON p.permission_code = ?
WHERE r.role_code = ?
  AND NOT EXISTS (
    SELECT 1 FROM sys_role_permission rp
    WHERE rp.role_id = r.id AND rp.permission_id = p.id
)
]
2026-06-17T16:27:19.217+08:00 DEBUG 37112 --- [threat-platform] [           main] o.s.jdbc.core.JdbcTemplate               : Executing prepared SQL update
2026-06-17T16:27:19.217+08:00 DEBUG 37112 --- [threat-platform] [           main] o.s.jdbc.core.JdbcTemplate               : Executing prepared SQL statement [INSERT INTO sys_role_permission (role_id, permission_id)
SELECT r.id, p.id
FROM sys_role r
         JOIN sys_permission p ON p.permission_code = ?
WHERE r.role_code = ?
  AND NOT EXISTS (
    SELECT 1 FROM sys_role_permission rp
    WHERE rp.role_id = r.id AND rp.permission_id = p.id
)
]
2026-06-17T16:27:19.218+08:00 DEBUG 37112 --- [threat-platform] [           main] o.s.jdbc.core.JdbcTemplate               : Executing prepared SQL update
2026-06-17T16:27:19.218+08:00 DEBUG 37112 --- [threat-platform] [           main] o.s.jdbc.core.JdbcTemplate               : Executing prepared SQL statement [INSERT INTO sys_role_permission (role_id, permission_id)
SELECT r.id, p.id
FROM sys_role r
         JOIN sys_permission p ON p.permission_code = ?
WHERE r.role_code = ?
  AND NOT EXISTS (
    SELECT 1 FROM sys_role_permission rp
    WHERE rp.role_id = r.id AND rp.permission_id = p.id
)
]
2026-06-17T16:27:19.219+08:00 DEBUG 37112 --- [threat-platform] [           main] o.s.jdbc.core.JdbcTemplate               : Executing prepared SQL update
2026-06-17T16:27:19.219+08:00 DEBUG 37112 --- [threat-platform] [           main] o.s.jdbc.core.JdbcTemplate               : Executing prepared SQL statement [INSERT INTO sys_role_permission (role_id, permission_id)
SELECT r.id, p.id
FROM sys_role r
         JOIN sys_permission p ON p.permission_code = ?
WHERE r.role_code = ?
  AND NOT EXISTS (
    SELECT 1 FROM sys_role_permission rp
    WHERE rp.role_id = r.id AND rp.permission_id = p.id
)
]
2026-06-17T16:27:19.220+08:00 DEBUG 37112 --- [threat-platform] [           main] o.s.jdbc.core.JdbcTemplate               : Executing prepared SQL update
2026-06-17T16:27:19.220+08:00 DEBUG 37112 --- [threat-platform] [           main] o.s.jdbc.core.JdbcTemplate               : Executing prepared SQL statement [INSERT INTO sys_role_permission (role_id, permission_id)
SELECT r.id, p.id
FROM sys_role r
         JOIN sys_permission p ON p.permission_code = ?
WHERE r.role_code = ?
  AND NOT EXISTS (
    SELECT 1 FROM sys_role_permission rp
    WHERE rp.role_id = r.id AND rp.permission_id = p.id
)
]
2026-06-17T16:27:19.220+08:00 DEBUG 37112 --- [threat-platform] [           main] o.s.jdbc.core.JdbcTemplate               : Executing prepared SQL update
2026-06-17T16:27:19.221+08:00 DEBUG 37112 --- [threat-platform] [           main] o.s.jdbc.core.JdbcTemplate               : Executing prepared SQL statement [INSERT INTO sys_role_permission (role_id, permission_id)
SELECT r.id, p.id
FROM sys_role r
         JOIN sys_permission p ON p.permission_code = ?
WHERE r.role_code = ?
  AND NOT EXISTS (
    SELECT 1 FROM sys_role_permission rp
    WHERE rp.role_id = r.id AND rp.permission_id = p.id
)
]
2026-06-17T16:27:19.221+08:00 DEBUG 37112 --- [threat-platform] [           main] o.s.jdbc.core.JdbcTemplate               : Executing prepared SQL update
2026-06-17T16:27:19.221+08:00 DEBUG 37112 --- [threat-platform] [           main] o.s.jdbc.core.JdbcTemplate               : Executing prepared SQL statement [INSERT INTO sys_role_permission (role_id, permission_id)
SELECT r.id, p.id
FROM sys_role r
         JOIN sys_permission p ON p.permission_code = ?
WHERE r.role_code = ?
  AND NOT EXISTS (
    SELECT 1 FROM sys_role_permission rp
    WHERE rp.role_id = r.id AND rp.permission_id = p.id
)
]
2026-06-17T16:27:19.221+08:00 DEBUG 37112 --- [threat-platform] [           main] o.s.jdbc.core.JdbcTemplate               : Executing prepared SQL update
2026-06-17T16:27:19.221+08:00 DEBUG 37112 --- [threat-platform] [           main] o.s.jdbc.core.JdbcTemplate               : Executing prepared SQL statement [INSERT INTO sys_role_permission (role_id, permission_id)
SELECT r.id, p.id
FROM sys_role r
         JOIN sys_permission p ON p.permission_code = ?
WHERE r.role_code = ?
  AND NOT EXISTS (
    SELECT 1 FROM sys_role_permission rp
    WHERE rp.role_id = r.id AND rp.permission_id = p.id
)
]
2026-06-17T16:27:19.222+08:00 DEBUG 37112 --- [threat-platform] [           main] o.s.jdbc.core.JdbcTemplate               : Executing prepared SQL update
2026-06-17T16:27:19.223+08:00 DEBUG 37112 --- [threat-platform] [           main] o.s.jdbc.core.JdbcTemplate               : Executing prepared SQL statement [INSERT INTO sys_role_permission (role_id, permission_id)
SELECT r.id, p.id
FROM sys_role r
         JOIN sys_permission p ON p.permission_code = ?
WHERE r.role_code = ?
  AND NOT EXISTS (
    SELECT 1 FROM sys_role_permission rp
    WHERE rp.role_id = r.id AND rp.permission_id = p.id
)
]
2026-06-17T16:27:19.223+08:00 DEBUG 37112 --- [threat-platform] [           main] o.s.jdbc.core.JdbcTemplate               : Executing prepared SQL update
2026-06-17T16:27:19.224+08:00 DEBUG 37112 --- [threat-platform] [           main] o.s.jdbc.core.JdbcTemplate               : Executing prepared SQL statement [INSERT INTO sys_role_permission (role_id, permission_id)
SELECT r.id, p.id
FROM sys_role r
         JOIN sys_permission p ON p.permission_code = ?
WHERE r.role_code = ?
  AND NOT EXISTS (
    SELECT 1 FROM sys_role_permission rp
    WHERE rp.role_id = r.id AND rp.permission_id = p.id
)
]
2026-06-17T16:27:19.225+08:00 DEBUG 37112 --- [threat-platform] [           main] o.s.jdbc.core.JdbcTemplate               : Executing prepared SQL update
2026-06-17T16:27:19.225+08:00 DEBUG 37112 --- [threat-platform] [           main] o.s.jdbc.core.JdbcTemplate               : Executing prepared SQL statement [INSERT INTO sys_role_permission (role_id, permission_id)
SELECT r.id, p.id
FROM sys_role r
         JOIN sys_permission p ON p.permission_code = ?
WHERE r.role_code = ?
  AND NOT EXISTS (
    SELECT 1 FROM sys_role_permission rp
    WHERE rp.role_id = r.id AND rp.permission_id = p.id
)
]
2026-06-17T16:27:19.226+08:00 DEBUG 37112 --- [threat-platform] [           main] o.s.jdbc.core.JdbcTemplate               : Executing prepared SQL update
2026-06-17T16:27:19.226+08:00 DEBUG 37112 --- [threat-platform] [           main] o.s.jdbc.core.JdbcTemplate               : Executing prepared SQL statement [INSERT INTO user (user_name, user_pwd, status)
SELECT ?, ?, 1
WHERE NOT EXISTS (SELECT 1 FROM user WHERE user_name = ?)
]
2026-06-17T16:27:19.226+08:00 DEBUG 37112 --- [threat-platform] [           main] o.s.jdbc.core.JdbcTemplate               : Executing prepared SQL update
2026-06-17T16:27:19.227+08:00 DEBUG 37112 --- [threat-platform] [           main] o.s.jdbc.core.JdbcTemplate               : Executing prepared SQL statement [INSERT INTO sys_user_role (user_id, role_id)
SELECT u.id, r.id
FROM user u
         JOIN sys_role r ON r.role_code = ?
WHERE u.user_name = ?
  AND NOT EXISTS (
    SELECT 1 FROM sys_user_role ur WHERE ur.user_id = u.id AND ur.role_id = r.id
)
]
2026-06-17T16:27:19.227+08:00 DEBUG 37112 --- [threat-platform] [           main] o.s.jdbc.core.JdbcTemplate               : Executing prepared SQL update
2026-06-17T16:27:19.227+08:00 DEBUG 37112 --- [threat-platform] [           main] o.s.jdbc.core.JdbcTemplate               : Executing prepared SQL statement [INSERT INTO user (user_name, user_pwd, status)
SELECT ?, ?, 1
WHERE NOT EXISTS (SELECT 1 FROM user WHERE user_name = ?)
]
2026-06-17T16:27:19.228+08:00 DEBUG 37112 --- [threat-platform] [           main] o.s.jdbc.core.JdbcTemplate               : Executing prepared SQL update
2026-06-17T16:27:19.228+08:00 DEBUG 37112 --- [threat-platform] [           main] o.s.jdbc.core.JdbcTemplate               : Executing prepared SQL statement [INSERT INTO sys_user_role (user_id, role_id)
SELECT u.id, r.id
FROM user u
         JOIN sys_role r ON r.role_code = ?
WHERE u.user_name = ?
  AND NOT EXISTS (
    SELECT 1 FROM sys_user_role ur WHERE ur.user_id = u.id AND ur.role_id = r.id
)
]
2026-06-17T16:27:19.228+08:00 DEBUG 37112 --- [threat-platform] [           main] o.s.jdbc.core.JdbcTemplate               : Executing prepared SQL update
2026-06-17T16:27:19.230+08:00 DEBUG 37112 --- [threat-platform] [           main] o.s.jdbc.core.JdbcTemplate               : Executing prepared SQL statement [INSERT INTO user (user_name, user_pwd, status)
SELECT ?, ?, 1
WHERE NOT EXISTS (SELECT 1 FROM user WHERE user_name = ?)
]
2026-06-17T16:27:19.230+08:00 DEBUG 37112 --- [threat-platform] [           main] o.s.jdbc.core.JdbcTemplate               : Executing prepared SQL update
2026-06-17T16:27:19.230+08:00 DEBUG 37112 --- [threat-platform] [           main] o.s.jdbc.core.JdbcTemplate               : Executing prepared SQL statement [INSERT INTO sys_user_role (user_id, role_id)
SELECT u.id, r.id
FROM user u
         JOIN sys_role r ON r.role_code = ?
WHERE u.user_name = ?
  AND NOT EXISTS (
    SELECT 1 FROM sys_user_role ur WHERE ur.user_id = u.id AND ur.role_id = r.id
)
]
2026-06-17T16:27:19.231+08:00 DEBUG 37112 --- [threat-platform] [           main] o.s.jdbc.core.JdbcTemplate               : Executing SQL statement [CREATE TABLE IF NOT EXISTS vuln_rule (
    id BIGINT PRIMARY KEY AUTO_INCREMENT,
    rule_code VARCHAR(64),
    cve_id VARCHAR(64),
    category VARCHAR(32),
    product_type VARCHAR(32) NOT NULL,
    product_name VARCHAR(255) NOT NULL,
    match_type VARCHAR(32) NOT NULL,
    affected_version_expr VARCHAR(512),
    severity VARCHAR(32),
    title VARCHAR(255) NOT NULL,
    description VARCHAR(2000),
    suggestion TEXT,
    verify_type VARCHAR(32),
    verify_rule LONGTEXT,
    enabled TINYINT DEFAULT 1,
    created_at DATETIME DEFAULT CURRENT_TIMESTAMP,
    updated_at DATETIME DEFAULT CURRENT_TIMESTAMP ON UPDATE CURRENT_TIMESTAMP,
    INDEX idx_vuln_rule_enabled_type_name (enabled, product_type, product_name)
)
]
2026-06-17T16:27:19.232+08:00 DEBUG 37112 --- [threat-platform] [           main] o.s.jdbc.core.JdbcTemplate               : SQLWarning ignored: SQL state '42S01', error code '1050', message [Table 'vuln_rule' already exists]
2026-06-17T16:27:19.232+08:00 DEBUG 37112 --- [threat-platform] [           main] o.s.jdbc.core.JdbcTemplate               : Executing SQL statement [CREATE TABLE IF NOT EXISTS host_vuln_result (
    id BIGINT PRIMARY KEY AUTO_INCREMENT,
    task_id BIGINT DEFAULT 0,
    host_id BIGINT NOT NULL,
    rule_id BIGINT NOT NULL,
    severity VARCHAR(32),
    vuln_name VARCHAR(255),
    product_name VARCHAR(255),
    product_version VARCHAR(255),
    suggestion TEXT,
    status TINYINT DEFAULT 1,
    verify_status VARCHAR(32) DEFAULT 'PENDING',
    evidence_json LONGTEXT,
    created_at DATETIME DEFAULT CURRENT_TIMESTAMP,
    updated_at DATETIME DEFAULT CURRENT_TIMESTAMP ON UPDATE CURRENT_TIMESTAMP,
    INDEX idx_host_vuln_result_host_status (host_id, status),
    INDEX idx_host_vuln_result_rule (rule_id)
)
]
2026-06-17T16:27:19.234+08:00 DEBUG 37112 --- [threat-platform] [           main] o.s.jdbc.core.JdbcTemplate               : SQLWarning ignored: SQL state '42S01', error code '1050', message [Table 'host_vuln_result' already exists]
2026-06-17T16:27:19.234+08:00 DEBUG 37112 --- [threat-platform] [           main] o.s.jdbc.core.JdbcTemplate               : Executing SQL statement [CREATE TABLE IF NOT EXISTS host_vuln_task (
    id BIGINT PRIMARY KEY AUTO_INCREMENT,
    task_name VARCHAR(255),
    task_type VARCHAR(32) NOT NULL DEFAULT 'VULN',
    host_id BIGINT NOT NULL,
    mac_address VARCHAR(64) NOT NULL,
    scan_mode VARCHAR(32) NOT NULL DEFAULT 'SNAPSHOT',
    rule_count INT DEFAULT 0,
    status TINYINT NOT NULL DEFAULT 0,
    triggered_by VARCHAR(64),
    started_at DATETIME,
    finished_at DATETIME,
    summary_json LONGTEXT,
    created_at DATETIME NOT NULL DEFAULT CURRENT_TIMESTAMP,
    INDEX idx_host_vuln_task_host_status (host_id, status),
    INDEX idx_host_vuln_task_mac_status (mac_address, status),
    INDEX idx_host_vuln_task_created (created_at)
)
]
2026-06-17T16:27:19.235+08:00 DEBUG 37112 --- [threat-platform] [           main] o.s.jdbc.core.JdbcTemplate               : SQLWarning ignored: SQL state '42S01', error code '1050', message [Table 'host_vuln_task' already exists]
2026-06-17T16:27:19.235+08:00 DEBUG 37112 --- [threat-platform] [           main] o.s.jdbc.core.JdbcTemplate               : Executing SQL statement [ALTER TABLE vuln_rule ADD COLUMN rule_code VARCHAR(64)]
2026-06-17T16:27:19.239+08:00 DEBUG 37112 --- [threat-platform] [           main] o.s.jdbc.core.JdbcTemplate               : Executing SQL statement [ALTER TABLE vuln_rule ADD COLUMN cve_id VARCHAR(64)]
2026-06-17T16:27:19.244+08:00 DEBUG 37112 --- [threat-platform] [           main] o.s.jdbc.core.JdbcTemplate               : Executing SQL statement [ALTER TABLE vuln_rule ADD COLUMN category VARCHAR(32)]
2026-06-17T16:27:19.249+08:00 DEBUG 37112 --- [threat-platform] [           main] o.s.jdbc.core.JdbcTemplate               : Executing SQL statement [ALTER TABLE vuln_rule ADD COLUMN description VARCHAR(2000)]
2026-06-17T16:27:19.255+08:00 DEBUG 37112 --- [threat-platform] [           main] o.s.jdbc.core.JdbcTemplate               : Executing SQL statement [ALTER TABLE vuln_rule ADD COLUMN verify_type VARCHAR(32)]
2026-06-17T16:27:19.260+08:00 DEBUG 37112 --- [threat-platform] [           main] o.s.jdbc.core.JdbcTemplate               : Executing SQL statement [ALTER TABLE vuln_rule ADD COLUMN verify_rule LONGTEXT]
2026-06-17T16:27:19.264+08:00 DEBUG 37112 --- [threat-platform] [           main] o.s.jdbc.core.JdbcTemplate               : Executing SQL statement [ALTER TABLE host_vuln_result ADD COLUMN verify_status VARCHAR(32) DEFAULT 'PENDING']
2026-06-17T16:27:19.270+08:00 DEBUG 37112 --- [threat-platform] [           main] o.s.jdbc.core.JdbcTemplate               : Executing SQL statement [ALTER TABLE host_vuln_result ADD COLUMN evidence_json LONGTEXT]
2026-06-17T16:27:19.274+08:00 DEBUG 37112 --- [threat-platform] [           main] o.s.jdbc.core.JdbcTemplate               : Executing SQL statement [ALTER TABLE host_vuln_result ADD COLUMN task_id BIGINT DEFAULT 0]
2026-06-17T16:27:19.279+08:00 DEBUG 37112 --- [threat-platform] [           main] o.s.jdbc.core.JdbcTemplate               : Executing SQL statement [ALTER TABLE host_vuln_result ADD COLUMN created_at DATETIME DEFAULT CURRENT_TIMESTAMP]
2026-06-17T16:27:19.284+08:00 DEBUG 37112 --- [threat-platform] [           main] o.s.jdbc.core.JdbcTemplate               : Executing SQL statement [ALTER TABLE host_vuln_result ADD COLUMN updated_at DATETIME DEFAULT CURRENT_TIMESTAMP ON UPDATE CURRENT_TIMESTAMP]
2026-06-17T16:27:19.287+08:00 DEBUG 37112 --- [threat-platform] [           main] o.s.jdbc.core.JdbcTemplate               : Executing SQL statement [ALTER TABLE host_vuln_result MODIFY COLUMN task_id BIGINT DEFAULT 0]
2026-06-17T16:27:19.296+08:00 DEBUG 37112 --- [threat-platform] [           main] o.s.jdbc.core.JdbcTemplate               : Executing SQL statement [ALTER TABLE host_vuln_result MODIFY COLUMN created_at DATETIME DEFAULT CURRENT_TIMESTAMP]
2026-06-17T16:27:19.307+08:00 DEBUG 37112 --- [threat-platform] [           main] o.s.jdbc.core.JdbcTemplate               : Executing SQL statement [ALTER TABLE host_vuln_task ADD COLUMN summary_json LONGTEXT]
2026-06-17T16:27:19.311+08:00 DEBUG 37112 --- [threat-platform] [           main] o.s.jdbc.core.JdbcTemplate               : Executing SQL statement [ALTER TABLE host_vuln_task ADD COLUMN scan_mode VARCHAR(32) NOT NULL DEFAULT 'SNAPSHOT']
2026-06-17T16:27:19.316+08:00 DEBUG 37112 --- [threat-platform] [           main] o.s.jdbc.core.JdbcTemplate               : Executing SQL statement [ALTER TABLE host_vuln_task ADD COLUMN created_at DATETIME NOT NULL DEFAULT CURRENT_TIMESTAMP]
2026-06-17T16:27:19.320+08:00 DEBUG 37112 --- [threat-platform] [           main] o.s.jdbc.core.JdbcTemplate               : Executing prepared SQL update
2026-06-17T16:27:19.320+08:00 DEBUG 37112 --- [threat-platform] [           main] o.s.jdbc.core.JdbcTemplate               : Executing prepared SQL statement [INSERT INTO sys_permission (permission_code, permission_name, permission_type, path, status)
SELECT ?, ?, 'API', ?, 1
WHERE NOT EXISTS (SELECT 1 FROM sys_permission WHERE permission_code = ?)
]
2026-06-17T16:27:19.321+08:00 DEBUG 37112 --- [threat-platform] [           main] o.s.jdbc.core.JdbcTemplate               : Executing prepared SQL update
2026-06-17T16:27:19.321+08:00 DEBUG 37112 --- [threat-platform] [           main] o.s.jdbc.core.JdbcTemplate               : Executing prepared SQL statement [INSERT INTO sys_permission (permission_code, permission_name, permission_type, path, status)
SELECT ?, ?, 'API', ?, 1
WHERE NOT EXISTS (SELECT 1 FROM sys_permission WHERE permission_code = ?)
]
2026-06-17T16:27:19.322+08:00 DEBUG 37112 --- [threat-platform] [           main] o.s.jdbc.core.JdbcTemplate               : Executing prepared SQL update
2026-06-17T16:27:19.322+08:00 DEBUG 37112 --- [threat-platform] [           main] o.s.jdbc.core.JdbcTemplate               : Executing prepared SQL statement [INSERT INTO sys_role_permission (role_id, permission_id)
SELECT r.id, p.id
FROM sys_role r
JOIN sys_permission p ON p.permission_code = ?
WHERE r.role_code = ?
  AND NOT EXISTS (
      SELECT 1 FROM sys_role_permission rp
      WHERE rp.role_id = r.id AND rp.permission_id = p.id
  )
]
2026-06-17T16:27:19.322+08:00 DEBUG 37112 --- [threat-platform] [           main] o.s.jdbc.core.JdbcTemplate               : Executing prepared SQL update
2026-06-17T16:27:19.322+08:00 DEBUG 37112 --- [threat-platform] [           main] o.s.jdbc.core.JdbcTemplate               : Executing prepared SQL statement [INSERT INTO sys_role_permission (role_id, permission_id)
SELECT r.id, p.id
FROM sys_role r
JOIN sys_permission p ON p.permission_code = ?
WHERE r.role_code = ?
  AND NOT EXISTS (
      SELECT 1 FROM sys_role_permission rp
      WHERE rp.role_id = r.id AND rp.permission_id = p.id
  )
]
2026-06-17T16:27:19.324+08:00 DEBUG 37112 --- [threat-platform] [           main] o.s.jdbc.core.JdbcTemplate               : Executing prepared SQL update
2026-06-17T16:27:19.324+08:00 DEBUG 37112 --- [threat-platform] [           main] o.s.jdbc.core.JdbcTemplate               : Executing prepared SQL statement [INSERT INTO sys_role_permission (role_id, permission_id)
SELECT r.id, p.id
FROM sys_role r
JOIN sys_permission p ON p.permission_code = ?
WHERE r.role_code = ?
  AND NOT EXISTS (
      SELECT 1 FROM sys_role_permission rp
      WHERE rp.role_id = r.id AND rp.permission_id = p.id
  )
]
2026-06-17T16:27:19.325+08:00 DEBUG 37112 --- [threat-platform] [           main] o.s.jdbc.core.JdbcTemplate               : Executing prepared SQL update
2026-06-17T16:27:19.325+08:00 DEBUG 37112 --- [threat-platform] [           main] o.s.jdbc.core.JdbcTemplate               : Executing prepared SQL statement [INSERT INTO sys_role_permission (role_id, permission_id)
SELECT r.id, p.id
FROM sys_role r
JOIN sys_permission p ON p.permission_code = ?
WHERE r.role_code = ?
  AND NOT EXISTS (
      SELECT 1 FROM sys_role_permission rp
      WHERE rp.role_id = r.id AND rp.permission_id = p.id
  )
]
2026-06-17T16:27:19.326+08:00 DEBUG 37112 --- [threat-platform] [           main] o.s.jdbc.core.JdbcTemplate               : Executing prepared SQL update
2026-06-17T16:27:19.326+08:00 DEBUG 37112 --- [threat-platform] [           main] o.s.jdbc.core.JdbcTemplate               : Executing prepared SQL statement [INSERT INTO sys_role_permission (role_id, permission_id)
SELECT r.id, p.id
FROM sys_role r
JOIN sys_permission p ON p.permission_code = ?
WHERE r.role_code = ?
  AND NOT EXISTS (
      SELECT 1 FROM sys_role_permission rp
      WHERE rp.role_id = r.id AND rp.permission_id = p.id
  )
]
2026-06-17T16:27:19.326+08:00 DEBUG 37112 --- [threat-platform] [           main] o.s.jdbc.core.JdbcTemplate               : Executing prepared SQL update
2026-06-17T16:27:19.326+08:00 DEBUG 37112 --- [threat-platform] [           main] o.s.jdbc.core.JdbcTemplate               : Executing prepared SQL statement [INSERT INTO sys_role_permission (role_id, permission_id)
SELECT r.id, p.id
FROM sys_role r
JOIN sys_permission p ON p.permission_code = ?
WHERE r.role_code = ?
  AND NOT EXISTS (
      SELECT 1 FROM sys_role_permission rp
      WHERE rp.role_id = r.id AND rp.permission_id = p.id
  )
]
2026-06-17T16:27:19.327+08:00 DEBUG 37112 --- [threat-platform] [           main] o.s.jdbc.core.JdbcTemplate               : Executing prepared SQL update
2026-06-17T16:27:19.327+08:00 DEBUG 37112 --- [threat-platform] [           main] o.s.jdbc.core.JdbcTemplate               : Executing prepared SQL statement [INSERT INTO sys_permission (permission_code, permission_name, permission_type, path, status)
SELECT ?, ?, 'API', ?, 1
WHERE NOT EXISTS (SELECT 1 FROM sys_permission WHERE permission_code = ?)
]
2026-06-17T16:27:19.327+08:00 DEBUG 37112 --- [threat-platform] [           main] o.s.jdbc.core.JdbcTemplate               : Executing prepared SQL update
2026-06-17T16:27:19.327+08:00 DEBUG 37112 --- [threat-platform] [           main] o.s.jdbc.core.JdbcTemplate               : Executing prepared SQL statement [INSERT INTO sys_permission (permission_code, permission_name, permission_type, path, status)
SELECT ?, ?, 'API', ?, 1
WHERE NOT EXISTS (SELECT 1 FROM sys_permission WHERE permission_code = ?)
]
2026-06-17T16:27:19.327+08:00 DEBUG 37112 --- [threat-platform] [           main] o.s.jdbc.core.JdbcTemplate               : Executing prepared SQL update
2026-06-17T16:27:19.328+08:00 DEBUG 37112 --- [threat-platform] [           main] o.s.jdbc.core.JdbcTemplate               : Executing prepared SQL statement [INSERT INTO sys_permission (permission_code, permission_name, permission_type, path, status)
SELECT ?, ?, 'API', ?, 1
WHERE NOT EXISTS (SELECT 1 FROM sys_permission WHERE permission_code = ?)
]
2026-06-17T16:27:19.328+08:00 DEBUG 37112 --- [threat-platform] [           main] o.s.jdbc.core.JdbcTemplate               : Executing prepared SQL update
2026-06-17T16:27:19.328+08:00 DEBUG 37112 --- [threat-platform] [           main] o.s.jdbc.core.JdbcTemplate               : Executing prepared SQL statement [INSERT INTO sys_permission (permission_code, permission_name, permission_type, path, status)
SELECT ?, ?, 'API', ?, 1
WHERE NOT EXISTS (SELECT 1 FROM sys_permission WHERE permission_code = ?)
]
2026-06-17T16:27:19.329+08:00 DEBUG 37112 --- [threat-platform] [           main] o.s.jdbc.core.JdbcTemplate               : Executing prepared SQL update
2026-06-17T16:27:19.329+08:00 DEBUG 37112 --- [threat-platform] [           main] o.s.jdbc.core.JdbcTemplate               : Executing prepared SQL statement [INSERT INTO sys_permission (permission_code, permission_name, permission_type, path, status)
SELECT ?, ?, 'API', ?, 1
WHERE NOT EXISTS (SELECT 1 FROM sys_permission WHERE permission_code = ?)
]
2026-06-17T16:27:19.329+08:00 DEBUG 37112 --- [threat-platform] [           main] o.s.jdbc.core.JdbcTemplate               : Executing prepared SQL update
2026-06-17T16:27:19.329+08:00 DEBUG 37112 --- [threat-platform] [           main] o.s.jdbc.core.JdbcTemplate               : Executing prepared SQL statement [INSERT INTO sys_permission (permission_code, permission_name, permission_type, path, status)
SELECT ?, ?, 'API', ?, 1
WHERE NOT EXISTS (SELECT 1 FROM sys_permission WHERE permission_code = ?)
]
2026-06-17T16:27:19.330+08:00 DEBUG 37112 --- [threat-platform] [           main] o.s.jdbc.core.JdbcTemplate               : Executing prepared SQL update
2026-06-17T16:27:19.330+08:00 DEBUG 37112 --- [threat-platform] [           main] o.s.jdbc.core.JdbcTemplate               : Executing prepared SQL statement [INSERT INTO sys_permission (permission_code, permission_name, permission_type, path, status)
SELECT ?, ?, 'API', ?, 1
WHERE NOT EXISTS (SELECT 1 FROM sys_permission WHERE permission_code = ?)
]
2026-06-17T16:27:19.330+08:00 DEBUG 37112 --- [threat-platform] [           main] o.s.jdbc.core.JdbcTemplate               : Executing prepared SQL update
2026-06-17T16:27:19.330+08:00 DEBUG 37112 --- [threat-platform] [           main] o.s.jdbc.core.JdbcTemplate               : Executing prepared SQL statement [INSERT INTO sys_permission (permission_code, permission_name, permission_type, path, status)
SELECT ?, ?, 'API', ?, 1
WHERE NOT EXISTS (SELECT 1 FROM sys_permission WHERE permission_code = ?)
]
2026-06-17T16:27:19.332+08:00 DEBUG 37112 --- [threat-platform] [           main] o.s.jdbc.core.JdbcTemplate               : Executing prepared SQL update
2026-06-17T16:27:19.332+08:00 DEBUG 37112 --- [threat-platform] [           main] o.s.jdbc.core.JdbcTemplate               : Executing prepared SQL statement [INSERT INTO sys_permission (permission_code, permission_name, permission_type, path, status)
SELECT ?, ?, 'API', ?, 1
WHERE NOT EXISTS (SELECT 1 FROM sys_permission WHERE permission_code = ?)
]
2026-06-17T16:27:19.333+08:00 DEBUG 37112 --- [threat-platform] [           main] o.s.jdbc.core.JdbcTemplate               : Executing prepared SQL update
2026-06-17T16:27:19.333+08:00 DEBUG 37112 --- [threat-platform] [           main] o.s.jdbc.core.JdbcTemplate               : Executing prepared SQL statement [INSERT INTO sys_permission (permission_code, permission_name, permission_type, path, status)
SELECT ?, ?, 'API', ?, 1
WHERE NOT EXISTS (SELECT 1 FROM sys_permission WHERE permission_code = ?)
]
2026-06-17T16:27:19.333+08:00 DEBUG 37112 --- [threat-platform] [           main] o.s.jdbc.core.JdbcTemplate               : Executing prepared SQL update
2026-06-17T16:27:19.333+08:00 DEBUG 37112 --- [threat-platform] [           main] o.s.jdbc.core.JdbcTemplate               : Executing prepared SQL statement [INSERT INTO sys_permission (permission_code, permission_name, permission_type, path, status)
SELECT ?, ?, 'API', ?, 1
WHERE NOT EXISTS (SELECT 1 FROM sys_permission WHERE permission_code = ?)
]
2026-06-17T16:27:19.334+08:00 DEBUG 37112 --- [threat-platform] [           main] o.s.jdbc.core.JdbcTemplate               : Executing prepared SQL update
2026-06-17T16:27:19.334+08:00 DEBUG 37112 --- [threat-platform] [           main] o.s.jdbc.core.JdbcTemplate               : Executing prepared SQL statement [INSERT INTO sys_permission (permission_code, permission_name, permission_type, path, status)
SELECT ?, ?, 'API', ?, 1
WHERE NOT EXISTS (SELECT 1 FROM sys_permission WHERE permission_code = ?)
]
2026-06-17T16:27:19.334+08:00 DEBUG 37112 --- [threat-platform] [           main] o.s.jdbc.core.JdbcTemplate               : Executing prepared SQL update
2026-06-17T16:27:19.335+08:00 DEBUG 37112 --- [threat-platform] [           main] o.s.jdbc.core.JdbcTemplate               : Executing prepared SQL statement [INSERT INTO sys_permission (permission_code, permission_name, permission_type, path, status)
SELECT ?, ?, 'API', ?, 1
WHERE NOT EXISTS (SELECT 1 FROM sys_permission WHERE permission_code = ?)
]
2026-06-17T16:27:19.335+08:00 DEBUG 37112 --- [threat-platform] [           main] o.s.jdbc.core.JdbcTemplate               : Executing prepared SQL update
2026-06-17T16:27:19.335+08:00 DEBUG 37112 --- [threat-platform] [           main] o.s.jdbc.core.JdbcTemplate               : Executing prepared SQL statement [INSERT INTO sys_permission (permission_code, permission_name, permission_type, path, status)
SELECT ?, ?, 'API', ?, 1
WHERE NOT EXISTS (SELECT 1 FROM sys_permission WHERE permission_code = ?)
]
2026-06-17T16:27:19.336+08:00 DEBUG 37112 --- [threat-platform] [           main] o.s.jdbc.core.JdbcTemplate               : Executing prepared SQL update
2026-06-17T16:27:19.336+08:00 DEBUG 37112 --- [threat-platform] [           main] o.s.jdbc.core.JdbcTemplate               : Executing prepared SQL statement [INSERT INTO sys_permission (permission_code, permission_name, permission_type, path, status)
SELECT ?, ?, 'API', ?, 1
WHERE NOT EXISTS (SELECT 1 FROM sys_permission WHERE permission_code = ?)
]
2026-06-17T16:27:19.336+08:00 DEBUG 37112 --- [threat-platform] [           main] o.s.jdbc.core.JdbcTemplate               : Executing prepared SQL update
2026-06-17T16:27:19.336+08:00 DEBUG 37112 --- [threat-platform] [           main] o.s.jdbc.core.JdbcTemplate               : Executing prepared SQL statement [INSERT INTO sys_permission (permission_code, permission_name, permission_type, path, status)
SELECT ?, ?, 'API', ?, 1
WHERE NOT EXISTS (SELECT 1 FROM sys_permission WHERE permission_code = ?)
]
2026-06-17T16:27:19.336+08:00 DEBUG 37112 --- [threat-platform] [           main] o.s.jdbc.core.JdbcTemplate               : Executing prepared SQL update
2026-06-17T16:27:19.336+08:00 DEBUG 37112 --- [threat-platform] [           main] o.s.jdbc.core.JdbcTemplate               : Executing prepared SQL statement [INSERT INTO sys_permission (permission_code, permission_name, permission_type, path, status)
SELECT ?, ?, 'API', ?, 1
WHERE NOT EXISTS (SELECT 1 FROM sys_permission WHERE permission_code = ?)
]
2026-06-17T16:27:19.336+08:00 DEBUG 37112 --- [threat-platform] [           main] o.s.jdbc.core.JdbcTemplate               : Executing prepared SQL update
2026-06-17T16:27:19.338+08:00 DEBUG 37112 --- [threat-platform] [           main] o.s.jdbc.core.JdbcTemplate               : Executing prepared SQL statement [INSERT INTO sys_permission (permission_code, permission_name, permission_type, path, status)
SELECT ?, ?, 'API', ?, 1
WHERE NOT EXISTS (SELECT 1 FROM sys_permission WHERE permission_code = ?)
]
2026-06-17T16:27:19.338+08:00 DEBUG 37112 --- [threat-platform] [           main] o.s.jdbc.core.JdbcTemplate               : Executing SQL query [SELECT COALESCE(MAX(sort_order), 0) FROM sys_menu]
2026-06-17T16:27:19.339+08:00 DEBUG 37112 --- [threat-platform] [           main] o.s.jdbc.core.JdbcTemplate               : Executing prepared SQL query
2026-06-17T16:27:19.339+08:00 DEBUG 37112 --- [threat-platform] [           main] o.s.jdbc.core.JdbcTemplate               : Executing prepared SQL statement [SELECT id FROM sys_permission WHERE permission_code = ?]
2026-06-17T16:27:19.339+08:00 DEBUG 37112 --- [threat-platform] [           main] o.s.jdbc.core.JdbcTemplate               : Executing prepared SQL query
2026-06-17T16:27:19.340+08:00 DEBUG 37112 --- [threat-platform] [           main] o.s.jdbc.core.JdbcTemplate               : Executing prepared SQL statement [SELECT id FROM sys_permission WHERE permission_code = ?]
2026-06-17T16:27:19.341+08:00 DEBUG 37112 --- [threat-platform] [           main] o.s.jdbc.core.JdbcTemplate               : Executing prepared SQL query
2026-06-17T16:27:19.341+08:00 DEBUG 37112 --- [threat-platform] [           main] o.s.jdbc.core.JdbcTemplate               : Executing prepared SQL statement [SELECT id FROM sys_permission WHERE permission_code = ?]
2026-06-17T16:27:19.341+08:00 DEBUG 37112 --- [threat-platform] [           main] o.s.jdbc.core.JdbcTemplate               : Executing prepared SQL query
2026-06-17T16:27:19.341+08:00 DEBUG 37112 --- [threat-platform] [           main] o.s.jdbc.core.JdbcTemplate               : Executing prepared SQL statement [SELECT id FROM sys_permission WHERE permission_code = ?]
2026-06-17T16:27:19.343+08:00 DEBUG 37112 --- [threat-platform] [           main] o.s.jdbc.core.JdbcTemplate               : Executing prepared SQL query
2026-06-17T16:27:19.343+08:00 DEBUG 37112 --- [threat-platform] [           main] o.s.jdbc.core.JdbcTemplate               : Executing prepared SQL statement [SELECT id FROM sys_permission WHERE permission_code = ?]
2026-06-17T16:27:19.344+08:00 DEBUG 37112 --- [threat-platform] [           main] o.s.jdbc.core.JdbcTemplate               : Executing prepared SQL query
2026-06-17T16:27:19.344+08:00 DEBUG 37112 --- [threat-platform] [           main] o.s.jdbc.core.JdbcTemplate               : Executing prepared SQL statement [SELECT id FROM sys_permission WHERE permission_code = ?]
2026-06-17T16:27:19.344+08:00 DEBUG 37112 --- [threat-platform] [           main] o.s.jdbc.core.JdbcTemplate               : Executing prepared SQL update
2026-06-17T16:27:19.345+08:00 DEBUG 37112 --- [threat-platform] [           main] o.s.jdbc.core.JdbcTemplate               : Executing prepared SQL statement [INSERT INTO sys_menu (menu_code, menu_name, menu_path, menu_icon, permission_id, sort_order, status, parent_id)
SELECT 'risk_discovery', '风险发现', '#', 'layui-icon-vercode', ?, ?, 1, NULL
WHERE NOT EXISTS (SELECT 1 FROM sys_menu WHERE menu_code = 'risk_discovery')
]
2026-06-17T16:27:19.345+08:00 DEBUG 37112 --- [threat-platform] [           main] o.s.jdbc.core.JdbcTemplate               : Executing prepared SQL query
2026-06-17T16:27:19.345+08:00 DEBUG 37112 --- [threat-platform] [           main] o.s.jdbc.core.JdbcTemplate               : Executing prepared SQL statement [SELECT id FROM sys_menu WHERE menu_code = ?]
2026-06-17T16:27:19.346+08:00 DEBUG 37112 --- [threat-platform] [           main] o.s.jdbc.core.JdbcTemplate               : Executing prepared SQL update
2026-06-17T16:27:19.346+08:00 DEBUG 37112 --- [threat-platform] [           main] o.s.jdbc.core.JdbcTemplate               : Executing prepared SQL statement [INSERT INTO sys_menu (menu_code, menu_name, menu_path, menu_icon, permission_id, sort_order, status, parent_id)
SELECT ?, ?, ?, ?, ?, ?, 1, ?
WHERE NOT EXISTS (SELECT 1 FROM sys_menu WHERE menu_code = ?)
]
2026-06-17T16:27:19.346+08:00 DEBUG 37112 --- [threat-platform] [           main] o.s.jdbc.core.JdbcTemplate               : Executing prepared SQL update
2026-06-17T16:27:19.346+08:00 DEBUG 37112 --- [threat-platform] [           main] o.s.jdbc.core.JdbcTemplate               : Executing prepared SQL statement [INSERT INTO sys_menu (menu_code, menu_name, menu_path, menu_icon, permission_id, sort_order, status, parent_id)
SELECT ?, ?, ?, ?, ?, ?, 1, ?
WHERE NOT EXISTS (SELECT 1 FROM sys_menu WHERE menu_code = ?)
]
2026-06-17T16:27:19.347+08:00 DEBUG 37112 --- [threat-platform] [           main] o.s.jdbc.core.JdbcTemplate               : Executing prepared SQL update
2026-06-17T16:27:19.348+08:00 DEBUG 37112 --- [threat-platform] [           main] o.s.jdbc.core.JdbcTemplate               : Executing prepared SQL statement [INSERT INTO sys_menu (menu_code, menu_name, menu_path, menu_icon, permission_id, sort_order, status, parent_id)
SELECT ?, ?, ?, ?, ?, ?, 1, ?
WHERE NOT EXISTS (SELECT 1 FROM sys_menu WHERE menu_code = ?)
]
2026-06-17T16:27:19.349+08:00 DEBUG 37112 --- [threat-platform] [           main] o.s.jdbc.core.JdbcTemplate               : Executing prepared SQL update
2026-06-17T16:27:19.349+08:00 DEBUG 37112 --- [threat-platform] [           main] o.s.jdbc.core.JdbcTemplate               : Executing prepared SQL statement [INSERT INTO sys_menu (menu_code, menu_name, menu_path, menu_icon, permission_id, sort_order, status, parent_id)
SELECT ?, ?, ?, ?, ?, ?, 1, ?
WHERE NOT EXISTS (SELECT 1 FROM sys_menu WHERE menu_code = ?)
]
2026-06-17T16:27:19.350+08:00 DEBUG 37112 --- [threat-platform] [           main] o.s.jdbc.core.JdbcTemplate               : Executing prepared SQL update
2026-06-17T16:27:19.350+08:00 DEBUG 37112 --- [threat-platform] [           main] o.s.jdbc.core.JdbcTemplate               : Executing prepared SQL statement [INSERT INTO sys_menu (menu_code, menu_name, menu_path, menu_icon, permission_id, sort_order, status, parent_id)
SELECT ?, ?, ?, ?, ?, ?, 1, ?
WHERE NOT EXISTS (SELECT 1 FROM sys_menu WHERE menu_code = ?)
]
2026-06-17T16:27:19.351+08:00 DEBUG 37112 --- [threat-platform] [           main] o.s.jdbc.core.JdbcTemplate               : Executing prepared SQL update
2026-06-17T16:27:19.351+08:00 DEBUG 37112 --- [threat-platform] [           main] o.s.jdbc.core.JdbcTemplate               : Executing prepared SQL statement [INSERT INTO sys_menu (menu_code, menu_name, menu_path, menu_icon, permission_id, sort_order, status, parent_id)
SELECT ?, ?, ?, ?, ?, ?, 1, ?
WHERE NOT EXISTS (SELECT 1 FROM sys_menu WHERE menu_code = ?)
]
2026-06-17T16:27:19.351+08:00 DEBUG 37112 --- [threat-platform] [           main] o.s.jdbc.core.JdbcTemplate               : Executing prepared SQL update
2026-06-17T16:27:19.352+08:00 DEBUG 37112 --- [threat-platform] [           main] o.s.jdbc.core.JdbcTemplate               : Executing prepared SQL statement [UPDATE sys_menu
SET parent_id = ?, menu_path = ?, permission_id = ?
WHERE menu_code = ?
]
2026-06-17T16:27:19.352+08:00 DEBUG 37112 --- [threat-platform] [           main] o.s.jdbc.core.JdbcTemplate               : Executing prepared SQL update
2026-06-17T16:27:19.352+08:00 DEBUG 37112 --- [threat-platform] [           main] o.s.jdbc.core.JdbcTemplate               : Executing prepared SQL statement [UPDATE sys_menu
SET parent_id = ?, menu_path = ?, permission_id = ?
WHERE menu_code = ?
]
2026-06-17T16:27:19.352+08:00 DEBUG 37112 --- [threat-platform] [           main] o.s.jdbc.core.JdbcTemplate               : Executing prepared SQL update
2026-06-17T16:27:19.352+08:00 DEBUG 37112 --- [threat-platform] [           main] o.s.jdbc.core.JdbcTemplate               : Executing prepared SQL statement [UPDATE sys_menu
SET parent_id = ?, menu_path = ?, permission_id = ?
WHERE menu_code = ?
]
2026-06-17T16:27:19.353+08:00 DEBUG 37112 --- [threat-platform] [           main] o.s.jdbc.core.JdbcTemplate               : Executing prepared SQL update
2026-06-17T16:27:19.353+08:00 DEBUG 37112 --- [threat-platform] [           main] o.s.jdbc.core.JdbcTemplate               : Executing prepared SQL statement [UPDATE sys_menu
SET parent_id = ?, menu_path = ?, permission_id = ?
WHERE menu_code = ?
]
2026-06-17T16:27:19.353+08:00 DEBUG 37112 --- [threat-platform] [           main] o.s.jdbc.core.JdbcTemplate               : Executing prepared SQL update
2026-06-17T16:27:19.353+08:00 DEBUG 37112 --- [threat-platform] [           main] o.s.jdbc.core.JdbcTemplate               : Executing prepared SQL statement [UPDATE sys_menu
SET parent_id = ?, menu_path = ?, permission_id = ?
WHERE menu_code = ?
]
2026-06-17T16:27:19.353+08:00 DEBUG 37112 --- [threat-platform] [           main] o.s.jdbc.core.JdbcTemplate               : Executing prepared SQL update
2026-06-17T16:27:19.354+08:00 DEBUG 37112 --- [threat-platform] [           main] o.s.jdbc.core.JdbcTemplate               : Executing prepared SQL statement [UPDATE sys_menu
SET parent_id = ?, menu_path = ?, permission_id = ?
WHERE menu_code = ?
]
2026-06-17T16:27:19.354+08:00 DEBUG 37112 --- [threat-platform] [           main] o.s.jdbc.core.JdbcTemplate               : Executing prepared SQL update
2026-06-17T16:27:19.354+08:00 DEBUG 37112 --- [threat-platform] [           main] o.s.jdbc.core.JdbcTemplate               : Executing prepared SQL statement [INSERT INTO sys_role_permission (role_id, permission_id)
SELECT r.id, p.id
FROM sys_role r
JOIN sys_permission p ON p.permission_code = ?
WHERE r.role_code = ?
  AND NOT EXISTS (
    SELECT 1 FROM sys_role_permission rp
    WHERE rp.role_id = r.id AND rp.permission_id = p.id
)
]
2026-06-17T16:27:19.354+08:00 DEBUG 37112 --- [threat-platform] [           main] o.s.jdbc.core.JdbcTemplate               : Executing prepared SQL update
2026-06-17T16:27:19.355+08:00 DEBUG 37112 --- [threat-platform] [           main] o.s.jdbc.core.JdbcTemplate               : Executing prepared SQL statement [INSERT INTO sys_role_permission (role_id, permission_id)
SELECT r.id, p.id
FROM sys_role r
JOIN sys_permission p ON p.permission_code = ?
WHERE r.role_code = ?
  AND NOT EXISTS (
    SELECT 1 FROM sys_role_permission rp
    WHERE rp.role_id = r.id AND rp.permission_id = p.id
)
]
2026-06-17T16:27:19.355+08:00 DEBUG 37112 --- [threat-platform] [           main] o.s.jdbc.core.JdbcTemplate               : Executing prepared SQL update
2026-06-17T16:27:19.355+08:00 DEBUG 37112 --- [threat-platform] [           main] o.s.jdbc.core.JdbcTemplate               : Executing prepared SQL statement [INSERT INTO sys_role_permission (role_id, permission_id)
SELECT r.id, p.id
FROM sys_role r
JOIN sys_permission p ON p.permission_code = ?
WHERE r.role_code = ?
  AND NOT EXISTS (
    SELECT 1 FROM sys_role_permission rp
    WHERE rp.role_id = r.id AND rp.permission_id = p.id
)
]
2026-06-17T16:27:19.355+08:00 DEBUG 37112 --- [threat-platform] [           main] o.s.jdbc.core.JdbcTemplate               : Executing prepared SQL update
2026-06-17T16:27:19.355+08:00 DEBUG 37112 --- [threat-platform] [           main] o.s.jdbc.core.JdbcTemplate               : Executing prepared SQL statement [INSERT INTO sys_role_permission (role_id, permission_id)
SELECT r.id, p.id
FROM sys_role r
JOIN sys_permission p ON p.permission_code = ?
WHERE r.role_code = ?
  AND NOT EXISTS (
    SELECT 1 FROM sys_role_permission rp
    WHERE rp.role_id = r.id AND rp.permission_id = p.id
)
]
2026-06-17T16:27:19.357+08:00 DEBUG 37112 --- [threat-platform] [           main] o.s.jdbc.core.JdbcTemplate               : Executing prepared SQL update
2026-06-17T16:27:19.357+08:00 DEBUG 37112 --- [threat-platform] [           main] o.s.jdbc.core.JdbcTemplate               : Executing prepared SQL statement [INSERT INTO sys_role_permission (role_id, permission_id)
SELECT r.id, p.id
FROM sys_role r
JOIN sys_permission p ON p.permission_code = ?
WHERE r.role_code = ?
  AND NOT EXISTS (
    SELECT 1 FROM sys_role_permission rp
    WHERE rp.role_id = r.id AND rp.permission_id = p.id
)
]
2026-06-17T16:27:19.358+08:00 DEBUG 37112 --- [threat-platform] [           main] o.s.jdbc.core.JdbcTemplate               : Executing prepared SQL update
2026-06-17T16:27:19.358+08:00 DEBUG 37112 --- [threat-platform] [           main] o.s.jdbc.core.JdbcTemplate               : Executing prepared SQL statement [INSERT INTO sys_role_permission (role_id, permission_id)
SELECT r.id, p.id
FROM sys_role r
JOIN sys_permission p ON p.permission_code = ?
WHERE r.role_code = ?
  AND NOT EXISTS (
    SELECT 1 FROM sys_role_permission rp
    WHERE rp.role_id = r.id AND rp.permission_id = p.id
)
]
2026-06-17T16:27:19.359+08:00 DEBUG 37112 --- [threat-platform] [           main] o.s.jdbc.core.JdbcTemplate               : Executing prepared SQL update
2026-06-17T16:27:19.359+08:00 DEBUG 37112 --- [threat-platform] [           main] o.s.jdbc.core.JdbcTemplate               : Executing prepared SQL statement [INSERT INTO sys_role_permission (role_id, permission_id)
SELECT r.id, p.id
FROM sys_role r
JOIN sys_permission p ON p.permission_code = ?
WHERE r.role_code = ?
  AND NOT EXISTS (
    SELECT 1 FROM sys_role_permission rp
    WHERE rp.role_id = r.id AND rp.permission_id = p.id
)
]
2026-06-17T16:27:19.360+08:00 DEBUG 37112 --- [threat-platform] [           main] o.s.jdbc.core.JdbcTemplate               : Executing prepared SQL update
2026-06-17T16:27:19.360+08:00 DEBUG 37112 --- [threat-platform] [           main] o.s.jdbc.core.JdbcTemplate               : Executing prepared SQL statement [INSERT INTO sys_role_permission (role_id, permission_id)
SELECT r.id, p.id
FROM sys_role r
JOIN sys_permission p ON p.permission_code = ?
WHERE r.role_code = ?
  AND NOT EXISTS (
    SELECT 1 FROM sys_role_permission rp
    WHERE rp.role_id = r.id AND rp.permission_id = p.id
)
]
2026-06-17T16:27:19.360+08:00 DEBUG 37112 --- [threat-platform] [           main] o.s.jdbc.core.JdbcTemplate               : Executing prepared SQL update
2026-06-17T16:27:19.361+08:00 DEBUG 37112 --- [threat-platform] [           main] o.s.jdbc.core.JdbcTemplate               : Executing prepared SQL statement [INSERT INTO sys_role_permission (role_id, permission_id)
SELECT r.id, p.id
FROM sys_role r
JOIN sys_permission p ON p.permission_code = ?
WHERE r.role_code = ?
  AND NOT EXISTS (
    SELECT 1 FROM sys_role_permission rp
    WHERE rp.role_id = r.id AND rp.permission_id = p.id
)
]
2026-06-17T16:27:19.361+08:00 DEBUG 37112 --- [threat-platform] [           main] o.s.jdbc.core.JdbcTemplate               : Executing prepared SQL update
2026-06-17T16:27:19.361+08:00 DEBUG 37112 --- [threat-platform] [           main] o.s.jdbc.core.JdbcTemplate               : Executing prepared SQL statement [INSERT INTO sys_role_permission (role_id, permission_id)
SELECT r.id, p.id
FROM sys_role r
JOIN sys_permission p ON p.permission_code = ?
WHERE r.role_code = ?
  AND NOT EXISTS (
    SELECT 1 FROM sys_role_permission rp
    WHERE rp.role_id = r.id AND rp.permission_id = p.id
)
]
2026-06-17T16:27:19.362+08:00 DEBUG 37112 --- [threat-platform] [           main] o.s.jdbc.core.JdbcTemplate               : Executing prepared SQL update
2026-06-17T16:27:19.362+08:00 DEBUG 37112 --- [threat-platform] [           main] o.s.jdbc.core.JdbcTemplate               : Executing prepared SQL statement [INSERT INTO sys_role_permission (role_id, permission_id)
SELECT r.id, p.id
FROM sys_role r
JOIN sys_permission p ON p.permission_code = ?
WHERE r.role_code = ?
  AND NOT EXISTS (
    SELECT 1 FROM sys_role_permission rp
    WHERE rp.role_id = r.id AND rp.permission_id = p.id
)
]
2026-06-17T16:27:19.363+08:00 DEBUG 37112 --- [threat-platform] [           main] o.s.jdbc.core.JdbcTemplate               : Executing prepared SQL update
2026-06-17T16:27:19.363+08:00 DEBUG 37112 --- [threat-platform] [           main] o.s.jdbc.core.JdbcTemplate               : Executing prepared SQL statement [INSERT INTO sys_role_permission (role_id, permission_id)
SELECT r.id, p.id
FROM sys_role r
JOIN sys_permission p ON p.permission_code = ?
WHERE r.role_code = ?
  AND NOT EXISTS (
    SELECT 1 FROM sys_role_permission rp
    WHERE rp.role_id = r.id AND rp.permission_id = p.id
)
]
2026-06-17T16:27:19.364+08:00 DEBUG 37112 --- [threat-platform] [           main] o.s.jdbc.core.JdbcTemplate               : Executing prepared SQL update
2026-06-17T16:27:19.364+08:00 DEBUG 37112 --- [threat-platform] [           main] o.s.jdbc.core.JdbcTemplate               : Executing prepared SQL statement [INSERT INTO sys_role_permission (role_id, permission_id)
SELECT r.id, p.id
FROM sys_role r
JOIN sys_permission p ON p.permission_code = ?
WHERE r.role_code = ?
  AND NOT EXISTS (
    SELECT 1 FROM sys_role_permission rp
    WHERE rp.role_id = r.id AND rp.permission_id = p.id
)
]
2026-06-17T16:27:19.364+08:00 DEBUG 37112 --- [threat-platform] [           main] o.s.jdbc.core.JdbcTemplate               : Executing prepared SQL update
2026-06-17T16:27:19.365+08:00 DEBUG 37112 --- [threat-platform] [           main] o.s.jdbc.core.JdbcTemplate               : Executing prepared SQL statement [INSERT INTO sys_role_permission (role_id, permission_id)
SELECT r.id, p.id
FROM sys_role r
JOIN sys_permission p ON p.permission_code = ?
WHERE r.role_code = ?
  AND NOT EXISTS (
    SELECT 1 FROM sys_role_permission rp
    WHERE rp.role_id = r.id AND rp.permission_id = p.id
)
]
2026-06-17T16:27:19.366+08:00 DEBUG 37112 --- [threat-platform] [           main] o.s.jdbc.core.JdbcTemplate               : Executing prepared SQL update
2026-06-17T16:27:19.366+08:00 DEBUG 37112 --- [threat-platform] [           main] o.s.jdbc.core.JdbcTemplate               : Executing prepared SQL statement [INSERT INTO sys_role_permission (role_id, permission_id)
SELECT r.id, p.id
FROM sys_role r
JOIN sys_permission p ON p.permission_code = ?
WHERE r.role_code = ?
  AND NOT EXISTS (
    SELECT 1 FROM sys_role_permission rp
    WHERE rp.role_id = r.id AND rp.permission_id = p.id
)
]
2026-06-17T16:27:19.366+08:00 DEBUG 37112 --- [threat-platform] [           main] o.s.jdbc.core.JdbcTemplate               : Executing prepared SQL update
2026-06-17T16:27:19.366+08:00 DEBUG 37112 --- [threat-platform] [           main] o.s.jdbc.core.JdbcTemplate               : Executing prepared SQL statement [INSERT INTO sys_role_permission (role_id, permission_id)
SELECT r.id, p.id
FROM sys_role r
JOIN sys_permission p ON p.permission_code = ?
WHERE r.role_code = ?
  AND NOT EXISTS (
    SELECT 1 FROM sys_role_permission rp
    WHERE rp.role_id = r.id AND rp.permission_id = p.id
)
]
2026-06-17T16:27:19.368+08:00 DEBUG 37112 --- [threat-platform] [           main] o.s.jdbc.core.JdbcTemplate               : Executing prepared SQL update
2026-06-17T16:27:19.368+08:00 DEBUG 37112 --- [threat-platform] [           main] o.s.jdbc.core.JdbcTemplate               : Executing prepared SQL statement [INSERT INTO sys_role_permission (role_id, permission_id)
SELECT r.id, p.id
FROM sys_role r
JOIN sys_permission p ON p.permission_code = ?
WHERE r.role_code = ?
  AND NOT EXISTS (
    SELECT 1 FROM sys_role_permission rp
    WHERE rp.role_id = r.id AND rp.permission_id = p.id
)
]
2026-06-17T16:27:19.368+08:00 DEBUG 37112 --- [threat-platform] [           main] o.s.jdbc.core.JdbcTemplate               : Executing prepared SQL update
2026-06-17T16:27:19.369+08:00 DEBUG 37112 --- [threat-platform] [           main] o.s.jdbc.core.JdbcTemplate               : Executing prepared SQL statement [INSERT INTO sys_role_permission (role_id, permission_id)
SELECT r.id, p.id
FROM sys_role r
JOIN sys_permission p ON p.permission_code = ?
WHERE r.role_code = ?
  AND NOT EXISTS (
    SELECT 1 FROM sys_role_permission rp
    WHERE rp.role_id = r.id AND rp.permission_id = p.id
)
]
2026-06-17T16:27:19.369+08:00 DEBUG 37112 --- [threat-platform] [           main] o.s.jdbc.core.JdbcTemplate               : Executing prepared SQL update
2026-06-17T16:27:19.369+08:00 DEBUG 37112 --- [threat-platform] [           main] o.s.jdbc.core.JdbcTemplate               : Executing prepared SQL statement [INSERT INTO sys_role_permission (role_id, permission_id)
SELECT r.id, p.id
FROM sys_role r
JOIN sys_permission p ON p.permission_code = ?
WHERE r.role_code = ?
  AND NOT EXISTS (
    SELECT 1 FROM sys_role_permission rp
    WHERE rp.role_id = r.id AND rp.permission_id = p.id
)
]
2026-06-17T16:27:19.370+08:00 DEBUG 37112 --- [threat-platform] [           main] o.s.jdbc.core.JdbcTemplate               : Executing prepared SQL update
2026-06-17T16:27:19.370+08:00 DEBUG 37112 --- [threat-platform] [           main] o.s.jdbc.core.JdbcTemplate               : Executing prepared SQL statement [INSERT INTO sys_role_permission (role_id, permission_id)
SELECT r.id, p.id
FROM sys_role r
JOIN sys_permission p ON p.permission_code = ?
WHERE r.role_code = ?
  AND NOT EXISTS (
    SELECT 1 FROM sys_role_permission rp
    WHERE rp.role_id = r.id AND rp.permission_id = p.id
)
]
2026-06-17T16:27:19.370+08:00 DEBUG 37112 --- [threat-platform] [           main] o.s.jdbc.core.JdbcTemplate               : Executing prepared SQL update
2026-06-17T16:27:19.370+08:00 DEBUG 37112 --- [threat-platform] [           main] o.s.jdbc.core.JdbcTemplate               : Executing prepared SQL statement [INSERT INTO sys_role_permission (role_id, permission_id)
SELECT r.id, p.id
FROM sys_role r
JOIN sys_permission p ON p.permission_code = ?
WHERE r.role_code = ?
  AND NOT EXISTS (
    SELECT 1 FROM sys_role_permission rp
    WHERE rp.role_id = r.id AND rp.permission_id = p.id
)
]
2026-06-17T16:27:19.371+08:00 DEBUG 37112 --- [threat-platform] [           main] o.s.jdbc.core.JdbcTemplate               : Executing prepared SQL update
2026-06-17T16:27:19.371+08:00 DEBUG 37112 --- [threat-platform] [           main] o.s.jdbc.core.JdbcTemplate               : Executing prepared SQL statement [INSERT INTO sys_role_permission (role_id, permission_id)
SELECT r.id, p.id
FROM sys_role r
JOIN sys_permission p ON p.permission_code = ?
WHERE r.role_code = ?
  AND NOT EXISTS (
    SELECT 1 FROM sys_role_permission rp
    WHERE rp.role_id = r.id AND rp.permission_id = p.id
)
]
2026-06-17T16:27:19.371+08:00 DEBUG 37112 --- [threat-platform] [           main] o.s.jdbc.core.JdbcTemplate               : Executing prepared SQL update
2026-06-17T16:27:19.371+08:00 DEBUG 37112 --- [threat-platform] [           main] o.s.jdbc.core.JdbcTemplate               : Executing prepared SQL statement [INSERT INTO sys_role_permission (role_id, permission_id)
SELECT r.id, p.id
FROM sys_role r
JOIN sys_permission p ON p.permission_code = ?
WHERE r.role_code = ?
  AND NOT EXISTS (
    SELECT 1 FROM sys_role_permission rp
    WHERE rp.role_id = r.id AND rp.permission_id = p.id
)
]
2026-06-17T16:27:19.372+08:00 DEBUG 37112 --- [threat-platform] [           main] o.s.jdbc.core.JdbcTemplate               : Executing prepared SQL update
2026-06-17T16:27:19.372+08:00 DEBUG 37112 --- [threat-platform] [           main] o.s.jdbc.core.JdbcTemplate               : Executing prepared SQL statement [INSERT INTO sys_role_permission (role_id, permission_id)
SELECT r.id, p.id
FROM sys_role r
JOIN sys_permission p ON p.permission_code = ?
WHERE r.role_code = ?
  AND NOT EXISTS (
    SELECT 1 FROM sys_role_permission rp
    WHERE rp.role_id = r.id AND rp.permission_id = p.id
)
]
2026-06-17T16:27:19.372+08:00 DEBUG 37112 --- [threat-platform] [           main] o.s.jdbc.core.JdbcTemplate               : Executing prepared SQL update
2026-06-17T16:27:19.373+08:00 DEBUG 37112 --- [threat-platform] [           main] o.s.jdbc.core.JdbcTemplate               : Executing prepared SQL statement [INSERT INTO sys_role_permission (role_id, permission_id)
SELECT r.id, p.id
FROM sys_role r
JOIN sys_permission p ON p.permission_code = ?
WHERE r.role_code = ?
  AND NOT EXISTS (
    SELECT 1 FROM sys_role_permission rp
    WHERE rp.role_id = r.id AND rp.permission_id = p.id
)
]
2026-06-17T16:27:19.373+08:00 DEBUG 37112 --- [threat-platform] [           main] o.s.jdbc.core.JdbcTemplate               : Executing prepared SQL update
2026-06-17T16:27:19.374+08:00 DEBUG 37112 --- [threat-platform] [           main] o.s.jdbc.core.JdbcTemplate               : Executing prepared SQL statement [INSERT INTO sys_role_permission (role_id, permission_id)
SELECT r.id, p.id
FROM sys_role r
JOIN sys_permission p ON p.permission_code = ?
WHERE r.role_code = ?
  AND NOT EXISTS (
    SELECT 1 FROM sys_role_permission rp
    WHERE rp.role_id = r.id AND rp.permission_id = p.id
)
]
2026-06-17T16:27:19.375+08:00 DEBUG 37112 --- [threat-platform] [           main] o.s.jdbc.core.JdbcTemplate               : Executing prepared SQL update
2026-06-17T16:27:19.375+08:00 DEBUG 37112 --- [threat-platform] [           main] o.s.jdbc.core.JdbcTemplate               : Executing prepared SQL statement [INSERT INTO sys_role_permission (role_id, permission_id)
SELECT r.id, p.id
FROM sys_role r
JOIN sys_permission p ON p.permission_code = ?
WHERE r.role_code = ?
  AND NOT EXISTS (
    SELECT 1 FROM sys_role_permission rp
    WHERE rp.role_id = r.id AND rp.permission_id = p.id
)
]
2026-06-17T16:27:19.375+08:00 DEBUG 37112 --- [threat-platform] [           main] o.s.jdbc.core.JdbcTemplate               : Executing prepared SQL update
2026-06-17T16:27:19.376+08:00 DEBUG 37112 --- [threat-platform] [           main] o.s.jdbc.core.JdbcTemplate               : Executing prepared SQL statement [INSERT INTO sys_role_permission (role_id, permission_id)
SELECT r.id, p.id
FROM sys_role r
JOIN sys_permission p ON p.permission_code = ?
WHERE r.role_code = ?
  AND NOT EXISTS (
    SELECT 1 FROM sys_role_permission rp
    WHERE rp.role_id = r.id AND rp.permission_id = p.id
)
]
2026-06-17T16:27:19.376+08:00 DEBUG 37112 --- [threat-platform] [           main] o.s.jdbc.core.JdbcTemplate               : Executing prepared SQL update
2026-06-17T16:27:19.376+08:00 DEBUG 37112 --- [threat-platform] [           main] o.s.jdbc.core.JdbcTemplate               : Executing prepared SQL statement [INSERT INTO sys_role_permission (role_id, permission_id)
SELECT r.id, p.id
FROM sys_role r
JOIN sys_permission p ON p.permission_code = ?
WHERE r.role_code = ?
  AND NOT EXISTS (
    SELECT 1 FROM sys_role_permission rp
    WHERE rp.role_id = r.id AND rp.permission_id = p.id
)
]
2026-06-17T16:27:19.377+08:00 DEBUG 37112 --- [threat-platform] [           main] o.s.jdbc.core.JdbcTemplate               : Executing prepared SQL update
2026-06-17T16:27:19.377+08:00 DEBUG 37112 --- [threat-platform] [           main] o.s.jdbc.core.JdbcTemplate               : Executing prepared SQL statement [INSERT INTO sys_role_permission (role_id, permission_id)
SELECT r.id, p.id
FROM sys_role r
JOIN sys_permission p ON p.permission_code = ?
WHERE r.role_code = ?
  AND NOT EXISTS (
    SELECT 1 FROM sys_role_permission rp
    WHERE rp.role_id = r.id AND rp.permission_id = p.id
)
]
2026-06-17T16:27:19.377+08:00 DEBUG 37112 --- [threat-platform] [           main] o.s.jdbc.core.JdbcTemplate               : Executing prepared SQL update
2026-06-17T16:27:19.377+08:00 DEBUG 37112 --- [threat-platform] [           main] o.s.jdbc.core.JdbcTemplate               : Executing prepared SQL statement [INSERT INTO sys_role_permission (role_id, permission_id)
SELECT r.id, p.id
FROM sys_role r
JOIN sys_permission p ON p.permission_code = ?
WHERE r.role_code = ?
  AND NOT EXISTS (
    SELECT 1 FROM sys_role_permission rp
    WHERE rp.role_id = r.id AND rp.permission_id = p.id
)
]
2026-06-17T16:27:19.378+08:00 DEBUG 37112 --- [threat-platform] [           main] o.s.jdbc.core.JdbcTemplate               : Executing prepared SQL update
2026-06-17T16:27:19.378+08:00 DEBUG 37112 --- [threat-platform] [           main] o.s.jdbc.core.JdbcTemplate               : Executing prepared SQL statement [INSERT INTO sys_role_permission (role_id, permission_id)
SELECT r.id, p.id
FROM sys_role r
JOIN sys_permission p ON p.permission_code = ?
WHERE r.role_code = ?
  AND NOT EXISTS (
    SELECT 1 FROM sys_role_permission rp
    WHERE rp.role_id = r.id AND rp.permission_id = p.id
)
]
2026-06-17T16:27:19.379+08:00 DEBUG 37112 --- [threat-platform] [           main] o.s.jdbc.core.JdbcTemplate               : Executing prepared SQL update
2026-06-17T16:27:19.379+08:00 DEBUG 37112 --- [threat-platform] [           main] o.s.jdbc.core.JdbcTemplate               : Executing prepared SQL statement [INSERT INTO sys_role_permission (role_id, permission_id)
SELECT r.id, p.id
FROM sys_role r
JOIN sys_permission p ON p.permission_code = ?
WHERE r.role_code = ?
  AND NOT EXISTS (
    SELECT 1 FROM sys_role_permission rp
    WHERE rp.role_id = r.id AND rp.permission_id = p.id
)
]
2026-06-17T16:27:19.380+08:00 DEBUG 37112 --- [threat-platform] [           main] o.s.jdbc.core.JdbcTemplate               : Executing prepared SQL update
2026-06-17T16:27:19.380+08:00 DEBUG 37112 --- [threat-platform] [           main] o.s.jdbc.core.JdbcTemplate               : Executing prepared SQL statement [INSERT INTO sys_role_permission (role_id, permission_id)
SELECT r.id, p.id
FROM sys_role r
JOIN sys_permission p ON p.permission_code = ?
WHERE r.role_code = ?
  AND NOT EXISTS (
    SELECT 1 FROM sys_role_permission rp
    WHERE rp.role_id = r.id AND rp.permission_id = p.id
)
]
2026-06-17T16:27:19.381+08:00 DEBUG 37112 --- [threat-platform] [           main] o.s.jdbc.core.JdbcTemplate               : Executing prepared SQL update
2026-06-17T16:27:19.381+08:00 DEBUG 37112 --- [threat-platform] [           main] o.s.jdbc.core.JdbcTemplate               : Executing prepared SQL statement [INSERT INTO sys_role_permission (role_id, permission_id)
SELECT r.id, p.id
FROM sys_role r
JOIN sys_permission p ON p.permission_code = ?
WHERE r.role_code = ?
  AND NOT EXISTS (
    SELECT 1 FROM sys_role_permission rp
    WHERE rp.role_id = r.id AND rp.permission_id = p.id
)
]
2026-06-17T16:27:19.382+08:00 DEBUG 37112 --- [threat-platform] [           main] o.s.jdbc.core.JdbcTemplate               : Executing prepared SQL update
2026-06-17T16:27:19.382+08:00 DEBUG 37112 --- [threat-platform] [           main] o.s.jdbc.core.JdbcTemplate               : Executing prepared SQL statement [INSERT INTO sys_role_permission (role_id, permission_id)
SELECT r.id, p.id
FROM sys_role r
JOIN sys_permission p ON p.permission_code = ?
WHERE r.role_code = ?
  AND NOT EXISTS (
    SELECT 1 FROM sys_role_permission rp
    WHERE rp.role_id = r.id AND rp.permission_id = p.id
)
]
2026-06-17T16:27:19.383+08:00 DEBUG 37112 --- [threat-platform] [           main] o.s.jdbc.core.JdbcTemplate               : Executing prepared SQL update
2026-06-17T16:27:19.383+08:00 DEBUG 37112 --- [threat-platform] [           main] o.s.jdbc.core.JdbcTemplate               : Executing prepared SQL statement [INSERT INTO sys_role_permission (role_id, permission_id)
SELECT r.id, p.id
FROM sys_role r
JOIN sys_permission p ON p.permission_code = ?
WHERE r.role_code = ?
  AND NOT EXISTS (
    SELECT 1 FROM sys_role_permission rp
    WHERE rp.role_id = r.id AND rp.permission_id = p.id
)
]
2026-06-17T16:27:19.383+08:00 DEBUG 37112 --- [threat-platform] [           main] o.s.jdbc.core.JdbcTemplate               : Executing prepared SQL update
2026-06-17T16:27:19.383+08:00 DEBUG 37112 --- [threat-platform] [           main] o.s.jdbc.core.JdbcTemplate               : Executing prepared SQL statement [INSERT INTO sys_role_permission (role_id, permission_id)
SELECT r.id, p.id
FROM sys_role r
JOIN sys_permission p ON p.permission_code = ?
WHERE r.role_code = ?
  AND NOT EXISTS (
    SELECT 1 FROM sys_role_permission rp
    WHERE rp.role_id = r.id AND rp.permission_id = p.id
)
]
2026-06-17T16:27:19.384+08:00 DEBUG 37112 --- [threat-platform] [           main] o.s.jdbc.core.JdbcTemplate               : Executing prepared SQL update
2026-06-17T16:27:19.384+08:00 DEBUG 37112 --- [threat-platform] [           main] o.s.jdbc.core.JdbcTemplate               : Executing prepared SQL statement [INSERT INTO sys_role_permission (role_id, permission_id)
SELECT r.id, p.id
FROM sys_role r
JOIN sys_permission p ON p.permission_code = ?
WHERE r.role_code = ?
  AND NOT EXISTS (
    SELECT 1 FROM sys_role_permission rp
    WHERE rp.role_id = r.id AND rp.permission_id = p.id
)
]
2026-06-17T16:27:19.385+08:00 DEBUG 37112 --- [threat-platform] [           main] o.s.jdbc.core.JdbcTemplate               : Executing SQL statement [CREATE TABLE IF NOT EXISTS security_alerts (
    id BIGINT NOT NULL AUTO_INCREMENT,
    source_log_id BIGINT NOT NULL COMMENT '对应 windows_event_logs.id',
    host_id BIGINT NOT NULL,
    event_id INT NOT NULL,
    rule_code VARCHAR(64) DEFAULT NULL,
    dedup_key VARCHAR(255) DEFAULT NULL,
    alert_name VARCHAR(255) NOT NULL,
    level VARCHAR(20) NOT NULL COMMENT 'Critical/High/Medium/Low',
    risk_score INT DEFAULT 0,
    description VARCHAR(1000) DEFAULT NULL,
    evidence_json LONGTEXT,
    status VARCHAR(20) DEFAULT 'new' COMMENT 'new/acked/resolved/ignored',
    event_time DATETIME NOT NULL,
    create_time DATETIME DEFAULT CURRENT_TIMESTAMP,
    PRIMARY KEY (id),
    KEY idx_host_time (host_id, event_time),
    KEY idx_level (level),
    KEY idx_status (status),
    KEY idx_source_log (source_log_id),
    KEY idx_rule_code (rule_code),
    UNIQUE KEY uk_source_rule (source_log_id, rule_code),
    KEY idx_dedup_status_time (dedup_key, status, create_time)
)
]
2026-06-17T16:27:19.386+08:00 DEBUG 37112 --- [threat-platform] [           main] o.s.jdbc.core.JdbcTemplate               : SQLWarning ignored: SQL state '42S01', error code '1050', message [Table 'security_alerts' already exists]
2026-06-17T16:27:19.387+08:00 DEBUG 37112 --- [threat-platform] [           main] o.s.jdbc.core.JdbcTemplate               : Executing SQL statement [ALTER TABLE security_alerts ADD COLUMN rule_code VARCHAR(64) DEFAULT NULL]
2026-06-17T16:27:19.392+08:00 DEBUG 37112 --- [threat-platform] [           main] o.s.jdbc.core.JdbcTemplate               : Executing SQL statement [ALTER TABLE security_alerts ADD COLUMN dedup_key VARCHAR(255) DEFAULT NULL]
2026-06-17T16:27:19.396+08:00 DEBUG 37112 --- [threat-platform] [           main] o.s.jdbc.core.JdbcTemplate               : Executing SQL statement [ALTER TABLE security_alerts ADD COLUMN risk_score INT DEFAULT 0]
2026-06-17T16:27:19.405+08:00 DEBUG 37112 --- [threat-platform] [           main] o.s.jdbc.core.JdbcTemplate               : Executing SQL statement [ALTER TABLE security_alerts ADD COLUMN evidence_json LONGTEXT]
2026-06-17T16:27:19.409+08:00 DEBUG 37112 --- [threat-platform] [           main] o.s.jdbc.core.JdbcTemplate               : Executing SQL statement [ALTER TABLE security_alerts ADD INDEX idx_rule_code (rule_code)]
2026-06-17T16:27:19.413+08:00 DEBUG 37112 --- [threat-platform] [           main] o.s.jdbc.core.JdbcTemplate               : Executing SQL statement [ALTER TABLE security_alerts ADD UNIQUE INDEX uk_source_rule (source_log_id, rule_code)]
2026-06-17T16:27:19.418+08:00 DEBUG 37112 --- [threat-platform] [           main] o.s.jdbc.core.JdbcTemplate               : Executing SQL statement [ALTER TABLE security_alerts ADD INDEX idx_dedup_status_time (dedup_key, status, create_time)]
2026-06-17T16:27:19.422+08:00 DEBUG 37112 --- [threat-platform] [           main] o.s.jdbc.core.JdbcTemplate               : Executing SQL statement [CREATE TABLE IF NOT EXISTS baseline_workorder (
    id BIGINT NOT NULL AUTO_INCREMENT,
    result_id BIGINT DEFAULT NULL,
    host_id BIGINT NOT NULL,
    rule_id BIGINT DEFAULT NULL,
    title VARCHAR(255) DEFAULT NULL,
    advice TEXT DEFAULT NULL,
    assignee_id BIGINT DEFAULT NULL,
    priority VARCHAR(20) DEFAULT 'MEDIUM',
    status VARCHAR(32) NOT NULL DEFAULT 'OPEN',
    close_remark TEXT DEFAULT NULL,
    create_by BIGINT DEFAULT NULL,
    create_time DATETIME NOT NULL DEFAULT CURRENT_TIMESTAMP,
    start_time DATETIME DEFAULT NULL,
    finish_time DATETIME DEFAULT NULL,
    update_time DATETIME NOT NULL DEFAULT CURRENT_TIMESTAMP ON UPDATE CURRENT_TIMESTAMP,
    PRIMARY KEY (id),
    KEY idx_workorder_host (host_id),
    KEY idx_workorder_result (result_id),
    KEY idx_workorder_assignee (assignee_id)
) ENGINE=InnoDB DEFAULT CHARSET=utf8mb4 COMMENT='基线整改工单'
]
2026-06-17T16:27:19.424+08:00 DEBUG 37112 --- [threat-platform] [           main] o.s.jdbc.core.JdbcTemplate               : SQLWarning ignored: SQL state '42S01', error code '1050', message [Table 'baseline_workorder' already exists]
2026-06-17T16:27:19.424+08:00 DEBUG 37112 --- [threat-platform] [           main] o.s.jdbc.core.JdbcTemplate               : Executing prepared SQL query
2026-06-17T16:27:19.424+08:00 DEBUG 37112 --- [threat-platform] [           main] o.s.jdbc.core.JdbcTemplate               : Executing prepared SQL statement [SELECT COUNT(*)
FROM information_schema.COLUMNS
WHERE TABLE_SCHEMA = DATABASE()
  AND TABLE_NAME = ?
  AND COLUMN_NAME = ?
]
2026-06-17T16:27:19.440+08:00 DEBUG 37112 --- [threat-platform] [           main] o.s.jdbc.core.JdbcTemplate               : Executing prepared SQL query
2026-06-17T16:27:19.441+08:00 DEBUG 37112 --- [threat-platform] [           main] o.s.jdbc.core.JdbcTemplate               : Executing prepared SQL statement [SELECT COUNT(*)
FROM information_schema.COLUMNS
WHERE TABLE_SCHEMA = DATABASE()
  AND TABLE_NAME = ?
  AND COLUMN_NAME = ?
]
2026-06-17T16:27:19.446+08:00 DEBUG 37112 --- [threat-platform] [           main] o.s.jdbc.core.JdbcTemplate               : Executing prepared SQL query
2026-06-17T16:27:19.447+08:00 DEBUG 37112 --- [threat-platform] [           main] o.s.jdbc.core.JdbcTemplate               : Executing prepared SQL statement [SELECT COUNT(*)
FROM information_schema.COLUMNS
WHERE TABLE_SCHEMA = DATABASE()
  AND TABLE_NAME = ?
  AND COLUMN_NAME = ?
]
2026-06-17T16:27:19.452+08:00 DEBUG 37112 --- [threat-platform] [           main] o.s.jdbc.core.JdbcTemplate               : Executing prepared SQL query
2026-06-17T16:27:19.452+08:00 DEBUG 37112 --- [threat-platform] [           main] o.s.jdbc.core.JdbcTemplate               : Executing prepared SQL statement [SELECT COUNT(*)
FROM information_schema.COLUMNS
WHERE TABLE_SCHEMA = DATABASE()
  AND TABLE_NAME = ?
  AND COLUMN_NAME = ?
]
2026-06-17T16:27:19.458+08:00 DEBUG 37112 --- [threat-platform] [           main] o.s.jdbc.core.JdbcTemplate               : Executing prepared SQL query
2026-06-17T16:27:19.460+08:00 DEBUG 37112 --- [threat-platform] [           main] o.s.jdbc.core.JdbcTemplate               : Executing prepared SQL statement [SELECT COUNT(*)
FROM information_schema.COLUMNS
WHERE TABLE_SCHEMA = DATABASE()
  AND TABLE_NAME = ?
  AND COLUMN_NAME = ?
]
2026-06-17T16:27:19.464+08:00 DEBUG 37112 --- [threat-platform] [           main] o.s.jdbc.core.JdbcTemplate               : Executing prepared SQL query
2026-06-17T16:27:19.464+08:00 DEBUG 37112 --- [threat-platform] [           main] o.s.jdbc.core.JdbcTemplate               : Executing prepared SQL statement [SELECT COUNT(*)
FROM information_schema.COLUMNS
WHERE TABLE_SCHEMA = DATABASE()
  AND TABLE_NAME = ?
  AND COLUMN_NAME = ?
]
2026-06-17T16:27:19.469+08:00 DEBUG 37112 --- [threat-platform] [           main] o.s.jdbc.core.JdbcTemplate               : Executing prepared SQL query
2026-06-17T16:27:19.469+08:00 DEBUG 37112 --- [threat-platform] [           main] o.s.jdbc.core.JdbcTemplate               : Executing prepared SQL statement [SELECT COUNT(*)
FROM information_schema.COLUMNS
WHERE TABLE_SCHEMA = DATABASE()
  AND TABLE_NAME = ?
  AND COLUMN_NAME = ?
]
2026-06-17T16:27:19.476+08:00 DEBUG 37112 --- [threat-platform] [           main] o.s.jdbc.core.JdbcTemplate               : Executing prepared SQL query
2026-06-17T16:27:19.476+08:00 DEBUG 37112 --- [threat-platform] [           main] o.s.jdbc.core.JdbcTemplate               : Executing prepared SQL statement [SELECT COUNT(*)
FROM information_schema.COLUMNS
WHERE TABLE_SCHEMA = DATABASE()
  AND TABLE_NAME = ?
  AND COLUMN_NAME = ?
]
2026-06-17T16:27:19.481+08:00 DEBUG 37112 --- [threat-platform] [           main] o.s.jdbc.core.JdbcTemplate               : Executing prepared SQL query
2026-06-17T16:27:19.481+08:00 DEBUG 37112 --- [threat-platform] [           main] o.s.jdbc.core.JdbcTemplate               : Executing prepared SQL statement [SELECT COUNT(*)
FROM information_schema.COLUMNS
WHERE TABLE_SCHEMA = DATABASE()
  AND TABLE_NAME = ?
  AND COLUMN_NAME = ?
]
2026-06-17T16:27:19.487+08:00 DEBUG 37112 --- [threat-platform] [           main] o.s.jdbc.core.JdbcTemplate               : Executing prepared SQL query
2026-06-17T16:27:19.487+08:00 DEBUG 37112 --- [threat-platform] [           main] o.s.jdbc.core.JdbcTemplate               : Executing prepared SQL statement [SELECT COUNT(*)
FROM information_schema.COLUMNS
WHERE TABLE_SCHEMA = DATABASE()
  AND TABLE_NAME = ?
  AND COLUMN_NAME = ?
]
2026-06-17T16:27:19.493+08:00 DEBUG 37112 --- [threat-platform] [           main] o.s.jdbc.core.JdbcTemplate               : Executing prepared SQL query
2026-06-17T16:27:19.493+08:00 DEBUG 37112 --- [threat-platform] [           main] o.s.jdbc.core.JdbcTemplate               : Executing prepared SQL statement [SELECT COUNT(*)
FROM information_schema.COLUMNS
WHERE TABLE_SCHEMA = DATABASE()
  AND TABLE_NAME = ?
  AND COLUMN_NAME = ?
]
2026-06-17T16:27:19.499+08:00 DEBUG 37112 --- [threat-platform] [           main] o.s.jdbc.core.JdbcTemplate               : Executing prepared SQL query
2026-06-17T16:27:19.499+08:00 DEBUG 37112 --- [threat-platform] [           main] o.s.jdbc.core.JdbcTemplate               : Executing prepared SQL statement [SELECT COUNT(*)
FROM information_schema.COLUMNS
WHERE TABLE_SCHEMA = DATABASE()
  AND TABLE_NAME = ?
  AND COLUMN_NAME = ?
]
2026-06-17T16:27:19.504+08:00 DEBUG 37112 --- [threat-platform] [           main] o.s.jdbc.core.JdbcTemplate               : Executing prepared SQL update
2026-06-17T16:27:19.504+08:00 DEBUG 37112 --- [threat-platform] [           main] o.s.jdbc.core.JdbcTemplate               : Executing prepared SQL statement [INSERT INTO sys_permission (permission_code, permission_name, permission_type, path, status)
SELECT ?, ?, 'API', ?, 1
WHERE NOT EXISTS (SELECT 1 FROM sys_permission WHERE permission_code = ?)
]
2026-06-17T16:27:19.505+08:00 DEBUG 37112 --- [threat-platform] [           main] o.s.jdbc.core.JdbcTemplate               : Executing prepared SQL update
2026-06-17T16:27:19.505+08:00 DEBUG 37112 --- [threat-platform] [           main] o.s.jdbc.core.JdbcTemplate               : Executing prepared SQL statement [INSERT INTO sys_permission (permission_code, permission_name, permission_type, path, status)
SELECT ?, ?, 'API', ?, 1
WHERE NOT EXISTS (SELECT 1 FROM sys_permission WHERE permission_code = ?)
]
2026-06-17T16:27:19.506+08:00 DEBUG 37112 --- [threat-platform] [           main] o.s.jdbc.core.JdbcTemplate               : Executing prepared SQL update
2026-06-17T16:27:19.506+08:00 DEBUG 37112 --- [threat-platform] [           main] o.s.jdbc.core.JdbcTemplate               : Executing prepared SQL statement [INSERT INTO sys_permission (permission_code, permission_name, permission_type, path, status)
SELECT ?, ?, 'API', ?, 1
WHERE NOT EXISTS (SELECT 1 FROM sys_permission WHERE permission_code = ?)
]
2026-06-17T16:27:19.506+08:00 DEBUG 37112 --- [threat-platform] [           main] o.s.jdbc.core.JdbcTemplate               : Executing prepared SQL update
2026-06-17T16:27:19.508+08:00 DEBUG 37112 --- [threat-platform] [           main] o.s.jdbc.core.JdbcTemplate               : Executing prepared SQL statement [INSERT INTO sys_permission (permission_code, permission_name, permission_type, path, status)
SELECT ?, ?, 'API', ?, 1
WHERE NOT EXISTS (SELECT 1 FROM sys_permission WHERE permission_code = ?)
]
2026-06-17T16:27:19.508+08:00 DEBUG 37112 --- [threat-platform] [           main] o.s.jdbc.core.JdbcTemplate               : Executing prepared SQL update
2026-06-17T16:27:19.508+08:00 DEBUG 37112 --- [threat-platform] [           main] o.s.jdbc.core.JdbcTemplate               : Executing prepared SQL statement [INSERT INTO sys_permission (permission_code, permission_name, permission_type, path, status)
SELECT ?, ?, 'API', ?, 1
WHERE NOT EXISTS (SELECT 1 FROM sys_permission WHERE permission_code = ?)
]
2026-06-17T16:27:19.509+08:00 DEBUG 37112 --- [threat-platform] [           main] o.s.jdbc.core.JdbcTemplate               : Executing prepared SQL update
2026-06-17T16:27:19.509+08:00 DEBUG 37112 --- [threat-platform] [           main] o.s.jdbc.core.JdbcTemplate               : Executing prepared SQL statement [INSERT INTO sys_permission (permission_code, permission_name, permission_type, path, status)
SELECT ?, ?, 'API', ?, 1
WHERE NOT EXISTS (SELECT 1 FROM sys_permission WHERE permission_code = ?)
]
2026-06-17T16:27:19.509+08:00 DEBUG 37112 --- [threat-platform] [           main] o.s.jdbc.core.JdbcTemplate               : Executing prepared SQL update
2026-06-17T16:27:19.510+08:00 DEBUG 37112 --- [threat-platform] [           main] o.s.jdbc.core.JdbcTemplate               : Executing prepared SQL statement [INSERT INTO sys_permission (permission_code, permission_name, permission_type, path, status)
SELECT ?, ?, 'API', ?, 1
WHERE NOT EXISTS (SELECT 1 FROM sys_permission WHERE permission_code = ?)
]
2026-06-17T16:27:19.510+08:00 DEBUG 37112 --- [threat-platform] [           main] o.s.jdbc.core.JdbcTemplate               : Executing prepared SQL update
2026-06-17T16:27:19.510+08:00 DEBUG 37112 --- [threat-platform] [           main] o.s.jdbc.core.JdbcTemplate               : Executing prepared SQL statement [INSERT INTO sys_permission (permission_code, permission_name, permission_type, path, status)
SELECT ?, ?, 'API', ?, 1
WHERE NOT EXISTS (SELECT 1 FROM sys_permission WHERE permission_code = ?)
]
2026-06-17T16:27:19.511+08:00 DEBUG 37112 --- [threat-platform] [           main] o.s.jdbc.core.JdbcTemplate               : Executing prepared SQL update
2026-06-17T16:27:19.511+08:00 DEBUG 37112 --- [threat-platform] [           main] o.s.jdbc.core.JdbcTemplate               : Executing prepared SQL statement [INSERT INTO sys_permission (permission_code, permission_name, permission_type, path, status)
SELECT ?, ?, 'API', ?, 1
WHERE NOT EXISTS (SELECT 1 FROM sys_permission WHERE permission_code = ?)
]
2026-06-17T16:27:19.511+08:00 DEBUG 37112 --- [threat-platform] [           main] o.s.jdbc.core.JdbcTemplate               : Executing prepared SQL update
2026-06-17T16:27:19.511+08:00 DEBUG 37112 --- [threat-platform] [           main] o.s.jdbc.core.JdbcTemplate               : Executing prepared SQL statement [INSERT INTO sys_permission (permission_code, permission_name, permission_type, path, status)
SELECT ?, ?, 'API', ?, 1
WHERE NOT EXISTS (SELECT 1 FROM sys_permission WHERE permission_code = ?)
]
2026-06-17T16:27:19.512+08:00 DEBUG 37112 --- [threat-platform] [           main] o.s.jdbc.core.JdbcTemplate               : Executing prepared SQL update
2026-06-17T16:27:19.512+08:00 DEBUG 37112 --- [threat-platform] [           main] o.s.jdbc.core.JdbcTemplate               : Executing prepared SQL statement [INSERT INTO sys_role (role_code, role_name, status)
SELECT ?, ?, 1
WHERE NOT EXISTS (SELECT 1 FROM sys_role WHERE role_code = ?)
]
2026-06-17T16:27:19.512+08:00 DEBUG 37112 --- [threat-platform] [           main] o.s.jdbc.core.JdbcTemplate               : Executing prepared SQL update
2026-06-17T16:27:19.513+08:00 DEBUG 37112 --- [threat-platform] [           main] o.s.jdbc.core.JdbcTemplate               : Executing prepared SQL statement [INSERT INTO user (user_name, user_pwd, status)
SELECT ?, ?, 1
WHERE NOT EXISTS (SELECT 1 FROM user WHERE user_name = ?)
]
2026-06-17T16:27:19.513+08:00 DEBUG 37112 --- [threat-platform] [           main] o.s.jdbc.core.JdbcTemplate               : Executing prepared SQL update
2026-06-17T16:27:19.513+08:00 DEBUG 37112 --- [threat-platform] [           main] o.s.jdbc.core.JdbcTemplate               : Executing prepared SQL statement [INSERT INTO sys_user_role (user_id, role_id)
SELECT u.id, r.id
FROM user u
JOIN sys_role r ON r.role_code = ?
WHERE u.user_name = ?
  AND NOT EXISTS (
    SELECT 1 FROM sys_user_role ur WHERE ur.user_id = u.id AND ur.role_id = r.id
  )
]
2026-06-17T16:27:19.513+08:00 DEBUG 37112 --- [threat-platform] [           main] o.s.jdbc.core.JdbcTemplate               : Executing SQL query [SELECT COALESCE(MAX(sort_order), 0) FROM sys_menu]
2026-06-17T16:27:19.514+08:00 DEBUG 37112 --- [threat-platform] [           main] o.s.jdbc.core.JdbcTemplate               : Executing prepared SQL query
2026-06-17T16:27:19.515+08:00 DEBUG 37112 --- [threat-platform] [           main] o.s.jdbc.core.JdbcTemplate               : Executing prepared SQL statement [SELECT id FROM sys_permission WHERE permission_code = ?]
2026-06-17T16:27:19.515+08:00 DEBUG 37112 --- [threat-platform] [           main] o.s.jdbc.core.JdbcTemplate               : Executing prepared SQL update
2026-06-17T16:27:19.516+08:00 DEBUG 37112 --- [threat-platform] [           main] o.s.jdbc.core.JdbcTemplate               : Executing prepared SQL statement [INSERT INTO sys_menu (menu_code, menu_name, menu_path, menu_icon, permission_id, sort_order, status, parent_id)
SELECT 'baseline_module', '合规基线', '#', 'layui-icon-component', ?, ?, 1, NULL
WHERE NOT EXISTS (SELECT 1 FROM sys_menu WHERE menu_code = 'baseline_module')
]
2026-06-17T16:27:19.516+08:00 DEBUG 37112 --- [threat-platform] [           main] o.s.jdbc.core.JdbcTemplate               : Executing prepared SQL query
2026-06-17T16:27:19.518+08:00 DEBUG 37112 --- [threat-platform] [           main] o.s.jdbc.core.JdbcTemplate               : Executing prepared SQL statement [SELECT id FROM sys_menu WHERE menu_code = ?]
2026-06-17T16:27:19.519+08:00 DEBUG 37112 --- [threat-platform] [           main] o.s.jdbc.core.JdbcTemplate               : Executing prepared SQL update
2026-06-17T16:27:19.519+08:00 DEBUG 37112 --- [threat-platform] [           main] o.s.jdbc.core.JdbcTemplate               : Executing prepared SQL statement [INSERT INTO sys_menu (menu_code, menu_name, menu_path, menu_icon, permission_id, sort_order, status, parent_id)
SELECT ?, ?, ?, ?, ?, ?, 1, ?
WHERE NOT EXISTS (SELECT 1 FROM sys_menu WHERE menu_code = ?)
]
2026-06-17T16:27:19.520+08:00 DEBUG 37112 --- [threat-platform] [           main] o.s.jdbc.core.JdbcTemplate               : Executing prepared SQL update
2026-06-17T16:27:19.520+08:00 DEBUG 37112 --- [threat-platform] [           main] o.s.jdbc.core.JdbcTemplate               : Executing prepared SQL statement [UPDATE sys_menu
SET parent_id = ?, menu_path = ?, permission_id = ?
WHERE menu_code = ?
]
2026-06-17T16:27:19.521+08:00 DEBUG 37112 --- [threat-platform] [           main] o.s.jdbc.core.JdbcTemplate               : Executing prepared SQL update
2026-06-17T16:27:19.521+08:00 DEBUG 37112 --- [threat-platform] [           main] o.s.jdbc.core.JdbcTemplate               : Executing prepared SQL statement [INSERT INTO sys_menu (menu_code, menu_name, menu_path, menu_icon, permission_id, sort_order, status, parent_id)
SELECT ?, ?, ?, ?, ?, ?, 1, ?
WHERE NOT EXISTS (SELECT 1 FROM sys_menu WHERE menu_code = ?)
]
2026-06-17T16:27:19.521+08:00 DEBUG 37112 --- [threat-platform] [           main] o.s.jdbc.core.JdbcTemplate               : Executing prepared SQL update
2026-06-17T16:27:19.522+08:00 DEBUG 37112 --- [threat-platform] [           main] o.s.jdbc.core.JdbcTemplate               : Executing prepared SQL statement [UPDATE sys_menu
SET parent_id = ?, menu_path = ?, permission_id = ?
WHERE menu_code = ?
]
2026-06-17T16:27:19.522+08:00 DEBUG 37112 --- [threat-platform] [           main] o.s.jdbc.core.JdbcTemplate               : Executing prepared SQL query
2026-06-17T16:27:19.522+08:00 DEBUG 37112 --- [threat-platform] [           main] o.s.jdbc.core.JdbcTemplate               : Executing prepared SQL statement [SELECT id FROM sys_permission WHERE permission_code = ?]
2026-06-17T16:27:19.523+08:00 DEBUG 37112 --- [threat-platform] [           main] o.s.jdbc.core.JdbcTemplate               : Executing prepared SQL update
2026-06-17T16:27:19.523+08:00 DEBUG 37112 --- [threat-platform] [           main] o.s.jdbc.core.JdbcTemplate               : Executing prepared SQL statement [INSERT INTO sys_menu (menu_code, menu_name, menu_path, menu_icon, permission_id, sort_order, status, parent_id)
SELECT ?, ?, ?, ?, ?, ?, 1, ?
WHERE NOT EXISTS (SELECT 1 FROM sys_menu WHERE menu_code = ?)
]
2026-06-17T16:27:19.524+08:00 DEBUG 37112 --- [threat-platform] [           main] o.s.jdbc.core.JdbcTemplate               : Executing prepared SQL update
2026-06-17T16:27:19.524+08:00 DEBUG 37112 --- [threat-platform] [           main] o.s.jdbc.core.JdbcTemplate               : Executing prepared SQL statement [UPDATE sys_menu
SET parent_id = ?, menu_path = ?, permission_id = ?
WHERE menu_code = ?
]
2026-06-17T16:27:19.525+08:00 DEBUG 37112 --- [threat-platform] [           main] o.s.jdbc.core.JdbcTemplate               : Executing prepared SQL query
2026-06-17T16:27:19.525+08:00 DEBUG 37112 --- [threat-platform] [           main] o.s.jdbc.core.JdbcTemplate               : Executing prepared SQL statement [SELECT id FROM sys_permission WHERE permission_code = ?]
2026-06-17T16:27:19.525+08:00 DEBUG 37112 --- [threat-platform] [           main] o.s.jdbc.core.JdbcTemplate               : Executing prepared SQL update
2026-06-17T16:27:19.526+08:00 DEBUG 37112 --- [threat-platform] [           main] o.s.jdbc.core.JdbcTemplate               : Executing prepared SQL statement [INSERT INTO sys_menu (menu_code, menu_name, menu_path, menu_icon, permission_id, sort_order, status, parent_id)
SELECT ?, ?, ?, ?, ?, ?, 1, ?
WHERE NOT EXISTS (SELECT 1 FROM sys_menu WHERE menu_code = ?)
]
2026-06-17T16:27:19.526+08:00 DEBUG 37112 --- [threat-platform] [           main] o.s.jdbc.core.JdbcTemplate               : Executing prepared SQL update
2026-06-17T16:27:19.526+08:00 DEBUG 37112 --- [threat-platform] [           main] o.s.jdbc.core.JdbcTemplate               : Executing prepared SQL statement [UPDATE sys_menu
SET parent_id = ?, menu_path = ?, permission_id = ?
WHERE menu_code = ?
]
2026-06-17T16:27:19.527+08:00 DEBUG 37112 --- [threat-platform] [           main] o.s.jdbc.core.JdbcTemplate               : Executing prepared SQL update
2026-06-17T16:27:19.527+08:00 DEBUG 37112 --- [threat-platform] [           main] o.s.jdbc.core.JdbcTemplate               : Executing prepared SQL statement [INSERT INTO sys_role_permission (role_id, permission_id)
SELECT r.id, p.id
FROM sys_role r
JOIN sys_permission p ON p.permission_code = ?
WHERE r.role_code = ?
  AND NOT EXISTS (
    SELECT 1 FROM sys_role_permission rp
    WHERE rp.role_id = r.id AND rp.permission_id = p.id
)
]
2026-06-17T16:27:19.527+08:00 DEBUG 37112 --- [threat-platform] [           main] o.s.jdbc.core.JdbcTemplate               : Executing prepared SQL update
2026-06-17T16:27:19.527+08:00 DEBUG 37112 --- [threat-platform] [           main] o.s.jdbc.core.JdbcTemplate               : Executing prepared SQL statement [INSERT INTO sys_role_permission (role_id, permission_id)
SELECT r.id, p.id
FROM sys_role r
JOIN sys_permission p ON p.permission_code = ?
WHERE r.role_code = ?
  AND NOT EXISTS (
    SELECT 1 FROM sys_role_permission rp
    WHERE rp.role_id = r.id AND rp.permission_id = p.id
)
]
2026-06-17T16:27:19.528+08:00 DEBUG 37112 --- [threat-platform] [           main] o.s.jdbc.core.JdbcTemplate               : Executing prepared SQL update
2026-06-17T16:27:19.528+08:00 DEBUG 37112 --- [threat-platform] [           main] o.s.jdbc.core.JdbcTemplate               : Executing prepared SQL statement [INSERT INTO sys_role_permission (role_id, permission_id)
SELECT r.id, p.id
FROM sys_role r
JOIN sys_permission p ON p.permission_code = ?
WHERE r.role_code = ?
  AND NOT EXISTS (
    SELECT 1 FROM sys_role_permission rp
    WHERE rp.role_id = r.id AND rp.permission_id = p.id
)
]
2026-06-17T16:27:19.528+08:00 DEBUG 37112 --- [threat-platform] [           main] o.s.jdbc.core.JdbcTemplate               : Executing prepared SQL update
2026-06-17T16:27:19.528+08:00 DEBUG 37112 --- [threat-platform] [           main] o.s.jdbc.core.JdbcTemplate               : Executing prepared SQL statement [INSERT INTO sys_role_permission (role_id, permission_id)
SELECT r.id, p.id
FROM sys_role r
JOIN sys_permission p ON p.permission_code = ?
WHERE r.role_code = ?
  AND NOT EXISTS (
    SELECT 1 FROM sys_role_permission rp
    WHERE rp.role_id = r.id AND rp.permission_id = p.id
)
]
2026-06-17T16:27:19.529+08:00 DEBUG 37112 --- [threat-platform] [           main] o.s.jdbc.core.JdbcTemplate               : Executing prepared SQL update
2026-06-17T16:27:19.529+08:00 DEBUG 37112 --- [threat-platform] [           main] o.s.jdbc.core.JdbcTemplate               : Executing prepared SQL statement [INSERT INTO sys_role_permission (role_id, permission_id)
SELECT r.id, p.id
FROM sys_role r
JOIN sys_permission p ON p.permission_code = ?
WHERE r.role_code = ?
  AND NOT EXISTS (
    SELECT 1 FROM sys_role_permission rp
    WHERE rp.role_id = r.id AND rp.permission_id = p.id
)
]
2026-06-17T16:27:19.529+08:00 DEBUG 37112 --- [threat-platform] [           main] o.s.jdbc.core.JdbcTemplate               : Executing prepared SQL update
2026-06-17T16:27:19.529+08:00 DEBUG 37112 --- [threat-platform] [           main] o.s.jdbc.core.JdbcTemplate               : Executing prepared SQL statement [INSERT INTO sys_role_permission (role_id, permission_id)
SELECT r.id, p.id
FROM sys_role r
JOIN sys_permission p ON p.permission_code = ?
WHERE r.role_code = ?
  AND NOT EXISTS (
    SELECT 1 FROM sys_role_permission rp
    WHERE rp.role_id = r.id AND rp.permission_id = p.id
)
]
2026-06-17T16:27:19.530+08:00 DEBUG 37112 --- [threat-platform] [           main] o.s.jdbc.core.JdbcTemplate               : Executing prepared SQL update
2026-06-17T16:27:19.530+08:00 DEBUG 37112 --- [threat-platform] [           main] o.s.jdbc.core.JdbcTemplate               : Executing prepared SQL statement [INSERT INTO sys_role_permission (role_id, permission_id)
SELECT r.id, p.id
FROM sys_role r
JOIN sys_permission p ON p.permission_code = ?
WHERE r.role_code = ?
  AND NOT EXISTS (
    SELECT 1 FROM sys_role_permission rp
    WHERE rp.role_id = r.id AND rp.permission_id = p.id
)
]
2026-06-17T16:27:19.530+08:00 DEBUG 37112 --- [threat-platform] [           main] o.s.jdbc.core.JdbcTemplate               : Executing prepared SQL update
2026-06-17T16:27:19.530+08:00 DEBUG 37112 --- [threat-platform] [           main] o.s.jdbc.core.JdbcTemplate               : Executing prepared SQL statement [INSERT INTO sys_role_permission (role_id, permission_id)
SELECT r.id, p.id
FROM sys_role r
JOIN sys_permission p ON p.permission_code = ?
WHERE r.role_code = ?
  AND NOT EXISTS (
    SELECT 1 FROM sys_role_permission rp
    WHERE rp.role_id = r.id AND rp.permission_id = p.id
)
]
2026-06-17T16:27:19.531+08:00 DEBUG 37112 --- [threat-platform] [           main] o.s.jdbc.core.JdbcTemplate               : Executing prepared SQL update
2026-06-17T16:27:19.531+08:00 DEBUG 37112 --- [threat-platform] [           main] o.s.jdbc.core.JdbcTemplate               : Executing prepared SQL statement [INSERT INTO sys_role_permission (role_id, permission_id)
SELECT r.id, p.id
FROM sys_role r
JOIN sys_permission p ON p.permission_code = ?
WHERE r.role_code = ?
  AND NOT EXISTS (
    SELECT 1 FROM sys_role_permission rp
    WHERE rp.role_id = r.id AND rp.permission_id = p.id
)
]
2026-06-17T16:27:19.532+08:00 DEBUG 37112 --- [threat-platform] [           main] o.s.jdbc.core.JdbcTemplate               : Executing prepared SQL update
2026-06-17T16:27:19.533+08:00 DEBUG 37112 --- [threat-platform] [           main] o.s.jdbc.core.JdbcTemplate               : Executing prepared SQL statement [INSERT INTO sys_role_permission (role_id, permission_id)
SELECT r.id, p.id
FROM sys_role r
JOIN sys_permission p ON p.permission_code = ?
WHERE r.role_code = ?
  AND NOT EXISTS (
    SELECT 1 FROM sys_role_permission rp
    WHERE rp.role_id = r.id AND rp.permission_id = p.id
)
]
2026-06-17T16:27:19.533+08:00 DEBUG 37112 --- [threat-platform] [           main] o.s.jdbc.core.JdbcTemplate               : Executing prepared SQL update
2026-06-17T16:27:19.534+08:00 DEBUG 37112 --- [threat-platform] [           main] o.s.jdbc.core.JdbcTemplate               : Executing prepared SQL statement [INSERT INTO sys_role_permission (role_id, permission_id)
SELECT r.id, p.id
FROM sys_role r
JOIN sys_permission p ON p.permission_code = ?
WHERE r.role_code = ?
  AND NOT EXISTS (
    SELECT 1 FROM sys_role_permission rp
    WHERE rp.role_id = r.id AND rp.permission_id = p.id
)
]
2026-06-17T16:27:19.534+08:00 DEBUG 37112 --- [threat-platform] [           main] o.s.jdbc.core.JdbcTemplate               : Executing prepared SQL update
2026-06-17T16:27:19.535+08:00 DEBUG 37112 --- [threat-platform] [           main] o.s.jdbc.core.JdbcTemplate               : Executing prepared SQL statement [INSERT INTO sys_role_permission (role_id, permission_id)
SELECT r.id, p.id
FROM sys_role r
JOIN sys_permission p ON p.permission_code = ?
WHERE r.role_code = ?
  AND NOT EXISTS (
    SELECT 1 FROM sys_role_permission rp
    WHERE rp.role_id = r.id AND rp.permission_id = p.id
)
]
2026-06-17T16:27:19.535+08:00 DEBUG 37112 --- [threat-platform] [           main] o.s.jdbc.core.JdbcTemplate               : Executing prepared SQL update
2026-06-17T16:27:19.535+08:00 DEBUG 37112 --- [threat-platform] [           main] o.s.jdbc.core.JdbcTemplate               : Executing prepared SQL statement [INSERT INTO sys_role_permission (role_id, permission_id)
SELECT r.id, p.id
FROM sys_role r
JOIN sys_permission p ON p.permission_code = ?
WHERE r.role_code = ?
  AND NOT EXISTS (
    SELECT 1 FROM sys_role_permission rp
    WHERE rp.role_id = r.id AND rp.permission_id = p.id
)
]
2026-06-17T16:27:19.536+08:00 DEBUG 37112 --- [threat-platform] [           main] o.s.jdbc.core.JdbcTemplate               : Executing prepared SQL update
2026-06-17T16:27:19.536+08:00 DEBUG 37112 --- [threat-platform] [           main] o.s.jdbc.core.JdbcTemplate               : Executing prepared SQL statement [INSERT INTO sys_role_permission (role_id, permission_id)
SELECT r.id, p.id
FROM sys_role r
JOIN sys_permission p ON p.permission_code = ?
WHERE r.role_code = ?
  AND NOT EXISTS (
    SELECT 1 FROM sys_role_permission rp
    WHERE rp.role_id = r.id AND rp.permission_id = p.id
)
]
2026-06-17T16:27:19.536+08:00 DEBUG 37112 --- [threat-platform] [           main] o.s.jdbc.core.JdbcTemplate               : Executing prepared SQL update
2026-06-17T16:27:19.537+08:00 DEBUG 37112 --- [threat-platform] [           main] o.s.jdbc.core.JdbcTemplate               : Executing prepared SQL statement [INSERT INTO sys_role_permission (role_id, permission_id)
SELECT r.id, p.id
FROM sys_role r
JOIN sys_permission p ON p.permission_code = ?
WHERE r.role_code = ?
  AND NOT EXISTS (
    SELECT 1 FROM sys_role_permission rp
    WHERE rp.role_id = r.id AND rp.permission_id = p.id
)
]
2026-06-17T16:27:19.537+08:00 DEBUG 37112 --- [threat-platform] [           main] o.s.jdbc.core.JdbcTemplate               : Executing prepared SQL update
2026-06-17T16:27:19.537+08:00 DEBUG 37112 --- [threat-platform] [           main] o.s.jdbc.core.JdbcTemplate               : Executing prepared SQL statement [INSERT INTO sys_role_permission (role_id, permission_id)
SELECT r.id, p.id
FROM sys_role r
JOIN sys_permission p ON p.permission_code = ?
WHERE r.role_code = ?
  AND NOT EXISTS (
    SELECT 1 FROM sys_role_permission rp
    WHERE rp.role_id = r.id AND rp.permission_id = p.id
)
]
2026-06-17T16:27:19.537+08:00 DEBUG 37112 --- [threat-platform] [           main] o.s.jdbc.core.JdbcTemplate               : Executing prepared SQL update
2026-06-17T16:27:19.538+08:00 DEBUG 37112 --- [threat-platform] [           main] o.s.jdbc.core.JdbcTemplate               : Executing prepared SQL statement [INSERT INTO sys_role_permission (role_id, permission_id)
SELECT r.id, p.id
FROM sys_role r
JOIN sys_permission p ON p.permission_code = ?
WHERE r.role_code = ?
  AND NOT EXISTS (
    SELECT 1 FROM sys_role_permission rp
    WHERE rp.role_id = r.id AND rp.permission_id = p.id
)
]
2026-06-17T16:27:19.538+08:00 DEBUG 37112 --- [threat-platform] [           main] o.s.jdbc.core.JdbcTemplate               : Executing prepared SQL update
2026-06-17T16:27:19.538+08:00 DEBUG 37112 --- [threat-platform] [           main] o.s.jdbc.core.JdbcTemplate               : Executing prepared SQL statement [INSERT INTO sys_permission (permission_code, permission_name, permission_type, path, status)
SELECT ?, ?, 'API', ?, 1
WHERE NOT EXISTS (SELECT 1 FROM sys_permission WHERE permission_code = ?)
]
2026-06-17T16:27:19.539+08:00 DEBUG 37112 --- [threat-platform] [           main] o.s.jdbc.core.JdbcTemplate               : Executing prepared SQL update
2026-06-17T16:27:19.539+08:00 DEBUG 37112 --- [threat-platform] [           main] o.s.jdbc.core.JdbcTemplate               : Executing prepared SQL statement [INSERT INTO sys_permission (permission_code, permission_name, permission_type, path, status)
SELECT ?, ?, 'API', ?, 1
WHERE NOT EXISTS (SELECT 1 FROM sys_permission WHERE permission_code = ?)
]
2026-06-17T16:27:19.540+08:00 DEBUG 37112 --- [threat-platform] [           main] o.s.jdbc.core.JdbcTemplate               : Executing prepared SQL update
2026-06-17T16:27:19.540+08:00 DEBUG 37112 --- [threat-platform] [           main] o.s.jdbc.core.JdbcTemplate               : Executing prepared SQL statement [INSERT INTO sys_permission (permission_code, permission_name, permission_type, path, status)
SELECT ?, ?, 'API', ?, 1
WHERE NOT EXISTS (SELECT 1 FROM sys_permission WHERE permission_code = ?)
]
2026-06-17T16:27:19.541+08:00 DEBUG 37112 --- [threat-platform] [           main] o.s.jdbc.core.JdbcTemplate               : Executing prepared SQL query
2026-06-17T16:27:19.541+08:00 DEBUG 37112 --- [threat-platform] [           main] o.s.jdbc.core.JdbcTemplate               : Executing prepared SQL statement [SELECT id FROM sys_permission WHERE permission_code = ?]
2026-06-17T16:27:19.541+08:00 DEBUG 37112 --- [threat-platform] [           main] o.s.jdbc.core.JdbcTemplate               : Executing SQL query [SELECT COALESCE(MAX(sort_order), 0) FROM sys_menu]
2026-06-17T16:27:19.543+08:00 DEBUG 37112 --- [threat-platform] [           main] o.s.jdbc.core.JdbcTemplate               : Executing prepared SQL update
2026-06-17T16:27:19.543+08:00 DEBUG 37112 --- [threat-platform] [           main] o.s.jdbc.core.JdbcTemplate               : Executing prepared SQL statement [INSERT INTO sys_menu (menu_code, menu_name, menu_path, menu_icon, permission_id, sort_order, status, parent_id)
SELECT 'security_log_parent', '安全日志', '#', 'layui-icon-log', ?, ?, 1, NULL
WHERE NOT EXISTS (SELECT 1 FROM sys_menu WHERE menu_code = 'security_log_parent')
]
2026-06-17T16:27:19.544+08:00 DEBUG 37112 --- [threat-platform] [           main] o.s.jdbc.core.JdbcTemplate               : Executing prepared SQL query
2026-06-17T16:27:19.544+08:00 DEBUG 37112 --- [threat-platform] [           main] o.s.jdbc.core.JdbcTemplate               : Executing prepared SQL statement [SELECT id FROM sys_menu WHERE menu_code = ?]
2026-06-17T16:27:19.545+08:00 DEBUG 37112 --- [threat-platform] [           main] o.s.jdbc.core.JdbcTemplate               : Executing SQL query [SELECT COALESCE(MAX(sort_order), 0) FROM sys_menu]
2026-06-17T16:27:19.546+08:00 DEBUG 37112 --- [threat-platform] [           main] o.s.jdbc.core.JdbcTemplate               : Executing prepared SQL update
2026-06-17T16:27:19.546+08:00 DEBUG 37112 --- [threat-platform] [           main] o.s.jdbc.core.JdbcTemplate               : Executing prepared SQL statement [INSERT INTO sys_menu (menu_code, menu_name, menu_path, menu_icon, permission_id, sort_order, status, parent_id)
SELECT ?, ?, ?, ?, ?, ?, 1, ?
WHERE NOT EXISTS (SELECT 1 FROM sys_menu WHERE menu_code = ?)
]
2026-06-17T16:27:19.546+08:00 DEBUG 37112 --- [threat-platform] [           main] o.s.jdbc.core.JdbcTemplate               : Executing prepared SQL update
2026-06-17T16:27:19.546+08:00 DEBUG 37112 --- [threat-platform] [           main] o.s.jdbc.core.JdbcTemplate               : Executing prepared SQL statement [UPDATE sys_menu
SET parent_id = ?, menu_path = './pages/security-event.html', permission_id = ?
WHERE menu_code = 'security_event'
]
2026-06-17T16:27:19.547+08:00 DEBUG 37112 --- [threat-platform] [           main] o.s.jdbc.core.JdbcTemplate               : Executing prepared SQL update
2026-06-17T16:27:19.547+08:00 DEBUG 37112 --- [threat-platform] [           main] o.s.jdbc.core.JdbcTemplate               : Executing prepared SQL statement [INSERT INTO sys_role_permission (role_id, permission_id)
SELECT r.id, p.id
FROM sys_role r
JOIN sys_permission p ON p.permission_code = ?
WHERE r.role_code = ?
  AND NOT EXISTS (
    SELECT 1 FROM sys_role_permission rp
    WHERE rp.role_id = r.id AND rp.permission_id = p.id
)
]
2026-06-17T16:27:19.547+08:00 DEBUG 37112 --- [threat-platform] [           main] o.s.jdbc.core.JdbcTemplate               : Executing prepared SQL update
2026-06-17T16:27:19.547+08:00 DEBUG 37112 --- [threat-platform] [           main] o.s.jdbc.core.JdbcTemplate               : Executing prepared SQL statement [INSERT INTO sys_role_permission (role_id, permission_id)
SELECT r.id, p.id
FROM sys_role r
JOIN sys_permission p ON p.permission_code = ?
WHERE r.role_code = ?
  AND NOT EXISTS (
    SELECT 1 FROM sys_role_permission rp
    WHERE rp.role_id = r.id AND rp.permission_id = p.id
)
]
2026-06-17T16:27:19.548+08:00 DEBUG 37112 --- [threat-platform] [           main] o.s.jdbc.core.JdbcTemplate               : Executing prepared SQL update
2026-06-17T16:27:19.549+08:00 DEBUG 37112 --- [threat-platform] [           main] o.s.jdbc.core.JdbcTemplate               : Executing prepared SQL statement [INSERT INTO sys_role_permission (role_id, permission_id)
SELECT r.id, p.id
FROM sys_role r
JOIN sys_permission p ON p.permission_code = ?
WHERE r.role_code = ?
  AND NOT EXISTS (
    SELECT 1 FROM sys_role_permission rp
    WHERE rp.role_id = r.id AND rp.permission_id = p.id
)
]
2026-06-17T16:27:19.550+08:00 DEBUG 37112 --- [threat-platform] [           main] o.s.jdbc.core.JdbcTemplate               : Executing prepared SQL update
2026-06-17T16:27:19.550+08:00 DEBUG 37112 --- [threat-platform] [           main] o.s.jdbc.core.JdbcTemplate               : Executing prepared SQL statement [INSERT INTO sys_role_permission (role_id, permission_id)
SELECT r.id, p.id
FROM sys_role r
JOIN sys_permission p ON p.permission_code = ?
WHERE r.role_code = ?
  AND NOT EXISTS (
    SELECT 1 FROM sys_role_permission rp
    WHERE rp.role_id = r.id AND rp.permission_id = p.id
)
]
2026-06-17T16:27:19.551+08:00 DEBUG 37112 --- [threat-platform] [           main] o.s.jdbc.core.JdbcTemplate               : Executing prepared SQL update
2026-06-17T16:27:19.551+08:00 DEBUG 37112 --- [threat-platform] [           main] o.s.jdbc.core.JdbcTemplate               : Executing prepared SQL statement [INSERT INTO sys_role_permission (role_id, permission_id)
SELECT r.id, p.id
FROM sys_role r
JOIN sys_permission p ON p.permission_code = ?
WHERE r.role_code = ?
  AND NOT EXISTS (
    SELECT 1 FROM sys_role_permission rp
    WHERE rp.role_id = r.id AND rp.permission_id = p.id
)
]
2026-06-17T16:27:19.552+08:00 DEBUG 37112 --- [threat-platform] [           main] o.s.jdbc.core.JdbcTemplate               : Executing prepared SQL update
2026-06-17T16:27:19.552+08:00 DEBUG 37112 --- [threat-platform] [           main] o.s.jdbc.core.JdbcTemplate               : Executing prepared SQL statement [INSERT INTO sys_role_permission (role_id, permission_id)
SELECT r.id, p.id
FROM sys_role r
JOIN sys_permission p ON p.permission_code = ?
WHERE r.role_code = ?
  AND NOT EXISTS (
    SELECT 1 FROM sys_role_permission rp
    WHERE rp.role_id = r.id AND rp.permission_id = p.id
)
]
2026-06-17T16:27:19.552+08:00 DEBUG 37112 --- [threat-platform] [           main] o.s.jdbc.core.JdbcTemplate               : Executing prepared SQL update
2026-06-17T16:27:19.552+08:00 DEBUG 37112 --- [threat-platform] [           main] o.s.jdbc.core.JdbcTemplate               : Executing prepared SQL statement [INSERT INTO sys_role_permission (role_id, permission_id)
SELECT r.id, p.id
FROM sys_role r
JOIN sys_permission p ON p.permission_code = ?
WHERE r.role_code = ?
  AND NOT EXISTS (
    SELECT 1 FROM sys_role_permission rp
    WHERE rp.role_id = r.id AND rp.permission_id = p.id
)
]
2026-06-17T16:27:19.553+08:00 DEBUG 37112 --- [threat-platform] [           main] o.s.jdbc.core.JdbcTemplate               : Executing prepared SQL update
2026-06-17T16:27:19.553+08:00 DEBUG 37112 --- [threat-platform] [           main] o.s.jdbc.core.JdbcTemplate               : Executing prepared SQL statement [INSERT INTO sys_role_permission (role_id, permission_id)
SELECT r.id, p.id
FROM sys_role r
JOIN sys_permission p ON p.permission_code = ?
WHERE r.role_code = ?
  AND NOT EXISTS (
    SELECT 1 FROM sys_role_permission rp
    WHERE rp.role_id = r.id AND rp.permission_id = p.id
)
]
2026-06-17T16:27:19.554+08:00 DEBUG 37112 --- [threat-platform] [           main] o.s.jdbc.core.JdbcTemplate               : Executing prepared SQL update
2026-06-17T16:27:19.554+08:00 DEBUG 37112 --- [threat-platform] [           main] o.s.jdbc.core.JdbcTemplate               : Executing prepared SQL statement [INSERT INTO sys_permission (permission_code, permission_name, permission_type, path, status)
SELECT ?, ?, 'API', ?, 1
WHERE NOT EXISTS (SELECT 1 FROM sys_permission WHERE permission_code = ?)
]
2026-06-17T16:27:19.554+08:00 DEBUG 37112 --- [threat-platform] [           main] o.s.jdbc.core.JdbcTemplate               : Executing prepared SQL update
2026-06-17T16:27:19.554+08:00 DEBUG 37112 --- [threat-platform] [           main] o.s.jdbc.core.JdbcTemplate               : Executing prepared SQL statement [INSERT INTO sys_permission (permission_code, permission_name, permission_type, path, status)
SELECT ?, ?, 'API', ?, 1
WHERE NOT EXISTS (SELECT 1 FROM sys_permission WHERE permission_code = ?)
]
2026-06-17T16:27:19.555+08:00 DEBUG 37112 --- [threat-platform] [           main] o.s.jdbc.core.JdbcTemplate               : Executing prepared SQL query
2026-06-17T16:27:19.555+08:00 DEBUG 37112 --- [threat-platform] [           main] o.s.jdbc.core.JdbcTemplate               : Executing prepared SQL statement [SELECT id FROM sys_permission WHERE permission_code = ?]
2026-06-17T16:27:19.555+08:00 DEBUG 37112 --- [threat-platform] [           main] o.s.jdbc.core.JdbcTemplate               : Executing prepared SQL query
2026-06-17T16:27:19.556+08:00 DEBUG 37112 --- [threat-platform] [           main] o.s.jdbc.core.JdbcTemplate               : Executing prepared SQL statement [SELECT id FROM sys_permission WHERE permission_code = ?]
2026-06-17T16:27:19.556+08:00 DEBUG 37112 --- [threat-platform] [           main] o.s.jdbc.core.JdbcTemplate               : Executing SQL query [SELECT COALESCE(MAX(sort_order), 0) FROM sys_menu]
2026-06-17T16:27:19.556+08:00 DEBUG 37112 --- [threat-platform] [           main] o.s.jdbc.core.JdbcTemplate               : Executing prepared SQL update
2026-06-17T16:27:19.557+08:00 DEBUG 37112 --- [threat-platform] [           main] o.s.jdbc.core.JdbcTemplate               : Executing prepared SQL statement [INSERT INTO sys_menu (menu_code, menu_name, menu_path, menu_icon, permission_id, sort_order, status, parent_id)
SELECT 'security_log_parent', '安全日志', '#', 'layui-icon-log', ?, ?, 1, NULL
WHERE NOT EXISTS (SELECT 1 FROM sys_menu WHERE menu_code = 'security_log_parent')
]
2026-06-17T16:27:19.557+08:00 DEBUG 37112 --- [threat-platform] [           main] o.s.jdbc.core.JdbcTemplate               : Executing prepared SQL query
2026-06-17T16:27:19.557+08:00 DEBUG 37112 --- [threat-platform] [           main] o.s.jdbc.core.JdbcTemplate               : Executing prepared SQL statement [SELECT id FROM sys_menu WHERE menu_code = ?]
2026-06-17T16:27:19.559+08:00 DEBUG 37112 --- [threat-platform] [           main] o.s.jdbc.core.JdbcTemplate               : Executing SQL query [SELECT COALESCE(MAX(sort_order), 0) FROM sys_menu]
2026-06-17T16:27:19.560+08:00 DEBUG 37112 --- [threat-platform] [           main] o.s.jdbc.core.JdbcTemplate               : Executing prepared SQL update
2026-06-17T16:27:19.560+08:00 DEBUG 37112 --- [threat-platform] [           main] o.s.jdbc.core.JdbcTemplate               : Executing prepared SQL statement [INSERT INTO sys_menu (menu_code, menu_name, menu_path, menu_icon, permission_id, sort_order, status, parent_id)
SELECT ?, ?, ?, ?, ?, ?, 1, ?
WHERE NOT EXISTS (SELECT 1 FROM sys_menu WHERE menu_code = ?)
]
2026-06-17T16:27:19.560+08:00 DEBUG 37112 --- [threat-platform] [           main] o.s.jdbc.core.JdbcTemplate               : Executing prepared SQL update
2026-06-17T16:27:19.561+08:00 DEBUG 37112 --- [threat-platform] [           main] o.s.jdbc.core.JdbcTemplate               : Executing prepared SQL statement [UPDATE sys_menu
SET parent_id = ?, menu_path = './pages/login-security-log.html', permission_id = ?
WHERE menu_code = 'login_security_log'
]
2026-06-17T16:27:19.561+08:00 DEBUG 37112 --- [threat-platform] [           main] o.s.jdbc.core.JdbcTemplate               : Executing SQL query [SELECT COALESCE(MAX(sort_order), 0) FROM sys_menu]
2026-06-17T16:27:19.562+08:00 DEBUG 37112 --- [threat-platform] [           main] o.s.jdbc.core.JdbcTemplate               : Executing prepared SQL update
2026-06-17T16:27:19.562+08:00 DEBUG 37112 --- [threat-platform] [           main] o.s.jdbc.core.JdbcTemplate               : Executing prepared SQL statement [INSERT INTO sys_menu (menu_code, menu_name, menu_path, menu_icon, permission_id, sort_order, status, parent_id)
SELECT ?, ?, ?, ?, ?, ?, 1, ?
WHERE NOT EXISTS (SELECT 1 FROM sys_menu WHERE menu_code = ?)
]
2026-06-17T16:27:19.562+08:00 DEBUG 37112 --- [threat-platform] [           main] o.s.jdbc.core.JdbcTemplate               : Executing prepared SQL update
2026-06-17T16:27:19.562+08:00 DEBUG 37112 --- [threat-platform] [           main] o.s.jdbc.core.JdbcTemplate               : Executing prepared SQL statement [UPDATE sys_menu
SET parent_id = ?, menu_path = './pages/account-change-log.html', permission_id = ?
WHERE menu_code = 'account_change_log'
]
2026-06-17T16:27:19.563+08:00 DEBUG 37112 --- [threat-platform] [           main] o.s.jdbc.core.JdbcTemplate               : Executing prepared SQL update
2026-06-17T16:27:19.563+08:00 DEBUG 37112 --- [threat-platform] [           main] o.s.jdbc.core.JdbcTemplate               : Executing prepared SQL statement [INSERT INTO sys_role_permission (role_id, permission_id)
SELECT r.id, p.id
FROM sys_role r
JOIN sys_permission p ON p.permission_code = ?
WHERE r.role_code = ?
  AND NOT EXISTS (
    SELECT 1 FROM sys_role_permission rp
    WHERE rp.role_id = r.id AND rp.permission_id = p.id
)
]
2026-06-17T16:27:19.564+08:00 DEBUG 37112 --- [threat-platform] [           main] o.s.jdbc.core.JdbcTemplate               : Executing prepared SQL update
2026-06-17T16:27:19.564+08:00 DEBUG 37112 --- [threat-platform] [           main] o.s.jdbc.core.JdbcTemplate               : Executing prepared SQL statement [INSERT INTO sys_role_permission (role_id, permission_id)
SELECT r.id, p.id
FROM sys_role r
JOIN sys_permission p ON p.permission_code = ?
WHERE r.role_code = ?
  AND NOT EXISTS (
    SELECT 1 FROM sys_role_permission rp
    WHERE rp.role_id = r.id AND rp.permission_id = p.id
)
]
2026-06-17T16:27:19.565+08:00 DEBUG 37112 --- [threat-platform] [           main] o.s.jdbc.core.JdbcTemplate               : Executing prepared SQL update
2026-06-17T16:27:19.565+08:00 DEBUG 37112 --- [threat-platform] [           main] o.s.jdbc.core.JdbcTemplate               : Executing prepared SQL statement [INSERT INTO sys_role_permission (role_id, permission_id)
SELECT r.id, p.id
FROM sys_role r
JOIN sys_permission p ON p.permission_code = ?
WHERE r.role_code = ?
  AND NOT EXISTS (
    SELECT 1 FROM sys_role_permission rp
    WHERE rp.role_id = r.id AND rp.permission_id = p.id
)
]
2026-06-17T16:27:19.566+08:00 DEBUG 37112 --- [threat-platform] [           main] o.s.jdbc.core.JdbcTemplate               : Executing prepared SQL update
2026-06-17T16:27:19.566+08:00 DEBUG 37112 --- [threat-platform] [           main] o.s.jdbc.core.JdbcTemplate               : Executing prepared SQL statement [INSERT INTO sys_role_permission (role_id, permission_id)
SELECT r.id, p.id
FROM sys_role r
JOIN sys_permission p ON p.permission_code = ?
WHERE r.role_code = ?
  AND NOT EXISTS (
    SELECT 1 FROM sys_role_permission rp
    WHERE rp.role_id = r.id AND rp.permission_id = p.id
)
]
2026-06-17T16:27:19.567+08:00 DEBUG 37112 --- [threat-platform] [           main] o.s.jdbc.core.JdbcTemplate               : Executing prepared SQL update
2026-06-17T16:27:19.567+08:00 DEBUG 37112 --- [threat-platform] [           main] o.s.jdbc.core.JdbcTemplate               : Executing prepared SQL statement [INSERT INTO sys_role_permission (role_id, permission_id)
SELECT r.id, p.id
FROM sys_role r
JOIN sys_permission p ON p.permission_code = ?
WHERE r.role_code = ?
  AND NOT EXISTS (
    SELECT 1 FROM sys_role_permission rp
    WHERE rp.role_id = r.id AND rp.permission_id = p.id
)
]
2026-06-17T16:27:19.568+08:00 DEBUG 37112 --- [threat-platform] [           main] o.s.jdbc.core.JdbcTemplate               : Executing prepared SQL update
2026-06-17T16:27:19.568+08:00 DEBUG 37112 --- [threat-platform] [           main] o.s.jdbc.core.JdbcTemplate               : Executing prepared SQL statement [INSERT INTO sys_role_permission (role_id, permission_id)
SELECT r.id, p.id
FROM sys_role r
JOIN sys_permission p ON p.permission_code = ?
WHERE r.role_code = ?
  AND NOT EXISTS (
    SELECT 1 FROM sys_role_permission rp
    WHERE rp.role_id = r.id AND rp.permission_id = p.id
)
]
2026-06-17T16:27:19.568+08:00 DEBUG 37112 --- [threat-platform] [           main] o.s.jdbc.core.JdbcTemplate               : Executing prepared SQL update
2026-06-17T16:27:19.569+08:00 DEBUG 37112 --- [threat-platform] [           main] o.s.jdbc.core.JdbcTemplate               : Executing prepared SQL statement [INSERT INTO sys_permission (permission_code, permission_name, permission_type, path, status)
SELECT ?, ?, 'API', ?, 1
WHERE NOT EXISTS (SELECT 1 FROM sys_permission WHERE permission_code = ?)
]
2026-06-17T16:27:19.569+08:00 DEBUG 37112 --- [threat-platform] [           main] o.s.jdbc.core.JdbcTemplate               : Executing prepared SQL query
2026-06-17T16:27:19.569+08:00 DEBUG 37112 --- [threat-platform] [           main] o.s.jdbc.core.JdbcTemplate               : Executing prepared SQL statement [SELECT id FROM sys_permission WHERE permission_code = ?]
2026-06-17T16:27:19.570+08:00 DEBUG 37112 --- [threat-platform] [           main] o.s.jdbc.core.JdbcTemplate               : Executing SQL query [SELECT COALESCE(MAX(sort_order), 0) FROM sys_menu]
2026-06-17T16:27:19.570+08:00 DEBUG 37112 --- [threat-platform] [           main] o.s.jdbc.core.JdbcTemplate               : Executing prepared SQL update
2026-06-17T16:27:19.570+08:00 DEBUG 37112 --- [threat-platform] [           main] o.s.jdbc.core.JdbcTemplate               : Executing prepared SQL statement [INSERT INTO sys_menu (menu_code, menu_name, menu_path, menu_icon, permission_id, sort_order, status, parent_id)
SELECT 'security_log_parent', '安全日志', '#', 'layui-icon-log', ?, ?, 1, NULL
WHERE NOT EXISTS (SELECT 1 FROM sys_menu WHERE menu_code = 'security_log_parent')
]
2026-06-17T16:27:19.571+08:00 DEBUG 37112 --- [threat-platform] [           main] o.s.jdbc.core.JdbcTemplate               : Executing prepared SQL query
2026-06-17T16:27:19.571+08:00 DEBUG 37112 --- [threat-platform] [           main] o.s.jdbc.core.JdbcTemplate               : Executing prepared SQL statement [SELECT id FROM sys_menu WHERE menu_code = ?]
2026-06-17T16:27:19.572+08:00 DEBUG 37112 --- [threat-platform] [           main] o.s.jdbc.core.JdbcTemplate               : Executing SQL query [SELECT COALESCE(MAX(sort_order), 0) FROM sys_menu]
2026-06-17T16:27:19.572+08:00 DEBUG 37112 --- [threat-platform] [           main] o.s.jdbc.core.JdbcTemplate               : Executing prepared SQL update
2026-06-17T16:27:19.573+08:00 DEBUG 37112 --- [threat-platform] [           main] o.s.jdbc.core.JdbcTemplate               : Executing prepared SQL statement [INSERT INTO sys_menu (menu_code, menu_name, menu_path, menu_icon, permission_id, sort_order, status, parent_id)
SELECT ?, ?, ?, ?, ?, ?, 1, ?
WHERE NOT EXISTS (SELECT 1 FROM sys_menu WHERE menu_code = ?)
]
2026-06-17T16:27:19.573+08:00 DEBUG 37112 --- [threat-platform] [           main] o.s.jdbc.core.JdbcTemplate               : Executing prepared SQL update
2026-06-17T16:27:19.573+08:00 DEBUG 37112 --- [threat-platform] [           main] o.s.jdbc.core.JdbcTemplate               : Executing prepared SQL statement [UPDATE sys_menu
SET parent_id = ?, menu_path = './pages/host-log.html', permission_id = ?
WHERE menu_code = 'host_log'
]
2026-06-17T16:27:19.575+08:00 DEBUG 37112 --- [threat-platform] [           main] o.s.jdbc.core.JdbcTemplate               : Executing prepared SQL update
2026-06-17T16:27:19.575+08:00 DEBUG 37112 --- [threat-platform] [           main] o.s.jdbc.core.JdbcTemplate               : Executing prepared SQL statement [INSERT INTO sys_role_permission (role_id, permission_id)
SELECT r.id, p.id
FROM sys_role r
JOIN sys_permission p ON p.permission_code = ?
WHERE r.role_code = ?
  AND NOT EXISTS (
    SELECT 1 FROM sys_role_permission rp
    WHERE rp.role_id = r.id AND rp.permission_id = p.id
)
]
2026-06-17T16:27:19.576+08:00 DEBUG 37112 --- [threat-platform] [           main] o.s.jdbc.core.JdbcTemplate               : Executing prepared SQL update
2026-06-17T16:27:19.576+08:00 DEBUG 37112 --- [threat-platform] [           main] o.s.jdbc.core.JdbcTemplate               : Executing prepared SQL statement [INSERT INTO sys_role_permission (role_id, permission_id)
SELECT r.id, p.id
FROM sys_role r
JOIN sys_permission p ON p.permission_code = ?
WHERE r.role_code = ?
  AND NOT EXISTS (
    SELECT 1 FROM sys_role_permission rp
    WHERE rp.role_id = r.id AND rp.permission_id = p.id
)
]
2026-06-17T16:27:19.577+08:00 DEBUG 37112 --- [threat-platform] [           main] o.s.jdbc.core.JdbcTemplate               : Executing prepared SQL update
2026-06-17T16:27:19.577+08:00 DEBUG 37112 --- [threat-platform] [           main] o.s.jdbc.core.JdbcTemplate               : Executing prepared SQL statement [INSERT INTO sys_role_permission (role_id, permission_id)
SELECT r.id, p.id
FROM sys_role r
JOIN sys_permission p ON p.permission_code = ?
WHERE r.role_code = ?
  AND NOT EXISTS (
    SELECT 1 FROM sys_role_permission rp
    WHERE rp.role_id = r.id AND rp.permission_id = p.id
)
]
2026-06-17T16:27:19.577+08:00 DEBUG 37112 --- [threat-platform] [           main] o.s.jdbc.core.JdbcTemplate               : Executing SQL statement [CREATE TABLE IF NOT EXISTS sys_menu (
    id BIGINT PRIMARY KEY AUTO_INCREMENT,
    menu_code VARCHAR(50) NOT NULL UNIQUE,
    menu_name VARCHAR(100) NOT NULL,
    menu_path VARCHAR(255) NOT NULL,
    menu_icon VARCHAR(100),
    permission_id BIGINT,
    parent_id BIGINT DEFAULT NULL,
    sort_order INT DEFAULT 0,
    status TINYINT DEFAULT 1
)
]
2026-06-17T16:27:19.578+08:00 DEBUG 37112 --- [threat-platform] [           main] o.s.jdbc.core.JdbcTemplate               : SQLWarning ignored: SQL state '42S01', error code '1050', message [Table 'sys_menu' already exists]
2026-06-17T16:27:19.578+08:00 DEBUG 37112 --- [threat-platform] [           main] o.s.jdbc.core.JdbcTemplate               : Executing SQL statement [ALTER TABLE sys_menu ADD COLUMN parent_id BIGINT DEFAULT NULL]
2026-06-17T16:27:19.583+08:00 DEBUG 37112 --- [threat-platform] [           main] o.s.jdbc.core.JdbcTemplate               : Executing prepared SQL update
2026-06-17T16:27:19.583+08:00 DEBUG 37112 --- [threat-platform] [           main] o.s.jdbc.core.JdbcTemplate               : Executing prepared SQL statement [INSERT INTO sys_menu (menu_code, menu_name, menu_path, menu_icon, permission_id, sort_order, status)
SELECT ?, ?, ?, ?, p.id, ?, 1
FROM sys_permission p
WHERE p.permission_code = ?
  AND NOT EXISTS (SELECT 1 FROM sys_menu WHERE menu_code = ?)
]
2026-06-17T16:27:19.584+08:00 DEBUG 37112 --- [threat-platform] [           main] o.s.jdbc.core.JdbcTemplate               : Executing prepared SQL update
2026-06-17T16:27:19.584+08:00 DEBUG 37112 --- [threat-platform] [           main] o.s.jdbc.core.JdbcTemplate               : Executing prepared SQL statement [INSERT INTO sys_menu (menu_code, menu_name, menu_path, menu_icon, permission_id, sort_order, status)
SELECT ?, ?, ?, ?, p.id, ?, 1
FROM sys_permission p
WHERE p.permission_code = ?
  AND NOT EXISTS (SELECT 1 FROM sys_menu WHERE menu_code = ?)
]
2026-06-17T16:27:19.584+08:00 DEBUG 37112 --- [threat-platform] [           main] o.s.jdbc.core.JdbcTemplate               : Executing prepared SQL update
2026-06-17T16:27:19.585+08:00 DEBUG 37112 --- [threat-platform] [           main] o.s.jdbc.core.JdbcTemplate               : Executing prepared SQL statement [INSERT INTO sys_menu (menu_code, menu_name, menu_path, menu_icon, permission_id, sort_order, status)
SELECT ?, ?, ?, ?, p.id, ?, 1
FROM sys_permission p
WHERE p.permission_code = ?
  AND NOT EXISTS (SELECT 1 FROM sys_menu WHERE menu_code = ?)
]
2026-06-17T16:27:19.585+08:00 DEBUG 37112 --- [threat-platform] [           main] o.s.jdbc.core.JdbcTemplate               : Executing prepared SQL update
2026-06-17T16:27:19.585+08:00 DEBUG 37112 --- [threat-platform] [           main] o.s.jdbc.core.JdbcTemplate               : Executing prepared SQL statement [INSERT INTO sys_menu (menu_code, menu_name, menu_path, menu_icon, permission_id, sort_order, status)
SELECT ?, ?, ?, ?, NULL, ?, 1
WHERE NOT EXISTS (SELECT 1 FROM sys_menu WHERE menu_code = ?)
]
2026-06-17T16:27:19.586+08:00 DEBUG 37112 --- [threat-platform] [           main] o.s.jdbc.core.JdbcTemplate               : Executing prepared SQL update
2026-06-17T16:27:19.586+08:00 DEBUG 37112 --- [threat-platform] [           main] o.s.jdbc.core.JdbcTemplate               : Executing prepared SQL statement [INSERT INTO sys_menu (menu_code, menu_name, menu_path, menu_icon, permission_id, sort_order, status)
SELECT ?, ?, ?, ?, p.id, ?, 1
FROM sys_permission p
WHERE p.permission_code = ?
  AND NOT EXISTS (SELECT 1 FROM sys_menu WHERE menu_code = ?)
]
2026-06-17T16:27:19.586+08:00 DEBUG 37112 --- [threat-platform] [           main] o.s.jdbc.core.JdbcTemplate               : Executing prepared SQL update
2026-06-17T16:27:19.587+08:00 DEBUG 37112 --- [threat-platform] [           main] o.s.jdbc.core.JdbcTemplate               : Executing prepared SQL statement [INSERT INTO sys_menu (menu_code, menu_name, menu_path, menu_icon, permission_id, sort_order, status)
SELECT ?, ?, ?, ?, p.id, ?, 1
FROM sys_permission p
WHERE p.permission_code = ?
  AND NOT EXISTS (SELECT 1 FROM sys_menu WHERE menu_code = ?)
]
2026-06-17T16:27:19.598+08:00  WARN 37112 --- [threat-platform] [           main] c.c.s.impl.PortFingerprintServiceImpl    : 端口指纹识别跳过: openPorts 不是数组 resultId=9
2026-06-17T16:27:19.600+08:00  INFO 37112 --- [threat-platform] [           main] c.c.s.impl.PortFingerprintServiceImpl    : 端口指纹历史回填完成: total=1, success=1
2026-06-17T16:27:19.624+08:00  INFO 37112 --- [threat-platform] [           main] c.c.s.impl.VulnRuleCacheServiceImpl      : 漏洞规则缓存加载完成: enabledRules=257, cacheKeys=187
2026-06-17T16:27:19.625+08:00 DEBUG 37112 --- [threat-platform] [           main] o.s.b.a.ApplicationAvailabilityBean      : Application availability state ReadinessState changed to ACCEPTING_TRAFFIC
2026-06-17T16:28:08.223+08:00  INFO 37112 --- [threat-platform] [ntContainer#7-1] c.c.s.impl.PortScanResultServiceImpl     : 收到端口采集消息: queue=port_scan_queue
2026-06-17T16:28:08.344+08:00  INFO 37112 --- [threat-platform] [ntContainer#7-1] c.c.s.impl.PortFingerprintServiceImpl    : 端口指纹识别完成: resultId=10, hostId=20383, taskId=port-scan-result-10, inventoryCount=60
2026-06-17T16:28:08.384+08:00  INFO 37112 --- [threat-platform] [ntContainer#7-1] c.c.s.impl.PortScanResultServiceImpl     : 端口采集结果已入库: queue=port_scan_queue, host=renaissance, mac=CC:5E:F8:A1:31:B3, openPortCount=60, scannedPortCount=65535, scanRange=full, taskId=null
2026-06-17T16:34:21.230+08:00  INFO 37112 --- [threat-platform] [ntContainer#7-1] c.c.s.impl.PortScanResultServiceImpl     : 收到端口采集消息: queue=port_scan_queue
2026-06-17T16:34:21.268+08:00  INFO 37112 --- [threat-platform] [ntContainer#7-1] c.c.s.impl.PortFingerprintServiceImpl    : 端口指纹识别完成: resultId=11, hostId=20383, taskId=port-scan-result-11, inventoryCount=61
2026-06-17T16:34:21.275+08:00  INFO 37112 --- [threat-platform] [ntContainer#7-1] c.c.s.impl.PortScanResultServiceImpl     : 端口采集结果已入库: queue=port_scan_queue, host=renaissance, mac=CC:5E:F8:A1:31:B3, openPortCount=61, scannedPortCount=65535, scanRange=full, taskId=null
2026-06-17T16:40:34.379+08:00  INFO 37112 --- [threat-platform] [ntContainer#7-1] c.c.s.impl.PortScanResultServiceImpl     : 收到端口采集消息: queue=port_scan_queue
2026-06-17T16:40:34.408+08:00  INFO 37112 --- [threat-platform] [ntContainer#7-1] c.c.s.impl.PortFingerprintServiceImpl    : 端口指纹识别完成: resultId=12, hostId=20383, taskId=port-scan-result-12, inventoryCount=62
2026-06-17T16:40:34.413+08:00  INFO 37112 --- [threat-platform] [ntContainer#7-1] c.c.s.impl.PortScanResultServiceImpl     : 端口采集结果已入库: queue=port_scan_queue, host=renaissance, mac=CC:5E:F8:A1:31:B3, openPortCount=62, scannedPortCount=65535, scanRange=full, taskId=null
2026-06-17T16:46:47.531+08:00  INFO 37112 --- [threat-platform] [ntContainer#7-1] c.c.s.impl.PortScanResultServiceImpl     : 收到端口采集消息: queue=port_scan_queue
2026-06-17T16:46:47.557+08:00  INFO 37112 --- [threat-platform] [ntContainer#7-1] c.c.s.impl.PortFingerprintServiceImpl    : 端口指纹识别完成: resultId=13, hostId=20383, taskId=port-scan-result-13, inventoryCount=71
2026-06-17T16:46:47.570+08:00  INFO 37112 --- [threat-platform] [ntContainer#7-1] c.c.s.impl.PortScanResultServiceImpl     : 端口采集结果已入库: queue=port_scan_queue, host=renaissance, mac=CC:5E:F8:A1:31:B3, openPortCount=71, scannedPortCount=65535, scanRange=full, taskId=null
2026-06-17T16:59:12.436+08:00  INFO 37112 --- [threat-platform] [ntContainer#7-1] c.c.s.impl.PortScanResultServiceImpl     : 收到端口采集消息: queue=port_scan_queue
2026-06-17T16:59:12.466+08:00  INFO 37112 --- [threat-platform] [ntContainer#7-1] c.c.s.impl.PortFingerprintServiceImpl    : 端口指纹识别完成: resultId=15, hostId=20383, taskId=port-scan-result-15, inventoryCount=71
2026-06-17T16:59:12.471+08:00  INFO 37112 --- [threat-platform] [ntContainer#7-1] c.c.s.impl.PortScanResultServiceImpl     : 端口采集结果已入库: queue=port_scan_queue, host=renaissance, mac=CC:5E:F8:A1:31:B3, openPortCount=71, scannedPortCount=65535, scanRange=full, taskId=null
2026-06-17T17:05:25.311+08:00  INFO 37112 --- [threat-platform] [ntContainer#7-1] c.c.s.impl.PortScanResultServiceImpl     : 收到端口采集消息: queue=port_scan_queue
2026-06-17T17:05:25.342+08:00  INFO 37112 --- [threat-platform] [ntContainer#7-1] c.c.s.impl.PortFingerprintServiceImpl    : 端口指纹识别完成: resultId=16, hostId=20383, taskId=port-scan-result-16, inventoryCount=70
2026-06-17T17:05:25.349+08:00  INFO 37112 --- [threat-platform] [ntContainer#7-1] c.c.s.impl.PortScanResultServiceImpl     : 端口采集结果已入库: queue=port_scan_queue, host=renaissance, mac=CC:5E:F8:A1:31:B3, openPortCount=70, scannedPortCount=65535, scanRange=full, taskId=null
2026-06-17T17:11:38.333+08:00  INFO 37112 --- [threat-platform] [ntContainer#7-1] c.c.s.impl.PortScanResultServiceImpl     : 收到端口采集消息: queue=port_scan_queue
2026-06-17T17:11:38.355+08:00  INFO 37112 --- [threat-platform] [ntContainer#7-1] c.c.s.impl.PortFingerprintServiceImpl    : 端口指纹识别完成: resultId=17, hostId=20383, taskId=port-scan-result-17, inventoryCount=62
2026-06-17T17:11:38.362+08:00  INFO 37112 --- [threat-platform] [ntContainer#7-1] c.c.s.impl.PortScanResultServiceImpl     : 端口采集结果已入库: queue=port_scan_queue, host=renaissance, mac=CC:5E:F8:A1:31:B3, openPortCount=62, scannedPortCount=65535, scanRange=full, taskId=null
2026-06-17T17:17:51.347+08:00  INFO 37112 --- [threat-platform] [ntContainer#7-1] c.c.s.impl.PortScanResultServiceImpl     : 收到端口采集消息: queue=port_scan_queue
2026-06-17T17:17:51.370+08:00  INFO 37112 --- [threat-platform] [ntContainer#7-1] c.c.s.impl.PortFingerprintServiceImpl    : 端口指纹识别完成: resultId=18, hostId=20383, taskId=port-scan-result-18, inventoryCount=62
2026-06-17T17:17:51.379+08:00  INFO 37112 --- [threat-platform] [ntContainer#7-1] c.c.s.impl.PortScanResultServiceImpl     : 端口采集结果已入库: queue=port_scan_queue, host=renaissance, mac=CC:5E:F8:A1:31:B3, openPortCount=62, scannedPortCount=65535, scanRange=full, taskId=null
2026-06-17T17:24:04.278+08:00  INFO 37112 --- [threat-platform] [ntContainer#7-1] c.c.s.impl.PortScanResultServiceImpl     : 收到端口采集消息: queue=port_scan_queue
2026-06-17T17:24:04.302+08:00  INFO 37112 --- [threat-platform] [ntContainer#7-1] c.c.s.impl.PortFingerprintServiceImpl    : 端口指纹识别完成: resultId=19, hostId=20383, taskId=port-scan-result-19, inventoryCount=67
2026-06-17T17:24:04.309+08:00  INFO 37112 --- [threat-platform] [ntContainer#7-1] c.c.s.impl.PortScanResultServiceImpl     : 端口采集结果已入库: queue=port_scan_queue, host=renaissance, mac=CC:5E:F8:A1:31:B3, openPortCount=67, scannedPortCount=65535, scanRange=full, taskId=null
2026-06-17T17:30:17.511+08:00  INFO 37112 --- [threat-platform] [ntContainer#7-1] c.c.s.impl.PortScanResultServiceImpl     : 收到端口采集消息: queue=port_scan_queue
2026-06-17T17:30:17.541+08:00  INFO 37112 --- [threat-platform] [ntContainer#7-1] c.c.s.impl.PortFingerprintServiceImpl    : 端口指纹识别完成: resultId=20, hostId=20383, taskId=port-scan-result-20, inventoryCount=62
2026-06-17T17:30:17.546+08:00  INFO 37112 --- [threat-platform] [ntContainer#7-1] c.c.s.impl.PortScanResultServiceImpl     : 端口采集结果已入库: queue=port_scan_queue, host=renaissance, mac=CC:5E:F8:A1:31:B3, openPortCount=62, scannedPortCount=65535, scanRange=full, taskId=null
2026-06-17T17:36:30.852+08:00  INFO 37112 --- [threat-platform] [ntContainer#7-1] c.c.s.impl.PortScanResultServiceImpl     : 收到端口采集消息: queue=port_scan_queue
2026-06-17T17:36:30.880+08:00  INFO 37112 --- [threat-platform] [ntContainer#7-1] c.c.s.impl.PortFingerprintServiceImpl    : 端口指纹识别完成: resultId=21, hostId=20383, taskId=port-scan-result-21, inventoryCount=63
2026-06-17T17:36:30.886+08:00  INFO 37112 --- [threat-platform] [ntContainer#7-1] c.c.s.impl.PortScanResultServiceImpl     : 端口采集结果已入库: queue=port_scan_queue, host=renaissance, mac=CC:5E:F8:A1:31:B3, openPortCount=63, scannedPortCount=65535, scanRange=full, taskId=null
2026-06-17T17:42:44.087+08:00  INFO 37112 --- [threat-platform] [ntContainer#7-1] c.c.s.impl.PortScanResultServiceImpl     : 收到端口采集消息: queue=port_scan_queue
2026-06-17T17:42:44.115+08:00  INFO 37112 --- [threat-platform] [ntContainer#7-1] c.c.s.impl.PortFingerprintServiceImpl    : 端口指纹识别完成: resultId=22, hostId=20383, taskId=port-scan-result-22, inventoryCount=61
2026-06-17T17:42:44.121+08:00  INFO 37112 --- [threat-platform] [ntContainer#7-1] c.c.s.impl.PortScanResultServiceImpl     : 端口采集结果已入库: queue=port_scan_queue, host=renaissance, mac=CC:5E:F8:A1:31:B3, openPortCount=61, scannedPortCount=65535, scanRange=full, taskId=null
2026-06-17T17:48:57.151+08:00  INFO 37112 --- [threat-platform] [ntContainer#7-1] c.c.s.impl.PortScanResultServiceImpl     : 收到端口采集消息: queue=port_scan_queue
2026-06-17T17:48:57.173+08:00  INFO 37112 --- [threat-platform] [ntContainer#7-1] c.c.s.impl.PortFingerprintServiceImpl    : 端口指纹识别完成: resultId=23, hostId=20383, taskId=port-scan-result-23, inventoryCount=63
2026-06-17T17:48:57.179+08:00  INFO 37112 --- [threat-platform] [ntContainer#7-1] c.c.s.impl.PortScanResultServiceImpl     : 端口采集结果已入库: queue=port_scan_queue, host=renaissance, mac=CC:5E:F8:A1:31:B3, openPortCount=63, scannedPortCount=65535, scanRange=full, taskId=null
2026-06-17T17:55:10.529+08:00  INFO 37112 --- [threat-platform] [ntContainer#7-1] c.c.s.impl.PortScanResultServiceImpl     : 收到端口采集消息: queue=port_scan_queue
2026-06-17T17:55:10.566+08:00  INFO 37112 --- [threat-platform] [ntContainer#7-1] c.c.s.impl.PortFingerprintServiceImpl    : 端口指纹识别完成: resultId=24, hostId=20383, taskId=port-scan-result-24, inventoryCount=66
2026-06-17T17:55:10.573+08:00  INFO 37112 --- [threat-platform] [ntContainer#7-1] c.c.s.impl.PortScanResultServiceImpl     : 端口采集结果已入库: queue=port_scan_queue, host=renaissance, mac=CC:5E:F8:A1:31:B3, openPortCount=66, scannedPortCount=65535, scanRange=full, taskId=null
2026-06-17T18:01:23.236+08:00  INFO 37112 --- [threat-platform] [ntContainer#7-1] c.c.s.impl.PortScanResultServiceImpl     : 收到端口采集消息: queue=port_scan_queue
2026-06-17T18:01:23.268+08:00  INFO 37112 --- [threat-platform] [ntContainer#7-1] c.c.s.impl.PortFingerprintServiceImpl    : 端口指纹识别完成: resultId=25, hostId=20383, taskId=port-scan-result-25, inventoryCount=61
2026-06-17T18:01:23.274+08:00  INFO 37112 --- [threat-platform] [ntContainer#7-1] c.c.s.impl.PortScanResultServiceImpl     : 端口采集结果已入库: queue=port_scan_queue, host=renaissance, mac=CC:5E:F8:A1:31:B3, openPortCount=61, scannedPortCount=65535, scanRange=full, taskId=null
2026-06-17T18:07:36.157+08:00  INFO 37112 --- [threat-platform] [ntContainer#7-1] c.c.s.impl.PortScanResultServiceImpl     : 收到端口采集消息: queue=port_scan_queue
2026-06-17T18:07:36.191+08:00  INFO 37112 --- [threat-platform] [ntContainer#7-1] c.c.s.impl.PortFingerprintServiceImpl    : 端口指纹识别完成: resultId=26, hostId=20383, taskId=port-scan-result-26, inventoryCount=78
2026-06-17T18:07:36.196+08:00  INFO 37112 --- [threat-platform] [ntContainer#7-1] c.c.s.impl.PortScanResultServiceImpl     : 端口采集结果已入库: queue=port_scan_queue, host=renaissance, mac=CC:5E:F8:A1:31:B3, openPortCount=78, scannedPortCount=65535, scanRange=full, taskId=null
2026-06-17T18:13:48.906+08:00  INFO 37112 --- [threat-platform] [ntContainer#7-1] c.c.s.impl.PortScanResultServiceImpl     : 收到端口采集消息: queue=port_scan_queue
2026-06-17T18:13:48.935+08:00  INFO 37112 --- [threat-platform] [ntContainer#7-1] c.c.s.impl.PortFingerprintServiceImpl    : 端口指纹识别完成: resultId=27, hostId=20383, taskId=port-scan-result-27, inventoryCount=62
2026-06-17T18:13:48.941+08:00  INFO 37112 --- [threat-platform] [ntContainer#7-1] c.c.s.impl.PortScanResultServiceImpl     : 端口采集结果已入库: queue=port_scan_queue, host=renaissance, mac=CC:5E:F8:A1:31:B3, openPortCount=62, scannedPortCount=65535, scanRange=full, taskId=null
2026-06-17T18:20:02.502+08:00  INFO 37112 --- [threat-platform] [ntContainer#7-1] c.c.s.impl.PortScanResultServiceImpl     : 收到端口采集消息: queue=port_scan_queue
2026-06-17T18:20:02.544+08:00  INFO 37112 --- [threat-platform] [ntContainer#7-1] c.c.s.impl.PortFingerprintServiceImpl    : 端口指纹识别完成: resultId=28, hostId=20383, taskId=port-scan-result-28, inventoryCount=85
2026-06-17T18:20:02.550+08:00  INFO 37112 --- [threat-platform] [ntContainer#7-1] c.c.s.impl.PortScanResultServiceImpl     : 端口采集结果已入库: queue=port_scan_queue, host=renaissance, mac=CC:5E:F8:A1:31:B3, openPortCount=85, scannedPortCount=65535, scanRange=full, taskId=null
2026-06-17T18:26:15.408+08:00  INFO 37112 --- [threat-platform] [ntContainer#7-1] c.c.s.impl.PortScanResultServiceImpl     : 收到端口采集消息: queue=port_scan_queue
2026-06-17T18:26:15.433+08:00  INFO 37112 --- [threat-platform] [ntContainer#7-1] c.c.s.impl.PortFingerprintServiceImpl    : 端口指纹识别完成: resultId=29, hostId=20383, taskId=port-scan-result-29, inventoryCount=63
2026-06-17T18:26:15.441+08:00  INFO 37112 --- [threat-platform] [ntContainer#7-1] c.c.s.impl.PortScanResultServiceImpl     : 端口采集结果已入库: queue=port_scan_queue, host=renaissance, mac=CC:5E:F8:A1:31:B3, openPortCount=63, scannedPortCount=65535, scanRange=full, taskId=null
2026-06-17T18:38:40.661+08:00  INFO 37112 --- [threat-platform] [ntContainer#7-1] c.c.s.impl.PortScanResultServiceImpl     : 收到端口采集消息: queue=port_scan_queue
2026-06-17T18:38:40.692+08:00  INFO 37112 --- [threat-platform] [ntContainer#7-1] c.c.s.impl.PortFingerprintServiceImpl    : 端口指纹识别完成: resultId=31, hostId=20383, taskId=port-scan-result-31, inventoryCount=63
2026-06-17T18:38:40.699+08:00  INFO 37112 --- [threat-platform] [ntContainer#7-1] c.c.s.impl.PortScanResultServiceImpl     : 端口采集结果已入库: queue=port_scan_queue, host=renaissance, mac=CC:5E:F8:A1:31:B3, openPortCount=63, scannedPortCount=65535, scanRange=full, taskId=null
2026-06-17T18:51:06.138+08:00  INFO 37112 --- [threat-platform] [ntContainer#7-1] c.c.s.impl.PortScanResultServiceImpl     : 收到端口采集消息: queue=port_scan_queue
2026-06-17T18:51:06.162+08:00  INFO 37112 --- [threat-platform] [ntContainer#7-1] c.c.s.impl.PortFingerprintServiceImpl    : 端口指纹识别完成: resultId=33, hostId=20383, taskId=port-scan-result-33, inventoryCount=71
2026-06-17T18:51:06.171+08:00  INFO 37112 --- [threat-platform] [ntContainer#7-1] c.c.s.impl.PortScanResultServiceImpl     : 端口采集结果已入库: queue=port_scan_queue, host=renaissance, mac=CC:5E:F8:A1:31:B3, openPortCount=71, scannedPortCount=65535, scanRange=full, taskId=null
2026-06-17T18:52:48.444+08:00  INFO 37112 --- [threat-platform] [   scheduling-1] com.cd.task.HostStatusScheduler          : 离线检测：已将 1 台主机标记为离线
2026-06-17T19:03:00.305+08:00  WARN 37112 --- [threat-platform] [5.139.242:15333] c.r.c.impl.ForgivingExceptionHandler     : An unexpected connection driver error occurred (Exception message: Connection reset)
2026-06-17T19:03:01.277+08:00  INFO 37112 --- [threat-platform] [ntContainer#3-1] o.s.a.r.l.SimpleMessageListenerContainer : Restarting Consumer@1c36ab22: tags=[[amq.ctag-skhTZ_8tow9oLLnuIclRmQ]], channel=Cached Rabbit Channel: AMQChannel(amqp://admin@139.155.139.242:15333/my_vhost,6), conn: Proxy@41c88e00 Shared Rabbit Connection: SimpleConnection@1bb0fa38 [delegate=amqp://admin@139.155.139.242:15333/my_vhost, localPort=50536], acknowledgeMode=AUTO local queue size=0
2026-06-17T19:03:01.277+08:00  INFO 37112 --- [threat-platform] [ntContainer#7-1] o.s.a.r.l.SimpleMessageListenerContainer : Restarting Consumer@1cda75be: tags=[[amq.ctag-Y7jbbDe9sDychwQpDvaUWQ]], channel=Cached Rabbit Channel: AMQChannel(amqp://admin@139.155.139.242:15333/my_vhost,10), conn: Proxy@41c88e00 Shared Rabbit Connection: SimpleConnection@1bb0fa38 [delegate=amqp://admin@139.155.139.242:15333/my_vhost, localPort=50536], acknowledgeMode=AUTO local queue size=0
2026-06-17T19:03:01.317+08:00  INFO 37112 --- [threat-platform] [ntContainer#8-1] o.s.a.r.l.SimpleMessageListenerContainer : Restarting Consumer@7b1d2f65: tags=[[amq.ctag-ySxst9QKaiFFXuOZMEnADQ]], channel=Cached Rabbit Channel: AMQChannel(amqp://admin@139.155.139.242:15333/my_vhost,11), conn: Proxy@41c88e00 Shared Rabbit Connection: SimpleConnection@1bb0fa38 [delegate=amqp://admin@139.155.139.242:15333/my_vhost, localPort=50536], acknowledgeMode=AUTO local queue size=0
2026-06-17T19:03:01.335+08:00  INFO 37112 --- [threat-platform] [ntContainer#3-2] o.s.a.r.c.CachingConnectionFactory       : Attempting to connect to: [139.155.139.242:15333]
2026-06-17T19:03:01.372+08:00  INFO 37112 --- [threat-platform] [ntContainer#7-2] o.s.a.r.c.CachingConnectionFactory       : Attempting to connect to: [139.155.139.242:15333]
2026-06-17T19:03:01.374+08:00  INFO 37112 --- [threat-platform] [ntContainer#8-2] o.s.a.r.c.CachingConnectionFactory       : Attempting to connect to: [139.155.139.242:15333]
2026-06-17T19:03:01.387+08:00  INFO 37112 --- [threat-platform] [ntContainer#0-1] o.s.a.r.l.SimpleMessageListenerContainer : Restarting Consumer@70f76276: tags=[[amq.ctag-I0W4s7ojS5paejsUHQn1bw]], channel=Cached Rabbit Channel: AMQChannel(amqp://admin@139.155.139.242:15333/my_vhost,3), conn: Proxy@41c88e00 Shared Rabbit Connection: null, acknowledgeMode=AUTO local queue size=0
2026-06-17T19:03:01.387+08:00  INFO 37112 --- [threat-platform] [ntContainer#4-1] o.s.a.r.l.SimpleMessageListenerContainer : Restarting Consumer@2ec23ec3: tags=[[amq.ctag-MVH1Z-EFJ3lshBZ9f4yWDg]], channel=Cached Rabbit Channel: AMQChannel(amqp://admin@139.155.139.242:15333/my_vhost,7), conn: Proxy@41c88e00 Shared Rabbit Connection: null, acknowledgeMode=AUTO local queue size=0
2026-06-17T19:03:01.392+08:00  INFO 37112 --- [threat-platform] [ntContainer#0-2] o.s.a.r.c.CachingConnectionFactory       : Attempting to connect to: [139.155.139.242:15333]
2026-06-17T19:03:01.436+08:00  INFO 37112 --- [threat-platform] [tContainer#10-1] o.s.a.r.l.SimpleMessageListenerContainer : Restarting Consumer@368ff8be: tags=[[amq.ctag-346XfKzsK8YBWOpgO2afMA]], channel=Cached Rabbit Channel: AMQChannel(amqp://admin@139.155.139.242:15333/my_vhost,2), conn: Proxy@41c88e00 Shared Rabbit Connection: null, acknowledgeMode=MANUAL local queue size=0
2026-06-17T19:03:01.436+08:00  INFO 37112 --- [threat-platform] [tContainer#10-2] o.s.a.r.l.SimpleMessageListenerContainer : Restarting Consumer@41bbdd8a: tags=[[amq.ctag-hU6DP7FIHQKCip1Mjx49Nw]], channel=Cached Rabbit Channel: AMQChannel(amqp://admin@139.155.139.242:15333/my_vhost,1), conn: Proxy@41c88e00 Shared Rabbit Connection: null, acknowledgeMode=MANUAL local queue size=0
2026-06-17T19:03:01.437+08:00  INFO 37112 --- [threat-platform] [ntContainer#2-1] o.s.a.r.l.SimpleMessageListenerContainer : Restarting Consumer@17ea3bc0: tags=[[amq.ctag-khJnhvgQaQgplD_SpcVYOw]], channel=Cached Rabbit Channel: AMQChannel(amqp://admin@139.155.139.242:15333/my_vhost,5), conn: Proxy@41c88e00 Shared Rabbit Connection: null, acknowledgeMode=AUTO local queue size=0
2026-06-17T19:03:01.372+08:00 ERROR 37112 --- [threat-platform] [ntContainer#3-2] o.s.a.r.l.SimpleMessageListenerContainer : Failed to check/redeclare auto-delete queue(s).

org.springframework.amqp.AmqpIOException: java.net.SocketException: Network is unreachable: no further information
	at org.springframework.amqp.rabbit.support.RabbitExceptionTranslator.convertRabbitAccessException(RabbitExceptionTranslator.java:70) ~[spring-rabbit-3.1.5.jar!/:3.1.5]
	at org.springframework.amqp.rabbit.connection.AbstractConnectionFactory.createBareConnection(AbstractConnectionFactory.java:622) ~[spring-rabbit-3.1.5.jar!/:3.1.5]
	at org.springframework.amqp.rabbit.connection.CachingConnectionFactory.createConnection(CachingConnectionFactory.java:726) ~[spring-rabbit-3.1.5.jar!/:3.1.5]
	at org.springframework.amqp.rabbit.connection.CachingConnectionFactory.createBareChannel(CachingConnectionFactory.java:671) ~[spring-rabbit-3.1.5.jar!/:3.1.5]
	at org.springframework.amqp.rabbit.connection.CachingConnectionFactory.getCachedChannelProxy(CachingConnectionFactory.java:644) ~[spring-rabbit-3.1.5.jar!/:3.1.5]
	at org.springframework.amqp.rabbit.connection.CachingConnectionFactory.getChannel(CachingConnectionFactory.java:533) ~[spring-rabbit-3.1.5.jar!/:3.1.5]
	at org.springframework.amqp.rabbit.connection.CachingConnectionFactory$ChannelCachingConnectionProxy.createChannel(CachingConnectionFactory.java:1486) ~[spring-rabbit-3.1.5.jar!/:3.1.5]
	at org.springframework.amqp.rabbit.core.RabbitTemplate.doExecute(RabbitTemplate.java:2255) ~[spring-rabbit-3.1.5.jar!/:3.1.5]
	at org.springframework.amqp.rabbit.core.RabbitTemplate.execute(RabbitTemplate.java:2222) ~[spring-rabbit-3.1.5.jar!/:3.1.5]
	at org.springframework.amqp.rabbit.core.RabbitTemplate.execute(RabbitTemplate.java:2202) ~[spring-rabbit-3.1.5.jar!/:3.1.5]
	at org.springframework.amqp.rabbit.core.RabbitAdmin.getQueueInfo(RabbitAdmin.java:467) ~[spring-rabbit-3.1.5.jar!/:3.1.5]
	at org.springframework.amqp.rabbit.core.RabbitAdmin.getQueueProperties(RabbitAdmin.java:451) ~[spring-rabbit-3.1.5.jar!/:3.1.5]
	at org.springframework.amqp.rabbit.listener.AbstractMessageListenerContainer.attemptDeclarations(AbstractMessageListenerContainer.java:1960) ~[spring-rabbit-3.1.5.jar!/:3.1.5]
	at org.springframework.amqp.rabbit.listener.AbstractMessageListenerContainer.redeclareElementsIfNecessary(AbstractMessageListenerContainer.java:1924) ~[spring-rabbit-3.1.5.jar!/:3.1.5]
	at org.springframework.amqp.rabbit.listener.SimpleMessageListenerContainer$AsyncMessageProcessingConsumer.initialize(SimpleMessageListenerContainer.java:1478) ~[spring-rabbit-3.1.5.jar!/:3.1.5]
	at org.springframework.amqp.rabbit.listener.SimpleMessageListenerContainer$AsyncMessageProcessingConsumer.run(SimpleMessageListenerContainer.java:1320) ~[spring-rabbit-3.1.5.jar!/:3.1.5]
	at java.base/java.lang.Thread.run(Thread.java:833) ~[na:na]
Caused by: java.net.SocketException: Network is unreachable: no further information
	at java.base/sun.nio.ch.Net.pollConnect(Native Method) ~[na:na]
	at java.base/sun.nio.ch.Net.pollConnectNow(Net.java:672) ~[na:na]
	at java.base/sun.nio.ch.NioSocketImpl.timedFinishConnect(NioSocketImpl.java:542) ~[na:na]
	at java.base/sun.nio.ch.NioSocketImpl.connect(NioSocketImpl.java:597) ~[na:na]
	at java.base/java.net.SocksSocketImpl.connect(SocksSocketImpl.java:327) ~[na:na]
	at java.base/java.net.Socket.connect(Socket.java:633) ~[na:na]
	at com.rabbitmq.client.impl.SocketFrameHandlerFactory.create(SocketFrameHandlerFactory.java:61) ~[amqp-client-5.21.0.jar!/:5.21.0]
	at com.rabbitmq.client.ConnectionFactory.newConnection(ConnectionFactory.java:1249) ~[amqp-client-5.21.0.jar!/:5.21.0]
	at com.rabbitmq.client.ConnectionFactory.newConnection(ConnectionFactory.java:1198) ~[amqp-client-5.21.0.jar!/:5.21.0]
	at org.springframework.amqp.rabbit.connection.AbstractConnectionFactory.connectAddresses(AbstractConnectionFactory.java:668) ~[spring-rabbit-3.1.5.jar!/:3.1.5]
	at org.springframework.amqp.rabbit.connection.AbstractConnectionFactory.connect(AbstractConnectionFactory.java:637) ~[spring-rabbit-3.1.5.jar!/:3.1.5]
	at org.springframework.amqp.rabbit.connection.AbstractConnectionFactory.createBareConnection(AbstractConnectionFactory.java:584) ~[spring-rabbit-3.1.5.jar!/:3.1.5]
	... 15 common frames omitted

2026-06-17T19:03:01.376+08:00 ERROR 37112 --- [threat-platform] [ntContainer#8-2] o.s.a.r.l.SimpleMessageListenerContainer : Failed to check/redeclare auto-delete queue(s).

org.springframework.amqp.AmqpIOException: java.net.SocketException: Network is unreachable: no further information
	at org.springframework.amqp.rabbit.support.RabbitExceptionTranslator.convertRabbitAccessException(RabbitExceptionTranslator.java:70) ~[spring-rabbit-3.1.5.jar!/:3.1.5]
	at org.springframework.amqp.rabbit.connection.AbstractConnectionFactory.createBareConnection(AbstractConnectionFactory.java:622) ~[spring-rabbit-3.1.5.jar!/:3.1.5]
	at org.springframework.amqp.rabbit.connection.CachingConnectionFactory.createConnection(CachingConnectionFactory.java:726) ~[spring-rabbit-3.1.5.jar!/:3.1.5]
	at org.springframework.amqp.rabbit.connection.ConnectionFactoryUtils.createConnection(ConnectionFactoryUtils.java:257) ~[spring-rabbit-3.1.5.jar!/:3.1.5]
	at org.springframework.amqp.rabbit.core.RabbitTemplate.doExecute(RabbitTemplate.java:2249) ~[spring-rabbit-3.1.5.jar!/:3.1.5]
	at org.springframework.amqp.rabbit.core.RabbitTemplate.execute(RabbitTemplate.java:2222) ~[spring-rabbit-3.1.5.jar!/:3.1.5]
	at org.springframework.amqp.rabbit.core.RabbitTemplate.execute(RabbitTemplate.java:2202) ~[spring-rabbit-3.1.5.jar!/:3.1.5]
	at org.springframework.amqp.rabbit.core.RabbitAdmin.getQueueInfo(RabbitAdmin.java:467) ~[spring-rabbit-3.1.5.jar!/:3.1.5]
	at org.springframework.amqp.rabbit.core.RabbitAdmin.getQueueProperties(RabbitAdmin.java:451) ~[spring-rabbit-3.1.5.jar!/:3.1.5]
	at org.springframework.amqp.rabbit.listener.AbstractMessageListenerContainer.attemptDeclarations(AbstractMessageListenerContainer.java:1960) ~[spring-rabbit-3.1.5.jar!/:3.1.5]
	at org.springframework.amqp.rabbit.listener.AbstractMessageListenerContainer.redeclareElementsIfNecessary(AbstractMessageListenerContainer.java:1924) ~[spring-rabbit-3.1.5.jar!/:3.1.5]
	at org.springframework.amqp.rabbit.listener.SimpleMessageListenerContainer$AsyncMessageProcessingConsumer.initialize(SimpleMessageListenerContainer.java:1478) ~[spring-rabbit-3.1.5.jar!/:3.1.5]
	at org.springframework.amqp.rabbit.listener.SimpleMessageListenerContainer$AsyncMessageProcessingConsumer.run(SimpleMessageListenerContainer.java:1320) ~[spring-rabbit-3.1.5.jar!/:3.1.5]
	at java.base/java.lang.Thread.run(Thread.java:833) ~[na:na]
Caused by: java.net.SocketException: Network is unreachable: no further information
	at java.base/sun.nio.ch.Net.pollConnect(Native Method) ~[na:na]
	at java.base/sun.nio.ch.Net.pollConnectNow(Net.java:672) ~[na:na]
	at java.base/sun.nio.ch.NioSocketImpl.timedFinishConnect(NioSocketImpl.java:542) ~[na:na]
	at java.base/sun.nio.ch.NioSocketImpl.connect(NioSocketImpl.java:597) ~[na:na]
	at java.base/java.net.SocksSocketImpl.connect(SocksSocketImpl.java:327) ~[na:na]
	at java.base/java.net.Socket.connect(Socket.java:633) ~[na:na]
	at com.rabbitmq.client.impl.SocketFrameHandlerFactory.create(SocketFrameHandlerFactory.java:61) ~[amqp-client-5.21.0.jar!/:5.21.0]
	at com.rabbitmq.client.ConnectionFactory.newConnection(ConnectionFactory.java:1249) ~[amqp-client-5.21.0.jar!/:5.21.0]
	at com.rabbitmq.client.ConnectionFactory.newConnection(ConnectionFactory.java:1198) ~[amqp-client-5.21.0.jar!/:5.21.0]
	at org.springframework.amqp.rabbit.connection.AbstractConnectionFactory.connectAddresses(AbstractConnectionFactory.java:668) ~[spring-rabbit-3.1.5.jar!/:3.1.5]
	at org.springframework.amqp.rabbit.connection.AbstractConnectionFactory.connect(AbstractConnectionFactory.java:637) ~[spring-rabbit-3.1.5.jar!/:3.1.5]
	at org.springframework.amqp.rabbit.connection.AbstractConnectionFactory.createBareConnection(AbstractConnectionFactory.java:584) ~[spring-rabbit-3.1.5.jar!/:3.1.5]
	... 12 common frames omitted

2026-06-17T19:03:01.432+08:00 ERROR 37112 --- [threat-platform] [ntContainer#0-2] o.s.a.r.l.SimpleMessageListenerContainer : Failed to check/redeclare auto-delete queue(s).

org.springframework.amqp.AmqpIOException: java.net.SocketException: Network is unreachable: no further information
	at org.springframework.amqp.rabbit.support.RabbitExceptionTranslator.convertRabbitAccessException(RabbitExceptionTranslator.java:70) ~[spring-rabbit-3.1.5.jar!/:3.1.5]
	at org.springframework.amqp.rabbit.connection.AbstractConnectionFactory.createBareConnection(AbstractConnectionFactory.java:622) ~[spring-rabbit-3.1.5.jar!/:3.1.5]
	at org.springframework.amqp.rabbit.connection.CachingConnectionFactory.createConnection(CachingConnectionFactory.java:726) ~[spring-rabbit-3.1.5.jar!/:3.1.5]
	at org.springframework.amqp.rabbit.connection.ConnectionFactoryUtils.createConnection(ConnectionFactoryUtils.java:257) ~[spring-rabbit-3.1.5.jar!/:3.1.5]
	at org.springframework.amqp.rabbit.core.RabbitTemplate.doExecute(RabbitTemplate.java:2249) ~[spring-rabbit-3.1.5.jar!/:3.1.5]
	at org.springframework.amqp.rabbit.core.RabbitTemplate.execute(RabbitTemplate.java:2222) ~[spring-rabbit-3.1.5.jar!/:3.1.5]
	at org.springframework.amqp.rabbit.core.RabbitTemplate.execute(RabbitTemplate.java:2202) ~[spring-rabbit-3.1.5.jar!/:3.1.5]
	at org.springframework.amqp.rabbit.core.RabbitAdmin.getQueueInfo(RabbitAdmin.java:467) ~[spring-rabbit-3.1.5.jar!/:3.1.5]
	at org.springframework.amqp.rabbit.core.RabbitAdmin.getQueueProperties(RabbitAdmin.java:451) ~[spring-rabbit-3.1.5.jar!/:3.1.5]
	at org.springframework.amqp.rabbit.listener.AbstractMessageListenerContainer.attemptDeclarations(AbstractMessageListenerContainer.java:1960) ~[spring-rabbit-3.1.5.jar!/:3.1.5]
	at org.springframework.amqp.rabbit.listener.AbstractMessageListenerContainer.redeclareElementsIfNecessary(AbstractMessageListenerContainer.java:1924) ~[spring-rabbit-3.1.5.jar!/:3.1.5]
	at org.springframework.amqp.rabbit.listener.SimpleMessageListenerContainer$AsyncMessageProcessingConsumer.initialize(SimpleMessageListenerContainer.java:1478) ~[spring-rabbit-3.1.5.jar!/:3.1.5]
	at org.springframework.amqp.rabbit.listener.SimpleMessageListenerContainer$AsyncMessageProcessingConsumer.run(SimpleMessageListenerContainer.java:1320) ~[spring-rabbit-3.1.5.jar!/:3.1.5]
	at java.base/java.lang.Thread.run(Thread.java:833) ~[na:na]
Caused by: java.net.SocketException: Network is unreachable: no further information
	at java.base/sun.nio.ch.Net.pollConnect(Native Method) ~[na:na]
	at java.base/sun.nio.ch.Net.pollConnectNow(Net.java:672) ~[na:na]
	at java.base/sun.nio.ch.NioSocketImpl.timedFinishConnect(NioSocketImpl.java:542) ~[na:na]
	at java.base/sun.nio.ch.NioSocketImpl.connect(NioSocketImpl.java:597) ~[na:na]
	at java.base/java.net.SocksSocketImpl.connect(SocksSocketImpl.java:327) ~[na:na]
	at java.base/java.net.Socket.connect(Socket.java:633) ~[na:na]
	at com.rabbitmq.client.impl.SocketFrameHandlerFactory.create(SocketFrameHandlerFactory.java:61) ~[amqp-client-5.21.0.jar!/:5.21.0]
	at com.rabbitmq.client.ConnectionFactory.newConnection(ConnectionFactory.java:1249) ~[amqp-client-5.21.0.jar!/:5.21.0]
	at com.rabbitmq.client.ConnectionFactory.newConnection(ConnectionFactory.java:1198) ~[amqp-client-5.21.0.jar!/:5.21.0]
	at org.springframework.amqp.rabbit.connection.AbstractConnectionFactory.connectAddresses(AbstractConnectionFactory.java:668) ~[spring-rabbit-3.1.5.jar!/:3.1.5]
	at org.springframework.amqp.rabbit.connection.AbstractConnectionFactory.connect(AbstractConnectionFactory.java:637) ~[spring-rabbit-3.1.5.jar!/:3.1.5]
	at org.springframework.amqp.rabbit.connection.AbstractConnectionFactory.createBareConnection(AbstractConnectionFactory.java:584) ~[spring-rabbit-3.1.5.jar!/:3.1.5]
	... 12 common frames omitted

2026-06-17T19:03:01.454+08:00  INFO 37112 --- [threat-platform] [ntContainer#3-2] o.s.a.r.c.CachingConnectionFactory       : Attempting to connect to: [139.155.139.242:15333]
2026-06-17T19:03:01.459+08:00  INFO 37112 --- [threat-platform] [ntContainer#8-2] o.s.a.r.c.CachingConnectionFactory       : Attempting to connect to: [139.155.139.242:15333]
2026-06-17T19:03:01.461+08:00  INFO 37112 --- [threat-platform] [ntContainer#0-2] o.s.a.r.c.CachingConnectionFactory       : Attempting to connect to: [139.155.139.242:15333]
2026-06-17T19:03:01.463+08:00  INFO 37112 --- [threat-platform] [ntContainer#4-2] o.s.a.r.c.CachingConnectionFactory       : Attempting to connect to: [139.155.139.242:15333]
2026-06-17T19:03:01.480+08:00  INFO 37112 --- [threat-platform] [tContainer#10-3] o.s.a.r.c.CachingConnectionFactory       : Attempting to connect to: [139.155.139.242:15333]
2026-06-17T19:03:01.374+08:00 ERROR 37112 --- [threat-platform] [ntContainer#7-2] o.s.a.r.l.SimpleMessageListenerContainer : Failed to check/redeclare auto-delete queue(s).

org.springframework.amqp.AmqpIOException: java.net.SocketException: Network is unreachable: no further information
	at org.springframework.amqp.rabbit.support.RabbitExceptionTranslator.convertRabbitAccessException(RabbitExceptionTranslator.java:70) ~[spring-rabbit-3.1.5.jar!/:3.1.5]
	at org.springframework.amqp.rabbit.connection.AbstractConnectionFactory.createBareConnection(AbstractConnectionFactory.java:622) ~[spring-rabbit-3.1.5.jar!/:3.1.5]
	at org.springframework.amqp.rabbit.connection.CachingConnectionFactory.createConnection(CachingConnectionFactory.java:726) ~[spring-rabbit-3.1.5.jar!/:3.1.5]
	at org.springframework.amqp.rabbit.connection.ConnectionFactoryUtils.createConnection(ConnectionFactoryUtils.java:257) ~[spring-rabbit-3.1.5.jar!/:3.1.5]
	at org.springframework.amqp.rabbit.core.RabbitTemplate.doExecute(RabbitTemplate.java:2249) ~[spring-rabbit-3.1.5.jar!/:3.1.5]
	at org.springframework.amqp.rabbit.core.RabbitTemplate.execute(RabbitTemplate.java:2222) ~[spring-rabbit-3.1.5.jar!/:3.1.5]
	at org.springframework.amqp.rabbit.core.RabbitTemplate.execute(RabbitTemplate.java:2202) ~[spring-rabbit-3.1.5.jar!/:3.1.5]
	at org.springframework.amqp.rabbit.core.RabbitAdmin.getQueueInfo(RabbitAdmin.java:467) ~[spring-rabbit-3.1.5.jar!/:3.1.5]
	at org.springframework.amqp.rabbit.core.RabbitAdmin.getQueueProperties(RabbitAdmin.java:451) ~[spring-rabbit-3.1.5.jar!/:3.1.5]
	at org.springframework.amqp.rabbit.listener.AbstractMessageListenerContainer.attemptDeclarations(AbstractMessageListenerContainer.java:1960) ~[spring-rabbit-3.1.5.jar!/:3.1.5]
	at org.springframework.amqp.rabbit.listener.AbstractMessageListenerContainer.redeclareElementsIfNecessary(AbstractMessageListenerContainer.java:1924) ~[spring-rabbit-3.1.5.jar!/:3.1.5]
	at org.springframework.amqp.rabbit.listener.SimpleMessageListenerContainer$AsyncMessageProcessingConsumer.initialize(SimpleMessageListenerContainer.java:1478) ~[spring-rabbit-3.1.5.jar!/:3.1.5]
	at org.springframework.amqp.rabbit.listener.SimpleMessageListenerContainer$AsyncMessageProcessingConsumer.run(SimpleMessageListenerContainer.java:1320) ~[spring-rabbit-3.1.5.jar!/:3.1.5]
	at java.base/java.lang.Thread.run(Thread.java:833) ~[na:na]
Caused by: java.net.SocketException: Network is unreachable: no further information
	at java.base/sun.nio.ch.Net.pollConnect(Native Method) ~[na:na]
	at java.base/sun.nio.ch.Net.pollConnectNow(Net.java:672) ~[na:na]
	at java.base/sun.nio.ch.NioSocketImpl.timedFinishConnect(NioSocketImpl.java:542) ~[na:na]
	at java.base/sun.nio.ch.NioSocketImpl.connect(NioSocketImpl.java:597) ~[na:na]
	at java.base/java.net.SocksSocketImpl.connect(SocksSocketImpl.java:327) ~[na:na]
	at java.base/java.net.Socket.connect(Socket.java:633) ~[na:na]
	at com.rabbitmq.client.impl.SocketFrameHandlerFactory.create(SocketFrameHandlerFactory.java:61) ~[amqp-client-5.21.0.jar!/:5.21.0]
	at com.rabbitmq.client.ConnectionFactory.newConnection(ConnectionFactory.java:1249) ~[amqp-client-5.21.0.jar!/:5.21.0]
	at com.rabbitmq.client.ConnectionFactory.newConnection(ConnectionFactory.java:1198) ~[amqp-client-5.21.0.jar!/:5.21.0]
	at org.springframework.amqp.rabbit.connection.AbstractConnectionFactory.connectAddresses(AbstractConnectionFactory.java:668) ~[spring-rabbit-3.1.5.jar!/:3.1.5]
	at org.springframework.amqp.rabbit.connection.AbstractConnectionFactory.connect(AbstractConnectionFactory.java:637) ~[spring-rabbit-3.1.5.jar!/:3.1.5]
	at org.springframework.amqp.rabbit.connection.AbstractConnectionFactory.createBareConnection(AbstractConnectionFactory.java:584) ~[spring-rabbit-3.1.5.jar!/:3.1.5]
	... 12 common frames omitted

2026-06-17T19:03:01.484+08:00  INFO 37112 --- [threat-platform] [ntContainer#1-1] o.s.a.r.l.SimpleMessageListenerContainer : Restarting Consumer@17e8c38c: tags=[[amq.ctag-rgR-_e7hcockeN3p2MRlhA]], channel=Cached Rabbit Channel: AMQChannel(amqp://admin@139.155.139.242:15333/my_vhost,4), conn: Proxy@41c88e00 Shared Rabbit Connection: null, acknowledgeMode=AUTO local queue size=0
2026-06-17T19:03:01.477+08:00 ERROR 37112 --- [threat-platform] [ntContainer#4-2] o.s.a.r.l.SimpleMessageListenerContainer : Failed to check/redeclare auto-delete queue(s).

org.springframework.amqp.AmqpIOException: java.net.SocketException: Network is unreachable: no further information
	at org.springframework.amqp.rabbit.support.RabbitExceptionTranslator.convertRabbitAccessException(RabbitExceptionTranslator.java:70) ~[spring-rabbit-3.1.5.jar!/:3.1.5]
	at org.springframework.amqp.rabbit.connection.AbstractConnectionFactory.createBareConnection(AbstractConnectionFactory.java:622) ~[spring-rabbit-3.1.5.jar!/:3.1.5]
	at org.springframework.amqp.rabbit.connection.CachingConnectionFactory.createConnection(CachingConnectionFactory.java:726) ~[spring-rabbit-3.1.5.jar!/:3.1.5]
	at org.springframework.amqp.rabbit.connection.ConnectionFactoryUtils.createConnection(ConnectionFactoryUtils.java:257) ~[spring-rabbit-3.1.5.jar!/:3.1.5]
	at org.springframework.amqp.rabbit.core.RabbitTemplate.doExecute(RabbitTemplate.java:2249) ~[spring-rabbit-3.1.5.jar!/:3.1.5]
	at org.springframework.amqp.rabbit.core.RabbitTemplate.execute(RabbitTemplate.java:2222) ~[spring-rabbit-3.1.5.jar!/:3.1.5]
	at org.springframework.amqp.rabbit.core.RabbitTemplate.execute(RabbitTemplate.java:2202) ~[spring-rabbit-3.1.5.jar!/:3.1.5]
	at org.springframework.amqp.rabbit.core.RabbitAdmin.getQueueInfo(RabbitAdmin.java:467) ~[spring-rabbit-3.1.5.jar!/:3.1.5]
	at org.springframework.amqp.rabbit.core.RabbitAdmin.getQueueProperties(RabbitAdmin.java:451) ~[spring-rabbit-3.1.5.jar!/:3.1.5]
	at org.springframework.amqp.rabbit.listener.AbstractMessageListenerContainer.attemptDeclarations(AbstractMessageListenerContainer.java:1960) ~[spring-rabbit-3.1.5.jar!/:3.1.5]
	at org.springframework.amqp.rabbit.listener.AbstractMessageListenerContainer.redeclareElementsIfNecessary(AbstractMessageListenerContainer.java:1924) ~[spring-rabbit-3.1.5.jar!/:3.1.5]
	at org.springframework.amqp.rabbit.listener.SimpleMessageListenerContainer$AsyncMessageProcessingConsumer.initialize(SimpleMessageListenerContainer.java:1478) ~[spring-rabbit-3.1.5.jar!/:3.1.5]
	at org.springframework.amqp.rabbit.listener.SimpleMessageListenerContainer$AsyncMessageProcessingConsumer.run(SimpleMessageListenerContainer.java:1320) ~[spring-rabbit-3.1.5.jar!/:3.1.5]
	at java.base/java.lang.Thread.run(Thread.java:833) ~[na:na]
Caused by: java.net.SocketException: Network is unreachable: no further information
	at java.base/sun.nio.ch.Net.pollConnect(Native Method) ~[na:na]
	at java.base/sun.nio.ch.Net.pollConnectNow(Net.java:672) ~[na:na]
	at java.base/sun.nio.ch.NioSocketImpl.timedFinishConnect(NioSocketImpl.java:542) ~[na:na]
	at java.base/sun.nio.ch.NioSocketImpl.connect(NioSocketImpl.java:597) ~[na:na]
	at java.base/java.net.SocksSocketImpl.connect(SocksSocketImpl.java:327) ~[na:na]
	at java.base/java.net.Socket.connect(Socket.java:633) ~[na:na]
	at com.rabbitmq.client.impl.SocketFrameHandlerFactory.create(SocketFrameHandlerFactory.java:61) ~[amqp-client-5.21.0.jar!/:5.21.0]
	at com.rabbitmq.client.ConnectionFactory.newConnection(ConnectionFactory.java:1249) ~[amqp-client-5.21.0.jar!/:5.21.0]
	at com.rabbitmq.client.ConnectionFactory.newConnection(ConnectionFactory.java:1198) ~[amqp-client-5.21.0.jar!/:5.21.0]
	at org.springframework.amqp.rabbit.connection.AbstractConnectionFactory.connectAddresses(AbstractConnectionFactory.java:668) ~[spring-rabbit-3.1.5.jar!/:3.1.5]
	at org.springframework.amqp.rabbit.connection.AbstractConnectionFactory.connect(AbstractConnectionFactory.java:637) ~[spring-rabbit-3.1.5.jar!/:3.1.5]
	at org.springframework.amqp.rabbit.connection.AbstractConnectionFactory.createBareConnection(AbstractConnectionFactory.java:584) ~[spring-rabbit-3.1.5.jar!/:3.1.5]
	... 12 common frames omitted

2026-06-17T19:03:01.550+08:00  INFO 37112 --- [threat-platform] [ntContainer#2-2] o.s.a.r.c.CachingConnectionFactory       : Attempting to connect to: [139.155.139.242:15333]
2026-06-17T19:03:01.641+08:00  INFO 37112 --- [threat-platform] [ntContainer#7-2] o.s.a.r.c.CachingConnectionFactory       : Attempting to connect to: [139.155.139.242:15333]
2026-06-17T19:03:01.643+08:00  INFO 37112 --- [threat-platform] [tContainer#10-4] o.s.a.r.c.CachingConnectionFactory       : Attempting to connect to: [139.155.139.242:15333]
2026-06-17T19:03:01.645+08:00  INFO 37112 --- [threat-platform] [ntContainer#4-2] o.s.a.r.c.CachingConnectionFactory       : Attempting to connect to: [139.155.139.242:15333]
2026-06-17T19:03:01.648+08:00  INFO 37112 --- [threat-platform] [ntContainer#1-2] o.s.a.r.c.CachingConnectionFactory       : Attempting to connect to: [139.155.139.242:15333]
2026-06-17T19:03:01.650+08:00 ERROR 37112 --- [threat-platform] [ntContainer#1-2] o.s.a.r.l.SimpleMessageListenerContainer : Failed to check/redeclare auto-delete queue(s).

org.springframework.amqp.AmqpIOException: java.net.SocketException: Network is unreachable: no further information
	at org.springframework.amqp.rabbit.support.RabbitExceptionTranslator.convertRabbitAccessException(RabbitExceptionTranslator.java:70) ~[spring-rabbit-3.1.5.jar!/:3.1.5]
	at org.springframework.amqp.rabbit.connection.AbstractConnectionFactory.createBareConnection(AbstractConnectionFactory.java:622) ~[spring-rabbit-3.1.5.jar!/:3.1.5]
	at org.springframework.amqp.rabbit.connection.CachingConnectionFactory.createConnection(CachingConnectionFactory.java:726) ~[spring-rabbit-3.1.5.jar!/:3.1.5]
	at org.springframework.amqp.rabbit.connection.ConnectionFactoryUtils.createConnection(ConnectionFactoryUtils.java:257) ~[spring-rabbit-3.1.5.jar!/:3.1.5]
	at org.springframework.amqp.rabbit.core.RabbitTemplate.doExecute(RabbitTemplate.java:2249) ~[spring-rabbit-3.1.5.jar!/:3.1.5]
	at org.springframework.amqp.rabbit.core.RabbitTemplate.execute(RabbitTemplate.java:2222) ~[spring-rabbit-3.1.5.jar!/:3.1.5]
	at org.springframework.amqp.rabbit.core.RabbitTemplate.execute(RabbitTemplate.java:2202) ~[spring-rabbit-3.1.5.jar!/:3.1.5]
	at org.springframework.amqp.rabbit.core.RabbitAdmin.getQueueInfo(RabbitAdmin.java:467) ~[spring-rabbit-3.1.5.jar!/:3.1.5]
	at org.springframework.amqp.rabbit.core.RabbitAdmin.getQueueProperties(RabbitAdmin.java:451) ~[spring-rabbit-3.1.5.jar!/:3.1.5]
	at org.springframework.amqp.rabbit.listener.AbstractMessageListenerContainer.attemptDeclarations(AbstractMessageListenerContainer.java:1960) ~[spring-rabbit-3.1.5.jar!/:3.1.5]
	at org.springframework.amqp.rabbit.listener.AbstractMessageListenerContainer.redeclareElementsIfNecessary(AbstractMessageListenerContainer.java:1924) ~[spring-rabbit-3.1.5.jar!/:3.1.5]
	at org.springframework.amqp.rabbit.listener.SimpleMessageListenerContainer$AsyncMessageProcessingConsumer.initialize(SimpleMessageListenerContainer.java:1478) ~[spring-rabbit-3.1.5.jar!/:3.1.5]
	at org.springframework.amqp.rabbit.listener.SimpleMessageListenerContainer$AsyncMessageProcessingConsumer.run(SimpleMessageListenerContainer.java:1320) ~[spring-rabbit-3.1.5.jar!/:3.1.5]
	at java.base/java.lang.Thread.run(Thread.java:833) ~[na:na]
Caused by: java.net.SocketException: Network is unreachable: no further information
	at java.base/sun.nio.ch.Net.pollConnect(Native Method) ~[na:na]
	at java.base/sun.nio.ch.Net.pollConnectNow(Net.java:672) ~[na:na]
	at java.base/sun.nio.ch.NioSocketImpl.timedFinishConnect(NioSocketImpl.java:542) ~[na:na]
	at java.base/sun.nio.ch.NioSocketImpl.connect(NioSocketImpl.java:597) ~[na:na]
	at java.base/java.net.SocksSocketImpl.connect(SocksSocketImpl.java:327) ~[na:na]
	at java.base/java.net.Socket.connect(Socket.java:633) ~[na:na]
	at com.rabbitmq.client.impl.SocketFrameHandlerFactory.create(SocketFrameHandlerFactory.java:61) ~[amqp-client-5.21.0.jar!/:5.21.0]
	at com.rabbitmq.client.ConnectionFactory.newConnection(ConnectionFactory.java:1249) ~[amqp-client-5.21.0.jar!/:5.21.0]
	at com.rabbitmq.client.ConnectionFactory.newConnection(ConnectionFactory.java:1198) ~[amqp-client-5.21.0.jar!/:5.21.0]
	at org.springframework.amqp.rabbit.connection.AbstractConnectionFactory.connectAddresses(AbstractConnectionFactory.java:668) ~[spring-rabbit-3.1.5.jar!/:3.1.5]
	at org.springframework.amqp.rabbit.connection.AbstractConnectionFactory.connect(AbstractConnectionFactory.java:637) ~[spring-rabbit-3.1.5.jar!/:3.1.5]
	at org.springframework.amqp.rabbit.connection.AbstractConnectionFactory.createBareConnection(AbstractConnectionFactory.java:584) ~[spring-rabbit-3.1.5.jar!/:3.1.5]
	... 12 common frames omitted

2026-06-17T19:03:01.668+08:00  INFO 37112 --- [threat-platform] [ntContainer#1-2] o.s.a.r.c.CachingConnectionFactory       : Attempting to connect to: [139.155.139.242:15333]
2026-06-17T19:03:01.640+08:00 ERROR 37112 --- [threat-platform] [ntContainer#2-2] o.s.a.r.l.SimpleMessageListenerContainer : Failed to check/redeclare auto-delete queue(s).

org.springframework.amqp.AmqpIOException: java.net.SocketException: Network is unreachable: no further information
	at org.springframework.amqp.rabbit.support.RabbitExceptionTranslator.convertRabbitAccessException(RabbitExceptionTranslator.java:70) ~[spring-rabbit-3.1.5.jar!/:3.1.5]
	at org.springframework.amqp.rabbit.connection.AbstractConnectionFactory.createBareConnection(AbstractConnectionFactory.java:622) ~[spring-rabbit-3.1.5.jar!/:3.1.5]
	at org.springframework.amqp.rabbit.connection.CachingConnectionFactory.createConnection(CachingConnectionFactory.java:726) ~[spring-rabbit-3.1.5.jar!/:3.1.5]
	at org.springframework.amqp.rabbit.connection.ConnectionFactoryUtils.createConnection(ConnectionFactoryUtils.java:257) ~[spring-rabbit-3.1.5.jar!/:3.1.5]
	at org.springframework.amqp.rabbit.core.RabbitTemplate.doExecute(RabbitTemplate.java:2249) ~[spring-rabbit-3.1.5.jar!/:3.1.5]
	at org.springframework.amqp.rabbit.core.RabbitTemplate.execute(RabbitTemplate.java:2222) ~[spring-rabbit-3.1.5.jar!/:3.1.5]
	at org.springframework.amqp.rabbit.core.RabbitTemplate.execute(RabbitTemplate.java:2202) ~[spring-rabbit-3.1.5.jar!/:3.1.5]
	at org.springframework.amqp.rabbit.core.RabbitAdmin.getQueueInfo(RabbitAdmin.java:467) ~[spring-rabbit-3.1.5.jar!/:3.1.5]
	at org.springframework.amqp.rabbit.core.RabbitAdmin.getQueueProperties(RabbitAdmin.java:451) ~[spring-rabbit-3.1.5.jar!/:3.1.5]
	at org.springframework.amqp.rabbit.listener.AbstractMessageListenerContainer.attemptDeclarations(AbstractMessageListenerContainer.java:1960) ~[spring-rabbit-3.1.5.jar!/:3.1.5]
	at org.springframework.amqp.rabbit.listener.AbstractMessageListenerContainer.redeclareElementsIfNecessary(AbstractMessageListenerContainer.java:1924) ~[spring-rabbit-3.1.5.jar!/:3.1.5]
	at org.springframework.amqp.rabbit.listener.SimpleMessageListenerContainer$AsyncMessageProcessingConsumer.initialize(SimpleMessageListenerContainer.java:1478) ~[spring-rabbit-3.1.5.jar!/:3.1.5]
	at org.springframework.amqp.rabbit.listener.SimpleMessageListenerContainer$AsyncMessageProcessingConsumer.run(SimpleMessageListenerContainer.java:1320) ~[spring-rabbit-3.1.5.jar!/:3.1.5]
	at java.base/java.lang.Thread.run(Thread.java:833) ~[na:na]
Caused by: java.net.SocketException: Network is unreachable: no further information
	at java.base/sun.nio.ch.Net.pollConnect(Native Method) ~[na:na]
	at java.base/sun.nio.ch.Net.pollConnectNow(Net.java:672) ~[na:na]
	at java.base/sun.nio.ch.NioSocketImpl.timedFinishConnect(NioSocketImpl.java:542) ~[na:na]
	at java.base/sun.nio.ch.NioSocketImpl.connect(NioSocketImpl.java:597) ~[na:na]
	at java.base/java.net.SocksSocketImpl.connect(SocksSocketImpl.java:327) ~[na:na]
	at java.base/java.net.Socket.connect(Socket.java:633) ~[na:na]
	at com.rabbitmq.client.impl.SocketFrameHandlerFactory.create(SocketFrameHandlerFactory.java:61) ~[amqp-client-5.21.0.jar!/:5.21.0]
	at com.rabbitmq.client.ConnectionFactory.newConnection(ConnectionFactory.java:1249) ~[amqp-client-5.21.0.jar!/:5.21.0]
	at com.rabbitmq.client.ConnectionFactory.newConnection(ConnectionFactory.java:1198) ~[amqp-client-5.21.0.jar!/:5.21.0]
	at org.springframework.amqp.rabbit.connection.AbstractConnectionFactory.connectAddresses(AbstractConnectionFactory.java:668) ~[spring-rabbit-3.1.5.jar!/:3.1.5]
	at org.springframework.amqp.rabbit.connection.AbstractConnectionFactory.connect(AbstractConnectionFactory.java:637) ~[spring-rabbit-3.1.5.jar!/:3.1.5]
	at org.springframework.amqp.rabbit.connection.AbstractConnectionFactory.createBareConnection(AbstractConnectionFactory.java:584) ~[spring-rabbit-3.1.5.jar!/:3.1.5]
	... 12 common frames omitted

2026-06-17T19:03:01.677+08:00  INFO 37112 --- [threat-platform] [ntContainer#2-2] o.s.a.r.c.CachingConnectionFactory       : Attempting to connect to: [139.155.139.242:15333]
2026-06-17T19:03:01.680+08:00  INFO 37112 --- [threat-platform] [ntContainer#9-1] o.s.a.r.l.SimpleMessageListenerContainer : Restarting Consumer@7c857e8f: tags=[[amq.ctag-pVWCLKiwFXokzaonb-_fwg]], channel=Cached Rabbit Channel: AMQChannel(amqp://admin@139.155.139.242:15333/my_vhost,12), conn: Proxy@41c88e00 Shared Rabbit Connection: null, acknowledgeMode=AUTO local queue size=0
2026-06-17T19:03:01.699+08:00  INFO 37112 --- [threat-platform] [ntContainer#9-2] o.s.a.r.c.CachingConnectionFactory       : Attempting to connect to: [139.155.139.242:15333]
2026-06-17T19:03:01.717+08:00  INFO 37112 --- [threat-platform] [ntContainer#6-1] o.s.a.r.l.SimpleMessageListenerContainer : Restarting Consumer@3db5195: tags=[[amq.ctag-ZzNzys2kglFHhakQDb6gUw]], channel=Cached Rabbit Channel: AMQChannel(amqp://admin@139.155.139.242:15333/my_vhost,9), conn: Proxy@41c88e00 Shared Rabbit Connection: null, acknowledgeMode=AUTO local queue size=0
2026-06-17T19:03:01.730+08:00 ERROR 37112 --- [threat-platform] [ntContainer#9-2] o.s.a.r.l.SimpleMessageListenerContainer : Failed to check/redeclare auto-delete queue(s).

org.springframework.amqp.AmqpIOException: java.net.SocketException: Network is unreachable: no further information
	at org.springframework.amqp.rabbit.support.RabbitExceptionTranslator.convertRabbitAccessException(RabbitExceptionTranslator.java:70) ~[spring-rabbit-3.1.5.jar!/:3.1.5]
	at org.springframework.amqp.rabbit.connection.AbstractConnectionFactory.createBareConnection(AbstractConnectionFactory.java:622) ~[spring-rabbit-3.1.5.jar!/:3.1.5]
	at org.springframework.amqp.rabbit.connection.CachingConnectionFactory.createConnection(CachingConnectionFactory.java:726) ~[spring-rabbit-3.1.5.jar!/:3.1.5]
	at org.springframework.amqp.rabbit.connection.ConnectionFactoryUtils.createConnection(ConnectionFactoryUtils.java:257) ~[spring-rabbit-3.1.5.jar!/:3.1.5]
	at org.springframework.amqp.rabbit.core.RabbitTemplate.doExecute(RabbitTemplate.java:2249) ~[spring-rabbit-3.1.5.jar!/:3.1.5]
	at org.springframework.amqp.rabbit.core.RabbitTemplate.execute(RabbitTemplate.java:2222) ~[spring-rabbit-3.1.5.jar!/:3.1.5]
	at org.springframework.amqp.rabbit.core.RabbitTemplate.execute(RabbitTemplate.java:2202) ~[spring-rabbit-3.1.5.jar!/:3.1.5]
	at org.springframework.amqp.rabbit.core.RabbitAdmin.getQueueInfo(RabbitAdmin.java:467) ~[spring-rabbit-3.1.5.jar!/:3.1.5]
	at org.springframework.amqp.rabbit.core.RabbitAdmin.getQueueProperties(RabbitAdmin.java:451) ~[spring-rabbit-3.1.5.jar!/:3.1.5]
	at org.springframework.amqp.rabbit.listener.AbstractMessageListenerContainer.attemptDeclarations(AbstractMessageListenerContainer.java:1960) ~[spring-rabbit-3.1.5.jar!/:3.1.5]
	at org.springframework.amqp.rabbit.listener.AbstractMessageListenerContainer.redeclareElementsIfNecessary(AbstractMessageListenerContainer.java:1924) ~[spring-rabbit-3.1.5.jar!/:3.1.5]
	at org.springframework.amqp.rabbit.listener.SimpleMessageListenerContainer$AsyncMessageProcessingConsumer.initialize(SimpleMessageListenerContainer.java:1478) ~[spring-rabbit-3.1.5.jar!/:3.1.5]
	at org.springframework.amqp.rabbit.listener.SimpleMessageListenerContainer$AsyncMessageProcessingConsumer.run(SimpleMessageListenerContainer.java:1320) ~[spring-rabbit-3.1.5.jar!/:3.1.5]
	at java.base/java.lang.Thread.run(Thread.java:833) ~[na:na]
Caused by: java.net.SocketException: Network is unreachable: no further information
	at java.base/sun.nio.ch.Net.pollConnect(Native Method) ~[na:na]
	at java.base/sun.nio.ch.Net.pollConnectNow(Net.java:672) ~[na:na]
	at java.base/sun.nio.ch.NioSocketImpl.timedFinishConnect(NioSocketImpl.java:542) ~[na:na]
	at java.base/sun.nio.ch.NioSocketImpl.connect(NioSocketImpl.java:597) ~[na:na]
	at java.base/java.net.SocksSocketImpl.connect(SocksSocketImpl.java:327) ~[na:na]
	at java.base/java.net.Socket.connect(Socket.java:633) ~[na:na]
	at com.rabbitmq.client.impl.SocketFrameHandlerFactory.create(SocketFrameHandlerFactory.java:61) ~[amqp-client-5.21.0.jar!/:5.21.0]
	at com.rabbitmq.client.ConnectionFactory.newConnection(ConnectionFactory.java:1249) ~[amqp-client-5.21.0.jar!/:5.21.0]
	at com.rabbitmq.client.ConnectionFactory.newConnection(ConnectionFactory.java:1198) ~[amqp-client-5.21.0.jar!/:5.21.0]
	at org.springframework.amqp.rabbit.connection.AbstractConnectionFactory.connectAddresses(AbstractConnectionFactory.java:668) ~[spring-rabbit-3.1.5.jar!/:3.1.5]
	at org.springframework.amqp.rabbit.connection.AbstractConnectionFactory.connect(AbstractConnectionFactory.java:637) ~[spring-rabbit-3.1.5.jar!/:3.1.5]
	at org.springframework.amqp.rabbit.connection.AbstractConnectionFactory.createBareConnection(AbstractConnectionFactory.java:584) ~[spring-rabbit-3.1.5.jar!/:3.1.5]
	... 12 common frames omitted

2026-06-17T19:03:01.732+08:00  INFO 37112 --- [threat-platform] [ntContainer#5-1] o.s.a.r.l.SimpleMessageListenerContainer : Restarting Consumer@556843a5: tags=[[amq.ctag-SmD6o7lY46TYKTp0PTxn5w]], channel=Cached Rabbit Channel: AMQChannel(amqp://admin@139.155.139.242:15333/my_vhost,8), conn: Proxy@41c88e00 Shared Rabbit Connection: null, acknowledgeMode=MANUAL local queue size=0
2026-06-17T19:03:01.741+08:00  INFO 37112 --- [threat-platform] [ntContainer#9-2] o.s.a.r.c.CachingConnectionFactory       : Attempting to connect to: [139.155.139.242:15333]
2026-06-17T19:03:01.757+08:00  INFO 37112 --- [threat-platform] [ntContainer#6-2] o.s.a.r.c.CachingConnectionFactory       : Attempting to connect to: [139.155.139.242:15333]
2026-06-17T19:03:01.760+08:00  INFO 37112 --- [threat-platform] [ntContainer#5-2] o.s.a.r.c.CachingConnectionFactory       : Attempting to connect to: [139.155.139.242:15333]
2026-06-17T19:03:01.762+08:00 ERROR 37112 --- [threat-platform] [ntContainer#5-2] o.s.a.r.l.SimpleMessageListenerContainer : Failed to check/redeclare auto-delete queue(s).

org.springframework.amqp.AmqpIOException: java.net.SocketException: Network is unreachable: no further information
	at org.springframework.amqp.rabbit.support.RabbitExceptionTranslator.convertRabbitAccessException(RabbitExceptionTranslator.java:70) ~[spring-rabbit-3.1.5.jar!/:3.1.5]
	at org.springframework.amqp.rabbit.connection.AbstractConnectionFactory.createBareConnection(AbstractConnectionFactory.java:622) ~[spring-rabbit-3.1.5.jar!/:3.1.5]
	at org.springframework.amqp.rabbit.connection.CachingConnectionFactory.createConnection(CachingConnectionFactory.java:726) ~[spring-rabbit-3.1.5.jar!/:3.1.5]
	at org.springframework.amqp.rabbit.connection.ConnectionFactoryUtils.createConnection(ConnectionFactoryUtils.java:257) ~[spring-rabbit-3.1.5.jar!/:3.1.5]
	at org.springframework.amqp.rabbit.core.RabbitTemplate.doExecute(RabbitTemplate.java:2249) ~[spring-rabbit-3.1.5.jar!/:3.1.5]
	at org.springframework.amqp.rabbit.core.RabbitTemplate.execute(RabbitTemplate.java:2222) ~[spring-rabbit-3.1.5.jar!/:3.1.5]
	at org.springframework.amqp.rabbit.core.RabbitTemplate.execute(RabbitTemplate.java:2202) ~[spring-rabbit-3.1.5.jar!/:3.1.5]
	at org.springframework.amqp.rabbit.core.RabbitAdmin.getQueueInfo(RabbitAdmin.java:467) ~[spring-rabbit-3.1.5.jar!/:3.1.5]
	at org.springframework.amqp.rabbit.core.RabbitAdmin.getQueueProperties(RabbitAdmin.java:451) ~[spring-rabbit-3.1.5.jar!/:3.1.5]
	at org.springframework.amqp.rabbit.listener.AbstractMessageListenerContainer.attemptDeclarations(AbstractMessageListenerContainer.java:1960) ~[spring-rabbit-3.1.5.jar!/:3.1.5]
	at org.springframework.amqp.rabbit.listener.AbstractMessageListenerContainer.redeclareElementsIfNecessary(AbstractMessageListenerContainer.java:1924) ~[spring-rabbit-3.1.5.jar!/:3.1.5]
	at org.springframework.amqp.rabbit.listener.SimpleMessageListenerContainer$AsyncMessageProcessingConsumer.initialize(SimpleMessageListenerContainer.java:1478) ~[spring-rabbit-3.1.5.jar!/:3.1.5]
	at org.springframework.amqp.rabbit.listener.SimpleMessageListenerContainer$AsyncMessageProcessingConsumer.run(SimpleMessageListenerContainer.java:1320) ~[spring-rabbit-3.1.5.jar!/:3.1.5]
	at java.base/java.lang.Thread.run(Thread.java:833) ~[na:na]
Caused by: java.net.SocketException: Network is unreachable: no further information
	at java.base/sun.nio.ch.Net.pollConnect(Native Method) ~[na:na]
	at java.base/sun.nio.ch.Net.pollConnectNow(Net.java:672) ~[na:na]
	at java.base/sun.nio.ch.NioSocketImpl.timedFinishConnect(NioSocketImpl.java:542) ~[na:na]
	at java.base/sun.nio.ch.NioSocketImpl.connect(NioSocketImpl.java:597) ~[na:na]
	at java.base/java.net.SocksSocketImpl.connect(SocksSocketImpl.java:327) ~[na:na]
	at java.base/java.net.Socket.connect(Socket.java:633) ~[na:na]
	at com.rabbitmq.client.impl.SocketFrameHandlerFactory.create(SocketFrameHandlerFactory.java:61) ~[amqp-client-5.21.0.jar!/:5.21.0]
	at com.rabbitmq.client.ConnectionFactory.newConnection(ConnectionFactory.java:1249) ~[amqp-client-5.21.0.jar!/:5.21.0]
	at com.rabbitmq.client.ConnectionFactory.newConnection(ConnectionFactory.java:1198) ~[amqp-client-5.21.0.jar!/:5.21.0]
	at org.springframework.amqp.rabbit.connection.AbstractConnectionFactory.connectAddresses(AbstractConnectionFactory.java:668) ~[spring-rabbit-3.1.5.jar!/:3.1.5]
	at org.springframework.amqp.rabbit.connection.AbstractConnectionFactory.connect(AbstractConnectionFactory.java:637) ~[spring-rabbit-3.1.5.jar!/:3.1.5]
	at org.springframework.amqp.rabbit.connection.AbstractConnectionFactory.createBareConnection(AbstractConnectionFactory.java:584) ~[spring-rabbit-3.1.5.jar!/:3.1.5]
	... 12 common frames omitted

2026-06-17T19:03:01.760+08:00 ERROR 37112 --- [threat-platform] [ntContainer#6-2] o.s.a.r.l.SimpleMessageListenerContainer : Failed to check/redeclare auto-delete queue(s).

org.springframework.amqp.AmqpIOException: java.net.SocketException: Network is unreachable: no further information
	at org.springframework.amqp.rabbit.support.RabbitExceptionTranslator.convertRabbitAccessException(RabbitExceptionTranslator.java:70) ~[spring-rabbit-3.1.5.jar!/:3.1.5]
	at org.springframework.amqp.rabbit.connection.AbstractConnectionFactory.createBareConnection(AbstractConnectionFactory.java:622) ~[spring-rabbit-3.1.5.jar!/:3.1.5]
	at org.springframework.amqp.rabbit.connection.CachingConnectionFactory.createConnection(CachingConnectionFactory.java:726) ~[spring-rabbit-3.1.5.jar!/:3.1.5]
	at org.springframework.amqp.rabbit.connection.ConnectionFactoryUtils.createConnection(ConnectionFactoryUtils.java:257) ~[spring-rabbit-3.1.5.jar!/:3.1.5]
	at org.springframework.amqp.rabbit.core.RabbitTemplate.doExecute(RabbitTemplate.java:2249) ~[spring-rabbit-3.1.5.jar!/:3.1.5]
	at org.springframework.amqp.rabbit.core.RabbitTemplate.execute(RabbitTemplate.java:2222) ~[spring-rabbit-3.1.5.jar!/:3.1.5]
	at org.springframework.amqp.rabbit.core.RabbitTemplate.execute(RabbitTemplate.java:2202) ~[spring-rabbit-3.1.5.jar!/:3.1.5]
	at org.springframework.amqp.rabbit.core.RabbitAdmin.getQueueInfo(RabbitAdmin.java:467) ~[spring-rabbit-3.1.5.jar!/:3.1.5]
	at org.springframework.amqp.rabbit.core.RabbitAdmin.getQueueProperties(RabbitAdmin.java:451) ~[spring-rabbit-3.1.5.jar!/:3.1.5]
	at org.springframework.amqp.rabbit.listener.AbstractMessageListenerContainer.attemptDeclarations(AbstractMessageListenerContainer.java:1960) ~[spring-rabbit-3.1.5.jar!/:3.1.5]
	at org.springframework.amqp.rabbit.listener.AbstractMessageListenerContainer.redeclareElementsIfNecessary(AbstractMessageListenerContainer.java:1924) ~[spring-rabbit-3.1.5.jar!/:3.1.5]
	at org.springframework.amqp.rabbit.listener.SimpleMessageListenerContainer$AsyncMessageProcessingConsumer.initialize(SimpleMessageListenerContainer.java:1478) ~[spring-rabbit-3.1.5.jar!/:3.1.5]
	at org.springframework.amqp.rabbit.listener.SimpleMessageListenerContainer$AsyncMessageProcessingConsumer.run(SimpleMessageListenerContainer.java:1320) ~[spring-rabbit-3.1.5.jar!/:3.1.5]
	at java.base/java.lang.Thread.run(Thread.java:833) ~[na:na]
Caused by: java.net.SocketException: Network is unreachable: no further information
	at java.base/sun.nio.ch.Net.pollConnect(Native Method) ~[na:na]
	at java.base/sun.nio.ch.Net.pollConnectNow(Net.java:672) ~[na:na]
	at java.base/sun.nio.ch.NioSocketImpl.timedFinishConnect(NioSocketImpl.java:542) ~[na:na]
	at java.base/sun.nio.ch.NioSocketImpl.connect(NioSocketImpl.java:597) ~[na:na]
	at java.base/java.net.SocksSocketImpl.connect(SocksSocketImpl.java:327) ~[na:na]
	at java.base/java.net.Socket.connect(Socket.java:633) ~[na:na]
	at com.rabbitmq.client.impl.SocketFrameHandlerFactory.create(SocketFrameHandlerFactory.java:61) ~[amqp-client-5.21.0.jar!/:5.21.0]
	at com.rabbitmq.client.ConnectionFactory.newConnection(ConnectionFactory.java:1249) ~[amqp-client-5.21.0.jar!/:5.21.0]
	at com.rabbitmq.client.ConnectionFactory.newConnection(ConnectionFactory.java:1198) ~[amqp-client-5.21.0.jar!/:5.21.0]
	at org.springframework.amqp.rabbit.connection.AbstractConnectionFactory.connectAddresses(AbstractConnectionFactory.java:668) ~[spring-rabbit-3.1.5.jar!/:3.1.5]
	at org.springframework.amqp.rabbit.connection.AbstractConnectionFactory.connect(AbstractConnectionFactory.java:637) ~[spring-rabbit-3.1.5.jar!/:3.1.5]
	at org.springframework.amqp.rabbit.connection.AbstractConnectionFactory.createBareConnection(AbstractConnectionFactory.java:584) ~[spring-rabbit-3.1.5.jar!/:3.1.5]
	... 12 common frames omitted

2026-06-17T19:03:01.768+08:00  INFO 37112 --- [threat-platform] [ntContainer#5-2] o.s.a.r.c.CachingConnectionFactory       : Attempting to connect to: [139.155.139.242:15333]
2026-06-17T19:03:01.799+08:00  INFO 37112 --- [threat-platform] [ntContainer#6-2] o.s.a.r.c.CachingConnectionFactory       : Attempting to connect to: [139.155.139.242:15333]
2026-06-17T20:08:02.123+08:00  INFO 37112 --- [threat-platform] [ntContainer#5-2] o.s.a.r.l.SimpleMessageListenerContainer : Restarting Consumer@325773cf: tags=[[]], channel=null, acknowledgeMode=MANUAL local queue size=0
2026-06-17T20:08:02.129+08:00  INFO 37112 --- [threat-platform] [ntContainer#6-2] o.s.a.r.l.SimpleMessageListenerContainer : Restarting Consumer@256a5bba: tags=[[]], channel=null, acknowledgeMode=AUTO local queue size=0
2026-06-17T20:08:02.174+08:00  INFO 37112 --- [threat-platform] [tContainer#10-4] o.s.a.r.l.SimpleMessageListenerContainer : Restarting Consumer@5f356873: tags=[[]], channel=null, acknowledgeMode=MANUAL local queue size=0
2026-06-17T20:08:02.174+08:00  INFO 37112 --- [threat-platform] [ntContainer#7-2] o.s.a.r.l.SimpleMessageListenerContainer : Restarting Consumer@1c030787: tags=[[]], channel=null, acknowledgeMode=AUTO local queue size=0
2026-06-17T20:08:02.184+08:00  INFO 37112 --- [threat-platform] [ntContainer#3-2] o.s.a.r.l.SimpleMessageListenerContainer : Restarting Consumer@15801e1e: tags=[[]], channel=null, acknowledgeMode=AUTO local queue size=0
2026-06-17T20:08:02.184+08:00  INFO 37112 --- [threat-platform] [ntContainer#8-2] o.s.a.r.l.SimpleMessageListenerContainer : Restarting Consumer@2467b62b: tags=[[]], channel=null, acknowledgeMode=AUTO local queue size=0
2026-06-17T20:08:02.191+08:00  INFO 37112 --- [threat-platform] [ntContainer#0-2] o.s.a.r.l.SimpleMessageListenerContainer : Restarting Consumer@4cec0d2e: tags=[[]], channel=null, acknowledgeMode=AUTO local queue size=0
2026-06-17T20:08:02.192+08:00  INFO 37112 --- [threat-platform] [ntContainer#1-2] o.s.a.r.l.SimpleMessageListenerContainer : Restarting Consumer@1a5954c3: tags=[[]], channel=null, acknowledgeMode=AUTO local queue size=0
2026-06-17T20:08:02.240+08:00  INFO 37112 --- [threat-platform] [ntContainer#2-2] o.s.a.r.l.SimpleMessageListenerContainer : Restarting Consumer@fffea68: tags=[[]], channel=null, acknowledgeMode=AUTO local queue size=0
2026-06-17T20:08:02.266+08:00  INFO 37112 --- [threat-platform] [ntContainer#9-2] o.s.a.r.l.SimpleMessageListenerContainer : Restarting Consumer@628753fb: tags=[[]], channel=null, acknowledgeMode=AUTO local queue size=0
2026-06-17T20:08:02.299+08:00  INFO 37112 --- [threat-platform] [ntContainer#4-2] o.s.a.r.l.SimpleMessageListenerContainer : Restarting Consumer@759492f: tags=[[]], channel=null, acknowledgeMode=AUTO local queue size=0
2026-06-17T20:08:02.299+08:00  INFO 37112 --- [threat-platform] [ntContainer#7-3] o.s.a.r.c.CachingConnectionFactory       : Attempting to connect to: [139.155.139.242:15333]
2026-06-17T20:08:02.301+08:00 ERROR 37112 --- [threat-platform] [ntContainer#7-3] o.s.a.r.l.SimpleMessageListenerContainer : Failed to check/redeclare auto-delete queue(s).
2026-06-17T20:08:02.301+08:00  INFO 37112 --- [threat-platform] [ntContainer#3-3] o.s.a.r.c.CachingConnectionFactory       : Attempting to connect to: [139.155.139.242:15333]
2026-06-17T20:08:02.303+08:00 ERROR 37112 --- [threat-platform] [ntContainer#3-3] o.s.a.r.l.SimpleMessageListenerContainer : Failed to check/redeclare auto-delete queue(s).
2026-06-17T20:08:02.303+08:00  INFO 37112 --- [threat-platform] [ntContainer#7-3] o.s.a.r.c.CachingConnectionFactory       : Attempting to connect to: [139.155.139.242:15333]
2026-06-17T20:08:02.305+08:00  INFO 37112 --- [threat-platform] [ntContainer#3-3] o.s.a.r.c.CachingConnectionFactory       : Attempting to connect to: [139.155.139.242:15333]
2026-06-17T20:08:02.309+08:00  INFO 37112 --- [threat-platform] [tContainer#10-3] o.s.a.r.l.SimpleMessageListenerContainer : Restarting Consumer@2415cf77: tags=[[]], channel=null, acknowledgeMode=MANUAL local queue size=0
2026-06-17T20:08:02.433+08:00  INFO 37112 --- [threat-platform] [ntContainer#0-3] o.s.a.r.c.CachingConnectionFactory       : Attempting to connect to: [139.155.139.242:15333]
2026-06-17T20:08:02.435+08:00 ERROR 37112 --- [threat-platform] [ntContainer#0-3] o.s.a.r.l.SimpleMessageListenerContainer : Failed to check/redeclare auto-delete queue(s).
2026-06-17T20:08:02.435+08:00  INFO 37112 --- [threat-platform] [ntContainer#8-3] o.s.a.r.c.CachingConnectionFactory       : Attempting to connect to: [139.155.139.242:15333]
2026-06-17T20:08:02.436+08:00 ERROR 37112 --- [threat-platform] [ntContainer#8-3] o.s.a.r.l.SimpleMessageListenerContainer : Failed to check/redeclare auto-delete queue(s).
2026-06-17T20:08:02.436+08:00  INFO 37112 --- [threat-platform] [ntContainer#6-3] o.s.a.r.c.CachingConnectionFactory       : Attempting to connect to: [139.155.139.242:15333]
2026-06-17T20:08:02.439+08:00  INFO 37112 --- [threat-platform] [tContainer#10-5] o.s.a.r.c.CachingConnectionFactory       : Attempting to connect to: [139.155.139.242:15333]
2026-06-17T20:08:02.439+08:00 ERROR 37112 --- [threat-platform] [ntContainer#6-3] o.s.a.r.l.SimpleMessageListenerContainer : Failed to check/redeclare auto-delete queue(s).
2026-06-17T20:08:02.440+08:00  INFO 37112 --- [threat-platform] [ntContainer#2-3] o.s.a.r.c.CachingConnectionFactory       : Attempting to connect to: [139.155.139.242:15333]
2026-06-17T20:08:02.442+08:00 ERROR 37112 --- [threat-platform] [ntContainer#2-3] o.s.a.r.l.SimpleMessageListenerContainer : Failed to check/redeclare auto-delete queue(s).
2026-06-17T20:08:02.443+08:00  INFO 37112 --- [threat-platform] [ntContainer#9-3] o.s.a.r.c.CachingConnectionFactory       : Attempting to connect to: [139.155.139.242:15333]
2026-06-17T20:08:02.444+08:00 ERROR 37112 --- [threat-platform] [ntContainer#9-3] o.s.a.r.l.SimpleMessageListenerContainer : Failed to check/redeclare auto-delete queue(s).
2026-06-17T20:08:02.444+08:00  INFO 37112 --- [threat-platform] [ntContainer#4-3] o.s.a.r.c.CachingConnectionFactory       : Attempting to connect to: [139.155.139.242:15333]
2026-06-17T20:08:02.449+08:00  INFO 37112 --- [threat-platform] [tContainer#10-6] o.s.a.r.c.CachingConnectionFactory       : Attempting to connect to: [139.155.139.242:15333]
2026-06-17T20:08:02.449+08:00 ERROR 37112 --- [threat-platform] [ntContainer#4-3] o.s.a.r.l.SimpleMessageListenerContainer : Failed to check/redeclare auto-delete queue(s).
2026-06-17T20:08:02.468+08:00  INFO 37112 --- [threat-platform] [ntContainer#1-3] o.s.a.r.c.CachingConnectionFactory       : Attempting to connect to: [139.155.139.242:15333]
2026-06-17T20:08:02.470+08:00 ERROR 37112 --- [threat-platform] [ntContainer#1-3] o.s.a.r.l.SimpleMessageListenerContainer : Failed to check/redeclare auto-delete queue(s).
2026-06-17T20:08:02.471+08:00  INFO 37112 --- [threat-platform] [ntContainer#5-3] o.s.a.r.c.CachingConnectionFactory       : Attempting to connect to: [139.155.139.242:15333]
2026-06-17T20:08:02.473+08:00  INFO 37112 --- [threat-platform] [ntContainer#0-3] o.s.a.r.c.CachingConnectionFactory       : Attempting to connect to: [139.155.139.242:15333]
2026-06-17T20:08:02.473+08:00 ERROR 37112 --- [threat-platform] [ntContainer#5-3] o.s.a.r.l.SimpleMessageListenerContainer : Failed to check/redeclare auto-delete queue(s).
2026-06-17T20:08:02.474+08:00  INFO 37112 --- [threat-platform] [ntContainer#8-3] o.s.a.r.c.CachingConnectionFactory       : Attempting to connect to: [139.155.139.242:15333]
2026-06-17T20:08:02.476+08:00  INFO 37112 --- [threat-platform] [ntContainer#6-3] o.s.a.r.c.CachingConnectionFactory       : Attempting to connect to: [139.155.139.242:15333]
2026-06-17T20:08:02.477+08:00  INFO 37112 --- [threat-platform] [ntContainer#2-3] o.s.a.r.c.CachingConnectionFactory       : Attempting to connect to: [139.155.139.242:15333]
2026-06-17T20:08:02.481+08:00  INFO 37112 --- [threat-platform] [ntContainer#9-3] o.s.a.r.c.CachingConnectionFactory       : Attempting to connect to: [139.155.139.242:15333]
2026-06-17T20:08:02.482+08:00  INFO 37112 --- [threat-platform] [ntContainer#4-3] o.s.a.r.c.CachingConnectionFactory       : Attempting to connect to: [139.155.139.242:15333]
2026-06-17T20:08:02.484+08:00  INFO 37112 --- [threat-platform] [ntContainer#1-3] o.s.a.r.c.CachingConnectionFactory       : Attempting to connect to: [139.155.139.242:15333]
2026-06-17T20:08:02.485+08:00  INFO 37112 --- [threat-platform] [ntContainer#5-3] o.s.a.r.c.CachingConnectionFactory       : Attempting to connect to: [139.155.139.242:15333]
2026-06-17T20:16:09.633+08:00  INFO 37112 --- [threat-platform] [tContainer#10-6] o.s.a.r.l.SimpleMessageListenerContainer : Restarting Consumer@6d751ba4: tags=[[]], channel=null, acknowledgeMode=MANUAL local queue size=0
2026-06-17T20:16:09.646+08:00  INFO 37112 --- [threat-platform] [tContainer#10-5] o.s.a.r.l.SimpleMessageListenerContainer : Restarting Consumer@5f5f0f: tags=[[]], channel=null, acknowledgeMode=MANUAL local queue size=0
2026-06-17T20:16:09.661+08:00  INFO 37112 --- [threat-platform] [ntContainer#6-3] o.s.a.r.l.SimpleMessageListenerContainer : Restarting Consumer@4dd046c4: tags=[[]], channel=null, acknowledgeMode=AUTO local queue size=0
2026-06-17T20:16:09.663+08:00  INFO 37112 --- [threat-platform] [ntContainer#8-3] o.s.a.r.l.SimpleMessageListenerContainer : Restarting Consumer@538f0d2d: tags=[[]], channel=null, acknowledgeMode=AUTO local queue size=0
2026-06-17T20:16:09.667+08:00  INFO 37112 --- [threat-platform] [ntContainer#0-3] o.s.a.r.l.SimpleMessageListenerContainer : Restarting Consumer@edfefdf: tags=[[]], channel=null, acknowledgeMode=AUTO local queue size=0
2026-06-17T20:16:09.707+08:00  INFO 37112 --- [threat-platform] [ntContainer#9-3] o.s.a.r.l.SimpleMessageListenerContainer : Restarting Consumer@6272044: tags=[[]], channel=null, acknowledgeMode=AUTO local queue size=0
2026-06-17T20:16:09.707+08:00  INFO 37112 --- [threat-platform] [ntContainer#4-3] o.s.a.r.l.SimpleMessageListenerContainer : Restarting Consumer@6ab1ce72: tags=[[]], channel=null, acknowledgeMode=AUTO local queue size=0
2026-06-17T20:16:09.707+08:00  INFO 37112 --- [threat-platform] [ntContainer#7-3] o.s.a.r.l.SimpleMessageListenerContainer : Restarting Consumer@3bf98def: tags=[[]], channel=null, acknowledgeMode=AUTO local queue size=0
2026-06-17T20:16:09.708+08:00  INFO 37112 --- [threat-platform] [ntContainer#3-3] o.s.a.r.l.SimpleMessageListenerContainer : Restarting Consumer@795340a: tags=[[]], channel=null, acknowledgeMode=AUTO local queue size=0
2026-06-17T20:16:09.764+08:00  INFO 37112 --- [threat-platform] [ntContainer#5-3] o.s.a.r.l.SimpleMessageListenerContainer : Restarting Consumer@21cd4b45: tags=[[]], channel=null, acknowledgeMode=MANUAL local queue size=0
2026-06-17T20:16:09.764+08:00  INFO 37112 --- [threat-platform] [ntContainer#1-3] o.s.a.r.l.SimpleMessageListenerContainer : Restarting Consumer@64889d4f: tags=[[]], channel=null, acknowledgeMode=AUTO local queue size=0
2026-06-17T20:16:09.764+08:00  INFO 37112 --- [threat-platform] [ntContainer#2-3] o.s.a.r.l.SimpleMessageListenerContainer : Restarting Consumer@6da252a1: tags=[[]], channel=null, acknowledgeMode=AUTO local queue size=0
2026-06-17T20:16:10.522+08:00  INFO 37112 --- [threat-platform] [tContainer#10-7] o.s.a.r.c.CachingConnectionFactory       : Attempting to connect to: [139.155.139.242:15333]
2026-06-17T20:16:12.670+08:00  INFO 37112 --- [threat-platform] [tContainer#10-8] o.s.a.r.c.CachingConnectionFactory       : Attempting to connect to: [139.155.139.242:15333]
2026-06-17T20:16:12.671+08:00  INFO 37112 --- [threat-platform] [ntContainer#6-4] o.s.a.r.c.CachingConnectionFactory       : Attempting to connect to: [139.155.139.242:15333]
2026-06-17T20:16:12.672+08:00 ERROR 37112 --- [threat-platform] [ntContainer#6-4] o.s.a.r.l.SimpleMessageListenerContainer : Failed to check/redeclare auto-delete queue(s).
2026-06-17T20:16:12.673+08:00  INFO 37112 --- [threat-platform] [ntContainer#9-4] o.s.a.r.c.CachingConnectionFactory       : Attempting to connect to: [139.155.139.242:15333]
2026-06-17T20:16:12.675+08:00 ERROR 37112 --- [threat-platform] [ntContainer#9-4] o.s.a.r.l.SimpleMessageListenerContainer : Failed to check/redeclare auto-delete queue(s).
2026-06-17T20:16:12.675+08:00  INFO 37112 --- [threat-platform] [ntContainer#4-4] o.s.a.r.c.CachingConnectionFactory       : Attempting to connect to: [139.155.139.242:15333]
2026-06-17T20:16:12.678+08:00  INFO 37112 --- [threat-platform] [ntContainer#3-4] o.s.a.r.c.CachingConnectionFactory       : Attempting to connect to: [139.155.139.242:15333]
2026-06-17T20:16:12.678+08:00 ERROR 37112 --- [threat-platform] [ntContainer#4-4] o.s.a.r.l.SimpleMessageListenerContainer : Failed to check/redeclare auto-delete queue(s).
2026-06-17T20:16:12.679+08:00  INFO 37112 --- [threat-platform] [ntContainer#7-4] o.s.a.r.c.CachingConnectionFactory       : Attempting to connect to: [139.155.139.242:15333]
2026-06-17T20:16:12.679+08:00 ERROR 37112 --- [threat-platform] [ntContainer#3-4] o.s.a.r.l.SimpleMessageListenerContainer : Failed to check/redeclare auto-delete queue(s).
2026-06-17T20:16:12.700+08:00 ERROR 37112 --- [threat-platform] [ntContainer#7-4] o.s.a.r.l.SimpleMessageListenerContainer : Failed to check/redeclare auto-delete queue(s).
2026-06-17T20:16:12.700+08:00  INFO 37112 --- [threat-platform] [ntContainer#5-4] o.s.a.r.c.CachingConnectionFactory       : Attempting to connect to: [139.155.139.242:15333]
2026-06-17T20:16:12.701+08:00 ERROR 37112 --- [threat-platform] [ntContainer#5-4] o.s.a.r.l.SimpleMessageListenerContainer : Failed to check/redeclare auto-delete queue(s).
2026-06-17T20:16:12.702+08:00  INFO 37112 --- [threat-platform] [ntContainer#8-4] o.s.a.r.c.CachingConnectionFactory       : Attempting to connect to: [139.155.139.242:15333]
2026-06-17T20:16:12.702+08:00 ERROR 37112 --- [threat-platform] [ntContainer#8-4] o.s.a.r.l.SimpleMessageListenerContainer : Failed to check/redeclare auto-delete queue(s).
2026-06-17T20:16:12.703+08:00  INFO 37112 --- [threat-platform] [ntContainer#0-4] o.s.a.r.c.CachingConnectionFactory       : Attempting to connect to: [139.155.139.242:15333]
2026-06-17T20:16:12.704+08:00 ERROR 37112 --- [threat-platform] [ntContainer#0-4] o.s.a.r.l.SimpleMessageListenerContainer : Failed to check/redeclare auto-delete queue(s).
2026-06-17T20:16:12.704+08:00  INFO 37112 --- [threat-platform] [ntContainer#6-4] o.s.a.r.c.CachingConnectionFactory       : Attempting to connect to: [139.155.139.242:15333]
2026-06-17T20:16:12.706+08:00  INFO 37112 --- [threat-platform] [ntContainer#9-4] o.s.a.r.c.CachingConnectionFactory       : Attempting to connect to: [139.155.139.242:15333]
2026-06-17T20:16:12.706+08:00  INFO 37112 --- [threat-platform] [ntContainer#1-4] o.s.a.r.c.CachingConnectionFactory       : Attempting to connect to: [139.155.139.242:15333]
2026-06-17T20:16:12.709+08:00 ERROR 37112 --- [threat-platform] [ntContainer#1-4] o.s.a.r.l.SimpleMessageListenerContainer : Failed to check/redeclare auto-delete queue(s).
2026-06-17T20:16:12.709+08:00  INFO 37112 --- [threat-platform] [ntContainer#4-4] o.s.a.r.c.CachingConnectionFactory       : Attempting to connect to: [139.155.139.242:15333]
2026-06-17T20:16:12.711+08:00  INFO 37112 --- [threat-platform] [ntContainer#3-4] o.s.a.r.c.CachingConnectionFactory       : Attempting to connect to: [139.155.139.242:15333]
2026-06-17T20:16:12.712+08:00  INFO 37112 --- [threat-platform] [ntContainer#7-4] o.s.a.r.c.CachingConnectionFactory       : Attempting to connect to: [139.155.139.242:15333]
2026-06-17T20:16:12.714+08:00  INFO 37112 --- [threat-platform] [ntContainer#5-4] o.s.a.r.c.CachingConnectionFactory       : Attempting to connect to: [139.155.139.242:15333]
2026-06-17T20:16:12.715+08:00  INFO 37112 --- [threat-platform] [ntContainer#8-4] o.s.a.r.c.CachingConnectionFactory       : Attempting to connect to: [139.155.139.242:15333]
2026-06-17T20:16:12.716+08:00  INFO 37112 --- [threat-platform] [ntContainer#0-4] o.s.a.r.c.CachingConnectionFactory       : Attempting to connect to: [139.155.139.242:15333]
2026-06-17T20:16:12.717+08:00  INFO 37112 --- [threat-platform] [ntContainer#1-4] o.s.a.r.c.CachingConnectionFactory       : Attempting to connect to: [139.155.139.242:15333]
2026-06-17T20:16:12.718+08:00  INFO 37112 --- [threat-platform] [ntContainer#2-4] o.s.a.r.c.CachingConnectionFactory       : Attempting to connect to: [139.155.139.242:15333]
2026-06-17T20:16:12.721+08:00 ERROR 37112 --- [threat-platform] [ntContainer#2-4] o.s.a.r.l.SimpleMessageListenerContainer : Failed to check/redeclare auto-delete queue(s).
2026-06-17T20:16:12.721+08:00  INFO 37112 --- [threat-platform] [ntContainer#2-4] o.s.a.r.c.CachingConnectionFactory       : Attempting to connect to: [139.155.139.242:15333]
2026-06-17T20:16:17.711+08:00  WARN 37112 --- [threat-platform] [l-1 housekeeper] com.zaxxer.hikari.pool.HikariPool        : HikariPool-1 - Thread starvation or clock leap detected (housekeeper delta=1h23m32s44ms281?s500ns).
2026-06-17T20:16:17.726+08:00  INFO 37112 --- [threat-platform] [ntContainer#8-4] o.s.a.r.l.SimpleMessageListenerContainer : Restarting Consumer@1f9763bd: tags=[[]], channel=null, acknowledgeMode=AUTO local queue size=0
2026-06-17T20:16:17.726+08:00  INFO 37112 --- [threat-platform] [ntContainer#2-4] o.s.a.r.l.SimpleMessageListenerContainer : Restarting Consumer@685cabb8: tags=[[]], channel=null, acknowledgeMode=AUTO local queue size=0
2026-06-17T20:16:17.726+08:00  INFO 37112 --- [threat-platform] [ntContainer#0-4] o.s.a.r.l.SimpleMessageListenerContainer : Restarting Consumer@1db60db4: tags=[[]], channel=null, acknowledgeMode=AUTO local queue size=0
2026-06-17T20:16:17.728+08:00  INFO 37112 --- [threat-platform] [ntContainer#8-5] o.s.a.r.c.CachingConnectionFactory       : Attempting to connect to: [139.155.139.242:15333]
2026-06-17T20:16:17.742+08:00 ERROR 37112 --- [threat-platform] [ntContainer#8-5] o.s.a.r.l.SimpleMessageListenerContainer : Failed to check/redeclare auto-delete queue(s).
2026-06-17T20:16:17.742+08:00  INFO 37112 --- [threat-platform] [ntContainer#2-5] o.s.a.r.c.CachingConnectionFactory       : Attempting to connect to: [139.155.139.242:15333]
2026-06-17T20:16:17.743+08:00 ERROR 37112 --- [threat-platform] [ntContainer#2-5] o.s.a.r.l.SimpleMessageListenerContainer : Failed to check/redeclare auto-delete queue(s).
2026-06-17T20:16:17.743+08:00  INFO 37112 --- [threat-platform] [ntContainer#0-5] o.s.a.r.c.CachingConnectionFactory       : Attempting to connect to: [139.155.139.242:15333]
2026-06-17T20:16:17.757+08:00 ERROR 37112 --- [threat-platform] [ntContainer#0-5] o.s.a.r.l.SimpleMessageListenerContainer : Failed to check/redeclare auto-delete queue(s).
2026-06-17T20:16:17.757+08:00  INFO 37112 --- [threat-platform] [ntContainer#8-5] o.s.a.r.c.CachingConnectionFactory       : Attempting to connect to: [139.155.139.242:15333]
2026-06-17T20:16:17.758+08:00  INFO 37112 --- [threat-platform] [ntContainer#2-5] o.s.a.r.c.CachingConnectionFactory       : Attempting to connect to: [139.155.139.242:15333]
2026-06-17T20:16:17.772+08:00  INFO 37112 --- [threat-platform] [ntContainer#0-5] o.s.a.r.c.CachingConnectionFactory       : Attempting to connect to: [139.155.139.242:15333]
2026-06-17T20:16:17.819+08:00  INFO 37112 --- [threat-platform] [tContainer#10-7] o.s.a.r.l.SimpleMessageListenerContainer : Restarting Consumer@1d929512: tags=[[]], channel=null, acknowledgeMode=MANUAL local queue size=0
2026-06-17T20:16:17.821+08:00  INFO 37112 --- [threat-platform] [tContainer#10-9] o.s.a.r.c.CachingConnectionFactory       : Attempting to connect to: [139.155.139.242:15333]
2026-06-17T20:16:17.834+08:00  INFO 37112 --- [threat-platform] [tContainer#10-8] o.s.a.r.l.SimpleMessageListenerContainer : Restarting Consumer@29e6bf37: tags=[[]], channel=null, acknowledgeMode=MANUAL local queue size=0
2026-06-17T20:16:17.834+08:00  INFO 37112 --- [threat-platform] [ntContainer#6-4] o.s.a.r.l.SimpleMessageListenerContainer : Restarting Consumer@503f4666: tags=[[]], channel=null, acknowledgeMode=AUTO local queue size=0
2026-06-17T20:16:17.836+08:00  INFO 37112 --- [threat-platform] [ntContainer#6-5] o.s.a.r.c.CachingConnectionFactory       : Attempting to connect to: [139.155.139.242:15333]
2026-06-17T20:16:17.837+08:00 ERROR 37112 --- [threat-platform] [ntContainer#6-5] o.s.a.r.l.SimpleMessageListenerContainer : Failed to check/redeclare auto-delete queue(s).
2026-06-17T20:16:17.837+08:00  INFO 37112 --- [threat-platform] [Container#10-10] o.s.a.r.c.CachingConnectionFactory       : Attempting to connect to: [139.155.139.242:15333]
2026-06-17T20:16:17.850+08:00  INFO 37112 --- [threat-platform] [ntContainer#6-5] o.s.a.r.c.CachingConnectionFactory       : Attempting to connect to: [139.155.139.242:15333]
2026-06-17T20:16:17.880+08:00  INFO 37112 --- [threat-platform] [ntContainer#3-4] o.s.a.r.l.SimpleMessageListenerContainer : Restarting Consumer@417dfd09: tags=[[]], channel=null, acknowledgeMode=AUTO local queue size=0
2026-06-17T20:16:17.880+08:00  INFO 37112 --- [threat-platform] [ntContainer#7-4] o.s.a.r.l.SimpleMessageListenerContainer : Restarting Consumer@5d59370: tags=[[]], channel=null, acknowledgeMode=AUTO local queue size=0
2026-06-17T20:16:17.880+08:00  INFO 37112 --- [threat-platform] [ntContainer#1-4] o.s.a.r.l.SimpleMessageListenerContainer : Restarting Consumer@7b58354d: tags=[[]], channel=null, acknowledgeMode=AUTO local queue size=0
2026-06-17T20:16:17.880+08:00  INFO 37112 --- [threat-platform] [ntContainer#9-4] o.s.a.r.l.SimpleMessageListenerContainer : Restarting Consumer@bfa5099: tags=[[]], channel=null, acknowledgeMode=AUTO local queue size=0
2026-06-17T20:16:17.880+08:00  INFO 37112 --- [threat-platform] [ntContainer#4-4] o.s.a.r.l.SimpleMessageListenerContainer : Restarting Consumer@f9e9c4a: tags=[[]], channel=null, acknowledgeMode=AUTO local queue size=0
2026-06-17T20:16:17.880+08:00  INFO 37112 --- [threat-platform] [ntContainer#5-4] o.s.a.r.l.SimpleMessageListenerContainer : Restarting Consumer@120d043d: tags=[[]], channel=null, acknowledgeMode=MANUAL local queue size=0
2026-06-17T20:16:17.881+08:00  INFO 37112 --- [threat-platform] [ntContainer#7-5] o.s.a.r.c.CachingConnectionFactory       : Attempting to connect to: [139.155.139.242:15333]
2026-06-17T20:16:17.896+08:00  INFO 37112 --- [threat-platform] [ntContainer#1-5] o.s.a.r.c.CachingConnectionFactory       : Attempting to connect to: [139.155.139.242:15333]
2026-06-17T20:16:17.896+08:00 ERROR 37112 --- [threat-platform] [ntContainer#7-5] o.s.a.r.l.SimpleMessageListenerContainer : Failed to check/redeclare auto-delete queue(s).
2026-06-17T20:16:17.897+08:00 ERROR 37112 --- [threat-platform] [ntContainer#1-5] o.s.a.r.l.SimpleMessageListenerContainer : Failed to check/redeclare auto-delete queue(s).
2026-06-17T20:16:17.897+08:00  INFO 37112 --- [threat-platform] [ntContainer#3-5] o.s.a.r.c.CachingConnectionFactory       : Attempting to connect to: [139.155.139.242:15333]
2026-06-17T20:16:17.898+08:00 ERROR 37112 --- [threat-platform] [ntContainer#3-5] o.s.a.r.l.SimpleMessageListenerContainer : Failed to check/redeclare auto-delete queue(s).
2026-06-17T20:16:17.898+08:00  INFO 37112 --- [threat-platform] [ntContainer#9-5] o.s.a.r.c.CachingConnectionFactory       : Attempting to connect to: [139.155.139.242:15333]
2026-06-17T20:16:17.900+08:00 ERROR 37112 --- [threat-platform] [ntContainer#9-5] o.s.a.r.l.SimpleMessageListenerContainer : Failed to check/redeclare auto-delete queue(s).
2026-06-17T20:16:17.900+08:00  INFO 37112 --- [threat-platform] [ntContainer#4-5] o.s.a.r.c.CachingConnectionFactory       : Attempting to connect to: [139.155.139.242:15333]
2026-06-17T20:16:17.901+08:00 ERROR 37112 --- [threat-platform] [ntContainer#4-5] o.s.a.r.l.SimpleMessageListenerContainer : Failed to check/redeclare auto-delete queue(s).
2026-06-17T20:16:17.901+08:00  INFO 37112 --- [threat-platform] [ntContainer#5-5] o.s.a.r.c.CachingConnectionFactory       : Attempting to connect to: [139.155.139.242:15333]
2026-06-17T20:16:17.902+08:00 ERROR 37112 --- [threat-platform] [ntContainer#5-5] o.s.a.r.l.SimpleMessageListenerContainer : Failed to check/redeclare auto-delete queue(s).
2026-06-17T20:16:17.902+08:00  INFO 37112 --- [threat-platform] [ntContainer#7-5] o.s.a.r.c.CachingConnectionFactory       : Attempting to connect to: [139.155.139.242:15333]
2026-06-17T20:16:17.904+08:00  INFO 37112 --- [threat-platform] [ntContainer#1-5] o.s.a.r.c.CachingConnectionFactory       : Attempting to connect to: [139.155.139.242:15333]
2026-06-17T20:16:17.905+08:00  INFO 37112 --- [threat-platform] [ntContainer#3-5] o.s.a.r.c.CachingConnectionFactory       : Attempting to connect to: [139.155.139.242:15333]
2026-06-17T20:16:17.927+08:00  INFO 37112 --- [threat-platform] [ntContainer#9-5] o.s.a.r.c.CachingConnectionFactory       : Attempting to connect to: [139.155.139.242:15333]
2026-06-17T20:16:17.929+08:00  INFO 37112 --- [threat-platform] [ntContainer#4-5] o.s.a.r.c.CachingConnectionFactory       : Attempting to connect to: [139.155.139.242:15333]
2026-06-17T20:16:17.929+08:00  INFO 37112 --- [threat-platform] [ntContainer#5-5] o.s.a.r.c.CachingConnectionFactory       : Attempting to connect to: [139.155.139.242:15333]
2026-06-17T20:16:22.877+08:00  INFO 37112 --- [threat-platform] [ntContainer#8-5] o.s.a.r.l.SimpleMessageListenerContainer : Restarting Consumer@4b78b844: tags=[[]], channel=null, acknowledgeMode=AUTO local queue size=0
2026-06-17T20:16:22.879+08:00  INFO 37112 --- [threat-platform] [ntContainer#8-6] o.s.a.r.c.CachingConnectionFactory       : Attempting to connect to: [139.155.139.242:15333]
2026-06-17T20:16:22.880+08:00 ERROR 37112 --- [threat-platform] [ntContainer#8-6] o.s.a.r.l.SimpleMessageListenerContainer : Failed to check/redeclare auto-delete queue(s).
2026-06-17T20:16:22.880+08:00  INFO 37112 --- [threat-platform] [ntContainer#8-6] o.s.a.r.c.CachingConnectionFactory       : Attempting to connect to: [139.155.139.242:15333]
2026-06-17T20:16:22.893+08:00  INFO 37112 --- [threat-platform] [ntContainer#0-5] o.s.a.r.l.SimpleMessageListenerContainer : Restarting Consumer@58b491d2: tags=[[]], channel=null, acknowledgeMode=AUTO local queue size=0
2026-06-17T20:16:22.893+08:00  INFO 37112 --- [threat-platform] [ntContainer#2-5] o.s.a.r.l.SimpleMessageListenerContainer : Restarting Consumer@7341f6a5: tags=[[]], channel=null, acknowledgeMode=AUTO local queue size=0
2026-06-17T20:16:22.895+08:00  INFO 37112 --- [threat-platform] [ntContainer#2-6] o.s.a.r.c.CachingConnectionFactory       : Attempting to connect to: [139.155.139.242:15333]
2026-06-17T20:16:22.896+08:00 ERROR 37112 --- [threat-platform] [ntContainer#2-6] o.s.a.r.l.SimpleMessageListenerContainer : Failed to check/redeclare auto-delete queue(s).
2026-06-17T20:16:22.896+08:00  INFO 37112 --- [threat-platform] [ntContainer#0-6] o.s.a.r.c.CachingConnectionFactory       : Attempting to connect to: [139.155.139.242:15333]
2026-06-17T20:16:22.897+08:00  INFO 37112 --- [threat-platform] [ntContainer#2-6] o.s.a.r.c.CachingConnectionFactory       : Attempting to connect to: [139.155.139.242:15333]
2026-06-17T20:16:22.897+08:00 ERROR 37112 --- [threat-platform] [ntContainer#0-6] o.s.a.r.l.SimpleMessageListenerContainer : Failed to check/redeclare auto-delete queue(s).
2026-06-17T20:16:22.898+08:00  INFO 37112 --- [threat-platform] [ntContainer#0-6] o.s.a.r.c.CachingConnectionFactory       : Attempting to connect to: [139.155.139.242:15333]
2026-06-17T20:16:23.001+08:00  INFO 37112 --- [threat-platform] [Container#10-10] o.s.a.r.l.SimpleMessageListenerContainer : Restarting Consumer@34d9dde2: tags=[[]], channel=null, acknowledgeMode=MANUAL local queue size=0
2026-06-17T20:16:23.001+08:00  INFO 37112 --- [threat-platform] [tContainer#10-9] o.s.a.r.l.SimpleMessageListenerContainer : Restarting Consumer@27d151bf: tags=[[]], channel=null, acknowledgeMode=MANUAL local queue size=0
2026-06-17T20:16:23.002+08:00  INFO 37112 --- [threat-platform] [ntContainer#6-5] o.s.a.r.l.SimpleMessageListenerContainer : Restarting Consumer@4cc57f75: tags=[[]], channel=null, acknowledgeMode=AUTO local queue size=0
2026-06-17T20:16:23.004+08:00  INFO 37112 --- [threat-platform] [Container#10-11] o.s.a.r.c.CachingConnectionFactory       : Attempting to connect to: [139.155.139.242:15333]
2026-06-17T20:16:23.005+08:00  INFO 37112 --- [threat-platform] [ntContainer#6-6] o.s.a.r.c.CachingConnectionFactory       : Attempting to connect to: [139.155.139.242:15333]
2026-06-17T20:16:23.017+08:00  INFO 37112 --- [threat-platform] [ntContainer#9-5] o.s.a.r.l.SimpleMessageListenerContainer : Restarting Consumer@2fee6b02: tags=[[]], channel=null, acknowledgeMode=AUTO local queue size=0
2026-06-17T20:16:23.017+08:00  INFO 37112 --- [threat-platform] [ntContainer#1-5] o.s.a.r.l.SimpleMessageListenerContainer : Restarting Consumer@543a8743: tags=[[]], channel=null, acknowledgeMode=AUTO local queue size=0
2026-06-17T20:16:23.017+08:00 ERROR 37112 --- [threat-platform] [ntContainer#6-6] o.s.a.r.l.SimpleMessageListenerContainer : Failed to check/redeclare auto-delete queue(s).
2026-06-17T20:16:23.017+08:00  INFO 37112 --- [threat-platform] [Container#10-12] o.s.a.r.c.CachingConnectionFactory       : Attempting to connect to: [139.155.139.242:15333]
2026-06-17T20:16:23.034+08:00  INFO 37112 --- [threat-platform] [ntContainer#7-5] o.s.a.r.l.SimpleMessageListenerContainer : Restarting Consumer@5381f2d8: tags=[[]], channel=null, acknowledgeMode=AUTO local queue size=0
2026-06-17T20:16:23.034+08:00  INFO 37112 --- [threat-platform] [ntContainer#6-6] o.s.a.r.c.CachingConnectionFactory       : Attempting to connect to: [139.155.139.242:15333]
2026-06-17T20:16:23.035+08:00  INFO 37112 --- [threat-platform] [ntContainer#9-6] o.s.a.r.c.CachingConnectionFactory       : Attempting to connect to: [139.155.139.242:15333]
2026-06-17T20:16:23.050+08:00  INFO 37112 --- [threat-platform] [ntContainer#3-5] o.s.a.r.l.SimpleMessageListenerContainer : Restarting Consumer@372e8f41: tags=[[]], channel=null, acknowledgeMode=AUTO local queue size=0
2026-06-17T20:16:23.050+08:00  INFO 37112 --- [threat-platform] [ntContainer#4-5] o.s.a.r.l.SimpleMessageListenerContainer : Restarting Consumer@4d51e57: tags=[[]], channel=null, acknowledgeMode=AUTO local queue size=0
2026-06-17T20:16:23.050+08:00 ERROR 37112 --- [threat-platform] [ntContainer#9-6] o.s.a.r.l.SimpleMessageListenerContainer : Failed to check/redeclare auto-delete queue(s).
2026-06-17T20:16:23.050+08:00  INFO 37112 --- [threat-platform] [ntContainer#1-6] o.s.a.r.c.CachingConnectionFactory       : Attempting to connect to: [139.155.139.242:15333]
2026-06-17T20:16:23.065+08:00 ERROR 37112 --- [threat-platform] [ntContainer#1-6] o.s.a.r.l.SimpleMessageListenerContainer : Failed to check/redeclare auto-delete queue(s).
2026-06-17T20:16:23.065+08:00  INFO 37112 --- [threat-platform] [ntContainer#7-6] o.s.a.r.c.CachingConnectionFactory       : Attempting to connect to: [139.155.139.242:15333]
2026-06-17T20:16:23.066+08:00  INFO 37112 --- [threat-platform] [ntContainer#9-6] o.s.a.r.c.CachingConnectionFactory       : Attempting to connect to: [139.155.139.242:15333]
2026-06-17T20:16:23.066+08:00 ERROR 37112 --- [threat-platform] [ntContainer#7-6] o.s.a.r.l.SimpleMessageListenerContainer : Failed to check/redeclare auto-delete queue(s).
2026-06-17T20:16:23.080+08:00  INFO 37112 --- [threat-platform] [ntContainer#4-6] o.s.a.r.c.CachingConnectionFactory       : Attempting to connect to: [139.155.139.242:15333]
2026-06-17T20:16:23.095+08:00 ERROR 37112 --- [threat-platform] [ntContainer#4-6] o.s.a.r.l.SimpleMessageListenerContainer : Failed to check/redeclare auto-delete queue(s).
2026-06-17T20:16:23.095+08:00  INFO 37112 --- [threat-platform] [ntContainer#5-5] o.s.a.r.l.SimpleMessageListenerContainer : Restarting Consumer@23c34943: tags=[[]], channel=null, acknowledgeMode=MANUAL local queue size=0
2026-06-17T20:16:23.095+08:00  INFO 37112 --- [threat-platform] [ntContainer#3-6] o.s.a.r.c.CachingConnectionFactory       : Attempting to connect to: [139.155.139.242:15333]
2026-06-17T20:16:23.110+08:00 ERROR 37112 --- [threat-platform] [ntContainer#3-6] o.s.a.r.l.SimpleMessageListenerContainer : Failed to check/redeclare auto-delete queue(s).
2026-06-17T20:16:23.111+08:00  INFO 37112 --- [threat-platform] [ntContainer#1-6] o.s.a.r.c.CachingConnectionFactory       : Attempting to connect to: [139.155.139.242:15333]
2026-06-17T20:16:23.112+08:00  INFO 37112 --- [threat-platform] [ntContainer#7-6] o.s.a.r.c.CachingConnectionFactory       : Attempting to connect to: [139.155.139.242:15333]
2026-06-17T20:16:23.113+08:00  INFO 37112 --- [threat-platform] [ntContainer#4-6] o.s.a.r.c.CachingConnectionFactory       : Attempting to connect to: [139.155.139.242:15333]
2026-06-17T20:16:23.114+08:00  INFO 37112 --- [threat-platform] [ntContainer#5-6] o.s.a.r.c.CachingConnectionFactory       : Attempting to connect to: [139.155.139.242:15333]
2026-06-17T20:16:23.140+08:00 ERROR 37112 --- [threat-platform] [ntContainer#5-6] o.s.a.r.l.SimpleMessageListenerContainer : Failed to check/redeclare auto-delete queue(s).
2026-06-17T20:16:23.140+08:00  INFO 37112 --- [threat-platform] [ntContainer#3-6] o.s.a.r.c.CachingConnectionFactory       : Attempting to connect to: [139.155.139.242:15333]
2026-06-17T20:16:23.141+08:00  INFO 37112 --- [threat-platform] [ntContainer#5-6] o.s.a.r.c.CachingConnectionFactory       : Attempting to connect to: [139.155.139.242:15333]
2026-06-17T20:16:27.916+08:00  INFO 37112 --- [threat-platform] [ntContainer#0-6] o.s.a.r.l.SimpleMessageListenerContainer : Restarting Consumer@3d99377b: tags=[[]], channel=null, acknowledgeMode=AUTO local queue size=0
2026-06-17T20:16:27.916+08:00  INFO 37112 --- [threat-platform] [ntContainer#2-6] o.s.a.r.l.SimpleMessageListenerContainer : Restarting Consumer@450cf84e: tags=[[]], channel=null, acknowledgeMode=AUTO local queue size=0
2026-06-17T20:16:27.918+08:00  INFO 37112 --- [threat-platform] [ntContainer#0-7] o.s.a.r.c.CachingConnectionFactory       : Attempting to connect to: [139.155.139.242:15333]
2026-06-17T20:16:28.037+08:00  INFO 37112 --- [threat-platform] [ntContainer#6-6] o.s.a.r.l.SimpleMessageListenerContainer : Restarting Consumer@1e6f2102: tags=[[]], channel=null, acknowledgeMode=AUTO local queue size=0
2026-06-17T20:16:28.037+08:00  INFO 37112 --- [threat-platform] [Container#10-12] o.s.a.r.l.SimpleMessageListenerContainer : Restarting Consumer@a48372f: tags=[[]], channel=null, acknowledgeMode=MANUAL local queue size=0
2026-06-17T20:16:28.083+08:00  INFO 37112 --- [threat-platform] [ntContainer#8-6] o.s.a.r.l.SimpleMessageListenerContainer : Restarting Consumer@47cc3331: tags=[[]], channel=null, acknowledgeMode=AUTO local queue size=0
2026-06-17T20:16:28.114+08:00  INFO 37112 --- [threat-platform] [ntContainer#1-6] o.s.a.r.l.SimpleMessageListenerContainer : Restarting Consumer@29547bf4: tags=[[]], channel=null, acknowledgeMode=AUTO local queue size=0
2026-06-17T20:16:28.114+08:00  INFO 37112 --- [threat-platform] [ntContainer#7-6] o.s.a.r.l.SimpleMessageListenerContainer : Restarting Consumer@10437abf: tags=[[]], channel=null, acknowledgeMode=AUTO local queue size=0
2026-06-17T20:16:28.128+08:00  INFO 37112 --- [threat-platform] [ntContainer#4-6] o.s.a.r.l.SimpleMessageListenerContainer : Restarting Consumer@75f06403: tags=[[]], channel=null, acknowledgeMode=AUTO local queue size=0
2026-06-17T20:16:28.205+08:00  INFO 37112 --- [threat-platform] [Container#10-11] o.s.a.r.l.SimpleMessageListenerContainer : Restarting Consumer@5b4f9718: tags=[[]], channel=null, acknowledgeMode=MANUAL local queue size=0
2026-06-17T20:16:28.267+08:00  INFO 37112 --- [threat-platform] [ntContainer#9-6] o.s.a.r.l.SimpleMessageListenerContainer : Restarting Consumer@7bebf553: tags=[[]], channel=null, acknowledgeMode=AUTO local queue size=0
2026-06-17T20:16:28.328+08:00  INFO 37112 --- [threat-platform] [ntContainer#5-6] o.s.a.r.l.SimpleMessageListenerContainer : Restarting Consumer@18de7c75: tags=[[]], channel=null, acknowledgeMode=MANUAL local queue size=0
2026-06-17T20:16:28.328+08:00  INFO 37112 --- [threat-platform] [ntContainer#3-6] o.s.a.r.l.SimpleMessageListenerContainer : Restarting Consumer@73992345: tags=[[]], channel=null, acknowledgeMode=AUTO local queue size=0
2026-06-17T20:16:32.101+08:00  INFO 37112 --- [threat-platform] [ntContainer#0-7] o.s.a.r.c.CachingConnectionFactory       : Created new connection: rabbitConnectionFactory#647ff23e:111/SimpleConnection@b355561 [delegate=amqp://admin@139.155.139.242:15333/my_vhost, localPort=51848]
2026-06-17T20:25:19.844+08:00  INFO 37112 --- [threat-platform] [ntContainer#8-7] com.cd.mq.SysInfoListener                : 主机信息已入库: mac=CC:5E:F8:A1:31:B3, hostname=renaissance
2026-06-17T20:25:19.883+08:00 ERROR 37112 --- [threat-platform] [5.139.242:15333] o.s.a.r.c.CachingConnectionFactory       : Shutdown Signal: channel error; protocol method: #method<channel.close>(reply-code=406, reply-text=PRECONDITION_FAILED - inequivalent arg 'x-expires' for queue 'agent_cc5ef8a131b3_queue' in vhost 'my_vhost': received the value '259200000' of type 'long' but current is none, class-id=50, method-id=10)
2026-06-17T20:25:19.893+08:00 ERROR 37112 --- [threat-platform] [ntContainer#8-7] com.cd.mq.SysInfoListener                : 处理主机信息消息失败，已丢弃该消息: {"主机名": {"主机名": "renaissance"}, "本机IPv4地址": {"本机IPv4": "10.134.160.93"}, "MAC地址": {"MAC地址": "CC:5E:F8:A1:31:B3"}, "操作系统信息": {"系统名称": "Windows", "系统版本": "10.0.26200", "系统架构": "64位", "具体版本": "Windows 11"}, "CPU信息": {"CPU型号": "AMD64 Family 25 Model 116 Stepping 1, AuthenticAMD", "物理核心数": 8, "逻辑核心数": 16}, "内存信息": {"总内存": "31.31 GB", "已使用内存": "27.84 GB", "可用内存": "3.47 GB", "使用率": "88.9%"}}

org.springframework.amqp.AmqpIOException: java.io.IOException
	at org.springframework.amqp.rabbit.support.RabbitExceptionTranslator.convertRabbitAccessException(RabbitExceptionTranslator.java:70) ~[spring-rabbit-3.1.5.jar!/:3.1.5]
	at org.springframework.amqp.rabbit.connection.RabbitAccessor.convertRabbitAccessException(RabbitAccessor.java:119) ~[spring-rabbit-3.1.5.jar!/:3.1.5]
	at org.springframework.amqp.rabbit.core.RabbitTemplate.doExecute(RabbitTemplate.java:2276) ~[spring-rabbit-3.1.5.jar!/:3.1.5]
	at org.springframework.amqp.rabbit.core.RabbitTemplate.execute(RabbitTemplate.java:2222) ~[spring-rabbit-3.1.5.jar!/:3.1.5]
	at org.springframework.amqp.rabbit.core.RabbitTemplate.execute(RabbitTemplate.java:2202) ~[spring-rabbit-3.1.5.jar!/:3.1.5]
	at org.springframework.amqp.rabbit.core.RabbitAdmin.declareQueue(RabbitAdmin.java:302) ~[spring-rabbit-3.1.5.jar!/:3.1.5]
	at com.cd.mq.SysInfoListener.routeToAgentQueue(SysInfoListener.java:101) ~[!/:0.0.1-SNAPSHOT]
	at com.cd.mq.SysInfoListener.onMessage(SysInfoListener.java:73) ~[!/:0.0.1-SNAPSHOT]
	at java.base/jdk.internal.reflect.NativeMethodAccessorImpl.invoke0(Native Method) ~[na:na]
	at java.base/jdk.internal.reflect.NativeMethodAccessorImpl.invoke(NativeMethodAccessorImpl.java:77) ~[na:na]
	at java.base/jdk.internal.reflect.DelegatingMethodAccessorImpl.invoke(DelegatingMethodAccessorImpl.java:43) ~[na:na]
	at java.base/java.lang.reflect.Method.invoke(Method.java:568) ~[na:na]
	at org.springframework.messaging.handler.invocation.InvocableHandlerMethod.doInvoke(InvocableHandlerMethod.java:169) ~[spring-messaging-6.1.8.jar!/:6.1.8]
	at org.springframework.amqp.rabbit.listener.adapter.KotlinAwareInvocableHandlerMethod.doInvoke(KotlinAwareInvocableHandlerMethod.java:45) ~[spring-rabbit-3.1.5.jar!/:3.1.5]
	at org.springframework.messaging.handler.invocation.InvocableHandlerMethod.invoke(InvocableHandlerMethod.java:119) ~[spring-messaging-6.1.8.jar!/:6.1.8]
	at org.springframework.amqp.rabbit.listener.adapter.HandlerAdapter.invoke(HandlerAdapter.java:75) ~[spring-rabbit-3.1.5.jar!/:3.1.5]
	at org.springframework.amqp.rabbit.listener.adapter.MessagingMessageListenerAdapter.invokeHandler(MessagingMessageListenerAdapter.java:278) ~[spring-rabbit-3.1.5.jar!/:3.1.5]
	at org.springframework.amqp.rabbit.listener.adapter.MessagingMessageListenerAdapter.invokeHandlerAndProcessResult(MessagingMessageListenerAdapter.java:225) ~[spring-rabbit-3.1.5.jar!/:3.1.5]
	at org.springframework.amqp.rabbit.listener.adapter.MessagingMessageListenerAdapter.onMessage(MessagingMessageListenerAdapter.java:149) ~[spring-rabbit-3.1.5.jar!/:3.1.5]
	at org.springframework.amqp.rabbit.listener.AbstractMessageListenerContainer.doInvokeListener(AbstractMessageListenerContainer.java:1682) ~[spring-rabbit-3.1.5.jar!/:3.1.5]
	at org.springframework.amqp.rabbit.listener.AbstractMessageListenerContainer.actualInvokeListener(AbstractMessageListenerContainer.java:1604) ~[spring-rabbit-3.1.5.jar!/:3.1.5]
	at org.springframework.amqp.rabbit.listener.AbstractMessageListenerContainer.invokeListener(AbstractMessageListenerContainer.java:1592) ~[spring-rabbit-3.1.5.jar!/:3.1.5]
	at org.springframework.amqp.rabbit.listener.AbstractMessageListenerContainer.doExecuteListener(AbstractMessageListenerContainer.java:1583) ~[spring-rabbit-3.1.5.jar!/:3.1.5]
	at org.springframework.amqp.rabbit.listener.AbstractMessageListenerContainer.executeListenerAndHandleException(AbstractMessageListenerContainer.java:1528) ~[spring-rabbit-3.1.5.jar!/:3.1.5]
	at org.springframework.amqp.rabbit.listener.AbstractMessageListenerContainer.lambda$executeListener$8(AbstractMessageListenerContainer.java:1506) ~[spring-rabbit-3.1.5.jar!/:3.1.5]
	at io.micrometer.observation.Observation.observe(Observation.java:499) ~[micrometer-observation-1.13.0.jar!/:1.13.0]
	at org.springframework.amqp.rabbit.listener.AbstractMessageListenerContainer.executeListener(AbstractMessageListenerContainer.java:1506) ~[spring-rabbit-3.1.5.jar!/:3.1.5]
	at org.springframework.amqp.rabbit.listener.SimpleMessageListenerContainer.doReceiveAndExecute(SimpleMessageListenerContainer.java:1082) ~[spring-rabbit-3.1.5.jar!/:3.1.5]
	at org.springframework.amqp.rabbit.listener.SimpleMessageListenerContainer.receiveAndExecute(SimpleMessageListenerContainer.java:1018) ~[spring-rabbit-3.1.5.jar!/:3.1.5]
	at org.springframework.amqp.rabbit.listener.SimpleMessageListenerContainer$AsyncMessageProcessingConsumer.mainLoop(SimpleMessageListenerContainer.java:1420) ~[spring-rabbit-3.1.5.jar!/:3.1.5]
	at org.springframework.amqp.rabbit.listener.SimpleMessageListenerContainer$AsyncMessageProcessingConsumer.run(SimpleMessageListenerContainer.java:1322) ~[spring-rabbit-3.1.5.jar!/:3.1.5]
	at java.base/java.lang.Thread.run(Thread.java:833) ~[na:na]
Caused by: java.io.IOException: null
	at com.rabbitmq.client.impl.AMQChannel.wrap(AMQChannel.java:140) ~[amqp-client-5.21.0.jar!/:5.21.0]
	at com.rabbitmq.client.impl.AMQChannel.wrap(AMQChannel.java:136) ~[amqp-client-5.21.0.jar!/:5.21.0]
	at com.rabbitmq.client.impl.AMQChannel.exnWrappingRpc(AMQChannel.java:158) ~[amqp-client-5.21.0.jar!/:5.21.0]
	at com.rabbitmq.client.impl.ChannelN.queueDeclare(ChannelN.java:989) ~[amqp-client-5.21.0.jar!/:5.21.0]
	at com.rabbitmq.client.impl.ChannelN.queueDeclare(ChannelN.java:47) ~[amqp-client-5.21.0.jar!/:5.21.0]
	at jdk.internal.reflect.GeneratedMethodAccessor125.invoke(Unknown Source) ~[na:na]
	at java.base/jdk.internal.reflect.DelegatingMethodAccessorImpl.invoke(DelegatingMethodAccessorImpl.java:43) ~[na:na]
	at java.base/java.lang.reflect.Method.invoke(Method.java:568) ~[na:na]
	at org.springframework.amqp.rabbit.connection.CachingConnectionFactory$CachedChannelInvocationHandler.invoke(CachingConnectionFactory.java:1203) ~[spring-rabbit-3.1.5.jar!/:3.1.5]
	at jdk.proxy2/jdk.proxy2.$Proxy158.queueDeclare(Unknown Source) ~[na:na]
	at org.springframework.amqp.rabbit.core.RabbitAdmin.declareQueues(RabbitAdmin.java:863) ~[spring-rabbit-3.1.5.jar!/:3.1.5]
	at org.springframework.amqp.rabbit.core.RabbitAdmin.lambda$declareQueue$4(RabbitAdmin.java:303) ~[spring-rabbit-3.1.5.jar!/:3.1.5]
	at org.springframework.amqp.rabbit.core.RabbitTemplate.invokeAction(RabbitTemplate.java:2309) ~[spring-rabbit-3.1.5.jar!/:3.1.5]
	at org.springframework.amqp.rabbit.core.RabbitTemplate.doExecute(RabbitTemplate.java:2270) ~[spring-rabbit-3.1.5.jar!/:3.1.5]
	... 29 common frames omitted
Caused by: com.rabbitmq.client.ShutdownSignalException: channel error; protocol method: #method<channel.close>(reply-code=406, reply-text=PRECONDITION_FAILED - inequivalent arg 'x-expires' for queue 'agent_cc5ef8a131b3_queue' in vhost 'my_vhost': received the value '259200000' of type 'long' but current is none, class-id=50, method-id=10)
	at com.rabbitmq.utility.ValueOrException.getValue(ValueOrException.java:66) ~[amqp-client-5.21.0.jar!/:5.21.0]
	at com.rabbitmq.utility.BlockingValueOrException.uninterruptibleGetValue(BlockingValueOrException.java:36) ~[amqp-client-5.21.0.jar!/:5.21.0]
	at com.rabbitmq.client.impl.AMQChannel$BlockingRpcContinuation.getReply(AMQChannel.java:552) ~[amqp-client-5.21.0.jar!/:5.21.0]
	at com.rabbitmq.client.impl.AMQChannel.privateRpc(AMQChannel.java:316) ~[amqp-client-5.21.0.jar!/:5.21.0]
	at com.rabbitmq.client.impl.AMQChannel.exnWrappingRpc(AMQChannel.java:152) ~[amqp-client-5.21.0.jar!/:5.21.0]
	... 40 common frames omitted
Caused by: com.rabbitmq.client.ShutdownSignalException: channel error; protocol method: #method<channel.close>(reply-code=406, reply-text=PRECONDITION_FAILED - inequivalent arg 'x-expires' for queue 'agent_cc5ef8a131b3_queue' in vhost 'my_vhost': received the value '259200000' of type 'long' but current is none, class-id=50, method-id=10)
	at com.rabbitmq.client.impl.ChannelN.asyncShutdown(ChannelN.java:528) ~[amqp-client-5.21.0.jar!/:5.21.0]
	at com.rabbitmq.client.impl.ChannelN.processAsync(ChannelN.java:349) ~[amqp-client-5.21.0.jar!/:5.21.0]
	at com.rabbitmq.client.impl.AMQChannel.handleCompleteInboundCommand(AMQChannel.java:193) ~[amqp-client-5.21.0.jar!/:5.21.0]
	at com.rabbitmq.client.impl.AMQChannel.handleFrame(AMQChannel.java:125) ~[amqp-client-5.21.0.jar!/:5.21.0]
	at com.rabbitmq.client.impl.AMQConnection.readFrame(AMQConnection.java:761) ~[amqp-client-5.21.0.jar!/:5.21.0]
	at com.rabbitmq.client.impl.AMQConnection.access$400(AMQConnection.java:48) ~[amqp-client-5.21.0.jar!/:5.21.0]
	at com.rabbitmq.client.impl.AMQConnection$MainLoop.run(AMQConnection.java:688) ~[amqp-client-5.21.0.jar!/:5.21.0]
	... 1 common frames omitted

2026-06-17T20:26:06.515+08:00  INFO 37112 --- [threat-platform] [   scheduling-1] com.cd.task.HostStatusScheduler          : 离线检测：已将 1 台主机标记为离线
2026-06-17T20:26:48.958+08:00  INFO 37112 --- [threat-platform] [ntContainer#7-7] c.c.s.impl.PortScanResultServiceImpl     : 收到端口采集消息: queue=port_scan_queue
2026-06-17T20:26:48.975+08:00  INFO 37112 --- [threat-platform] [ntContainer#7-7] c.c.s.impl.PortFingerprintServiceImpl    : 端口指纹识别完成: resultId=34, hostId=20383, taskId=port-scan-result-34, inventoryCount=8
2026-06-17T20:26:48.981+08:00  INFO 37112 --- [threat-platform] [ntContainer#7-7] c.c.s.impl.PortScanResultServiceImpl     : 端口采集结果已入库: queue=port_scan_queue, host=renaissance, mac=CC:5E:F8:A1:31:B3, openPortCount=8, scannedPortCount=63, scanRange=common, taskId=null
2026-06-17T20:28:56.508+08:00  INFO 37112 --- [threat-platform] [   scheduling-1] com.cd.task.HostStatusScheduler          : 离线检测：已将 1 台主机标记为离线
2026-06-17T21:09:19.746+08:00 ERROR 37112 --- [threat-platform] [Container#10-14] o.s.a.r.l.SimpleMessageListenerContainer : Consumer thread error, thread abort.

java.lang.NoClassDefFoundError: com/github/benmanes/caffeine/cache/BoundedLocalCache$AddTask
	at com.github.benmanes.caffeine.cache.BoundedLocalCache.put(BoundedLocalCache.java:2314) ~[caffeine-3.1.8.jar!/:3.1.8]
	at com.github.benmanes.caffeine.cache.BoundedLocalCache.put(BoundedLocalCache.java:2278) ~[caffeine-3.1.8.jar!/:3.1.8]
	at com.github.benmanes.caffeine.cache.LocalManualCache.put(LocalManualCache.java:126) ~[caffeine-3.1.8.jar!/:3.1.8]
	at com.cd.mq.WindowsEventLogListener.resolveHost(WindowsEventLogListener.java:162) ~[!/:0.0.1-SNAPSHOT]
	at com.cd.mq.WindowsEventLogListener.onMessage(WindowsEventLogListener.java:115) ~[!/:0.0.1-SNAPSHOT]
	at java.base/jdk.internal.reflect.NativeMethodAccessorImpl.invoke0(Native Method) ~[na:na]
	at java.base/jdk.internal.reflect.NativeMethodAccessorImpl.invoke(NativeMethodAccessorImpl.java:77) ~[na:na]
	at java.base/jdk.internal.reflect.DelegatingMethodAccessorImpl.invoke(DelegatingMethodAccessorImpl.java:43) ~[na:na]
	at java.base/java.lang.reflect.Method.invoke(Method.java:568) ~[na:na]
	at org.springframework.messaging.handler.invocation.InvocableHandlerMethod.doInvoke(InvocableHandlerMethod.java:169) ~[spring-messaging-6.1.8.jar!/:6.1.8]
	at org.springframework.amqp.rabbit.listener.adapter.KotlinAwareInvocableHandlerMethod.doInvoke(KotlinAwareInvocableHandlerMethod.java:45) ~[spring-rabbit-3.1.5.jar!/:3.1.5]
	at org.springframework.messaging.handler.invocation.InvocableHandlerMethod.invoke(InvocableHandlerMethod.java:119) ~[spring-messaging-6.1.8.jar!/:6.1.8]
	at org.springframework.amqp.rabbit.listener.adapter.HandlerAdapter.invoke(HandlerAdapter.java:75) ~[spring-rabbit-3.1.5.jar!/:3.1.5]
	at org.springframework.amqp.rabbit.listener.adapter.MessagingMessageListenerAdapter.invokeHandler(MessagingMessageListenerAdapter.java:278) ~[spring-rabbit-3.1.5.jar!/:3.1.5]
	at org.springframework.amqp.rabbit.listener.adapter.MessagingMessageListenerAdapter.invokeHandlerAndProcessResult(MessagingMessageListenerAdapter.java:225) ~[spring-rabbit-3.1.5.jar!/:3.1.5]
	at org.springframework.amqp.rabbit.listener.adapter.MessagingMessageListenerAdapter.onMessage(MessagingMessageListenerAdapter.java:149) ~[spring-rabbit-3.1.5.jar!/:3.1.5]
	at org.springframework.amqp.rabbit.listener.AbstractMessageListenerContainer.doInvokeListener(AbstractMessageListenerContainer.java:1682) ~[spring-rabbit-3.1.5.jar!/:3.1.5]
	at org.springframework.amqp.rabbit.listener.AbstractMessageListenerContainer.actualInvokeListener(AbstractMessageListenerContainer.java:1604) ~[spring-rabbit-3.1.5.jar!/:3.1.5]
	at org.springframework.amqp.rabbit.listener.AbstractMessageListenerContainer.invokeListener(AbstractMessageListenerContainer.java:1592) ~[spring-rabbit-3.1.5.jar!/:3.1.5]
	at org.springframework.amqp.rabbit.listener.AbstractMessageListenerContainer.doExecuteListener(AbstractMessageListenerContainer.java:1583) ~[spring-rabbit-3.1.5.jar!/:3.1.5]
	at org.springframework.amqp.rabbit.listener.AbstractMessageListenerContainer.executeListenerAndHandleException(AbstractMessageListenerContainer.java:1528) ~[spring-rabbit-3.1.5.jar!/:3.1.5]
	at org.springframework.amqp.rabbit.listener.AbstractMessageListenerContainer.lambda$executeListener$8(AbstractMessageListenerContainer.java:1506) ~[spring-rabbit-3.1.5.jar!/:3.1.5]
	at io.micrometer.observation.Observation.observe(Observation.java:499) ~[micrometer-observation-1.13.0.jar!/:1.13.0]
	at org.springframework.amqp.rabbit.listener.AbstractMessageListenerContainer.executeListener(AbstractMessageListenerContainer.java:1506) ~[spring-rabbit-3.1.5.jar!/:3.1.5]
	at org.springframework.amqp.rabbit.listener.SimpleMessageListenerContainer.doReceiveAndExecute(SimpleMessageListenerContainer.java:1082) ~[spring-rabbit-3.1.5.jar!/:3.1.5]
	at org.springframework.amqp.rabbit.listener.SimpleMessageListenerContainer.receiveAndExecute(SimpleMessageListenerContainer.java:1018) ~[spring-rabbit-3.1.5.jar!/:3.1.5]
	at org.springframework.amqp.rabbit.listener.SimpleMessageListenerContainer$AsyncMessageProcessingConsumer.mainLoop(SimpleMessageListenerContainer.java:1420) ~[spring-rabbit-3.1.5.jar!/:3.1.5]
	at org.springframework.amqp.rabbit.listener.SimpleMessageListenerContainer$AsyncMessageProcessingConsumer.run(SimpleMessageListenerContainer.java:1322) ~[spring-rabbit-3.1.5.jar!/:3.1.5]
	at java.base/java.lang.Thread.run(Thread.java:833) ~[na:na]
Caused by: java.lang.ClassNotFoundException: com.github.benmanes.caffeine.cache.BoundedLocalCache$AddTask
	at java.base/java.net.URLClassLoader.findClass(URLClassLoader.java:445) ~[na:na]
	at java.base/java.lang.ClassLoader.loadClass(ClassLoader.java:587) ~[na:na]
	at org.springframework.boot.loader.net.protocol.jar.JarUrlClassLoader.loadClass(JarUrlClassLoader.java:103) ~[threat-platform-0.0.1-SNAPSHOT.jar:0.0.1-SNAPSHOT]
	at org.springframework.boot.loader.launch.LaunchedClassLoader.loadClass(LaunchedClassLoader.java:91) ~[threat-platform-0.0.1-SNAPSHOT.jar:0.0.1-SNAPSHOT]
	at java.base/java.lang.ClassLoader.loadClass(ClassLoader.java:520) ~[na:na]
	... 29 common frames omitted

2026-06-17T21:09:19.749+08:00 DEBUG 37112 --- [threat-platform] [ionShutdownHook] o.s.b.a.ApplicationAvailabilityBean      : Application availability state ReadinessState changed from ACCEPTING_TRAFFIC to REFUSING_TRAFFIC
2026-06-17T21:09:19.750+08:00 DEBUG 37112 --- [threat-platform] [ionShutdownHook] ConfigServletWebServerApplicationContext : Closing org.springframework.boot.web.servlet.context.AnnotationConfigServletWebServerApplicationContext@7ca20101, started on Wed Jun 17 16:27:07 SGT 2026
2026-06-17T21:09:19.755+08:00  WARN 37112 --- [threat-platform] [ionShutdownHook] o.s.c.support.DefaultLifecycleProcessor  : Failed to stop bean 'org.springframework.amqp.rabbit.config.internalRabbitListenerEndpointRegistry'

java.lang.NoClassDefFoundError: org/springframework/amqp/rabbit/listener/RabbitListenerEndpointRegistry$AggregatingCallback
	at org.springframework.amqp.rabbit.listener.RabbitListenerEndpointRegistry.stop(RabbitListenerEndpointRegistry.java:262) ~[spring-rabbit-3.1.5.jar!/:3.1.5]
	at org.springframework.context.support.DefaultLifecycleProcessor.doStop(DefaultLifecycleProcessor.java:348) ~[spring-context-6.1.8.jar!/:6.1.8]
	at org.springframework.context.support.DefaultLifecycleProcessor$LifecycleGroup.stop(DefaultLifecycleProcessor.java:487) ~[spring-context-6.1.8.jar!/:6.1.8]
	at java.base/java.lang.Iterable.forEach(Iterable.java:75) ~[na:na]
	at org.springframework.context.support.DefaultLifecycleProcessor.stopBeans(DefaultLifecycleProcessor.java:317) ~[spring-context-6.1.8.jar!/:6.1.8]
	at org.springframework.context.support.DefaultLifecycleProcessor.onClose(DefaultLifecycleProcessor.java:218) ~[spring-context-6.1.8.jar!/:6.1.8]
	at org.springframework.context.support.AbstractApplicationContext.doClose(AbstractApplicationContext.java:1139) ~[spring-context-6.1.8.jar!/:6.1.8]
	at org.springframework.boot.web.servlet.context.ServletWebServerApplicationContext.doClose(ServletWebServerApplicationContext.java:174) ~[spring-boot-3.3.0.jar!/:3.3.0]
	at org.springframework.context.support.AbstractApplicationContext.close(AbstractApplicationContext.java:1093) ~[spring-context-6.1.8.jar!/:6.1.8]
	at org.springframework.boot.SpringApplicationShutdownHook.closeAndWait(SpringApplicationShutdownHook.java:145) ~[spring-boot-3.3.0.jar!/:3.3.0]
	at java.base/java.lang.Iterable.forEach(Iterable.java:75) ~[na:na]
	at org.springframework.boot.SpringApplicationShutdownHook.run(SpringApplicationShutdownHook.java:114) ~[spring-boot-3.3.0.jar!/:3.3.0]
	at java.base/java.lang.Thread.run(Thread.java:833) ~[na:na]
Caused by: java.lang.ClassNotFoundException: org.springframework.amqp.rabbit.listener.RabbitListenerEndpointRegistry$AggregatingCallback
	at java.base/java.net.URLClassLoader.findClass(URLClassLoader.java:445) ~[na:na]
	at java.base/java.lang.ClassLoader.loadClass(ClassLoader.java:587) ~[na:na]
	at org.springframework.boot.loader.net.protocol.jar.JarUrlClassLoader.loadClass(JarUrlClassLoader.java:103) ~[threat-platform-0.0.1-SNAPSHOT.jar:0.0.1-SNAPSHOT]
	at org.springframework.boot.loader.launch.LaunchedClassLoader.loadClass(LaunchedClassLoader.java:91) ~[threat-platform-0.0.1-SNAPSHOT.jar:0.0.1-SNAPSHOT]
	at java.base/java.lang.ClassLoader.loadClass(ClassLoader.java:520) ~[na:na]
	... 13 common frames omitted

2026-06-17T21:09:19.756+08:00 ERROR 37112 --- [threat-platform] [Container#10-13] o.s.a.r.l.SimpleMessageListenerContainer : Consumer thread error, thread abort.

java.lang.NoClassDefFoundError: com/cd/mq/WindowsSecurityEventParser
	at com.cd.mq.WindowsEventLogListener.onMessage(WindowsEventLogListener.java:126) ~[!/:0.0.1-SNAPSHOT]
	at java.base/jdk.internal.reflect.NativeMethodAccessorImpl.invoke0(Native Method) ~[na:na]
	at java.base/jdk.internal.reflect.NativeMethodAccessorImpl.invoke(NativeMethodAccessorImpl.java:77) ~[na:na]
	at java.base/jdk.internal.reflect.DelegatingMethodAccessorImpl.invoke(DelegatingMethodAccessorImpl.java:43) ~[na:na]
	at java.base/java.lang.reflect.Method.invoke(Method.java:568) ~[na:na]
	at org.springframework.messaging.handler.invocation.InvocableHandlerMethod.doInvoke(InvocableHandlerMethod.java:169) ~[spring-messaging-6.1.8.jar!/:6.1.8]
	at org.springframework.amqp.rabbit.listener.adapter.KotlinAwareInvocableHandlerMethod.doInvoke(KotlinAwareInvocableHandlerMethod.java:45) ~[spring-rabbit-3.1.5.jar!/:3.1.5]
	at org.springframework.messaging.handler.invocation.InvocableHandlerMethod.invoke(InvocableHandlerMethod.java:119) ~[spring-messaging-6.1.8.jar!/:6.1.8]
	at org.springframework.amqp.rabbit.listener.adapter.HandlerAdapter.invoke(HandlerAdapter.java:75) ~[spring-rabbit-3.1.5.jar!/:3.1.5]
	at org.springframework.amqp.rabbit.listener.adapter.MessagingMessageListenerAdapter.invokeHandler(MessagingMessageListenerAdapter.java:278) ~[spring-rabbit-3.1.5.jar!/:3.1.5]
	at org.springframework.amqp.rabbit.listener.adapter.MessagingMessageListenerAdapter.invokeHandlerAndProcessResult(MessagingMessageListenerAdapter.java:225) ~[spring-rabbit-3.1.5.jar!/:3.1.5]
	at org.springframework.amqp.rabbit.listener.adapter.MessagingMessageListenerAdapter.onMessage(MessagingMessageListenerAdapter.java:149) ~[spring-rabbit-3.1.5.jar!/:3.1.5]
	at org.springframework.amqp.rabbit.listener.AbstractMessageListenerContainer.doInvokeListener(AbstractMessageListenerContainer.java:1682) ~[spring-rabbit-3.1.5.jar!/:3.1.5]
	at org.springframework.amqp.rabbit.listener.AbstractMessageListenerContainer.actualInvokeListener(AbstractMessageListenerContainer.java:1604) ~[spring-rabbit-3.1.5.jar!/:3.1.5]
	at org.springframework.amqp.rabbit.listener.AbstractMessageListenerContainer.invokeListener(AbstractMessageListenerContainer.java:1592) ~[spring-rabbit-3.1.5.jar!/:3.1.5]
	at org.springframework.amqp.rabbit.listener.AbstractMessageListenerContainer.doExecuteListener(AbstractMessageListenerContainer.java:1583) ~[spring-rabbit-3.1.5.jar!/:3.1.5]
	at org.springframework.amqp.rabbit.listener.AbstractMessageListenerContainer.executeListenerAndHandleException(AbstractMessageListenerContainer.java:1528) ~[spring-rabbit-3.1.5.jar!/:3.1.5]
	at org.springframework.amqp.rabbit.listener.AbstractMessageListenerContainer.lambda$executeListener$8(AbstractMessageListenerContainer.java:1506) ~[spring-rabbit-3.1.5.jar!/:3.1.5]
	at io.micrometer.observation.Observation.observe(Observation.java:499) ~[micrometer-observation-1.13.0.jar!/:1.13.0]
	at org.springframework.amqp.rabbit.listener.AbstractMessageListenerContainer.executeListener(AbstractMessageListenerContainer.java:1506) ~[spring-rabbit-3.1.5.jar!/:3.1.5]
	at org.springframework.amqp.rabbit.listener.SimpleMessageListenerContainer.doReceiveAndExecute(SimpleMessageListenerContainer.java:1082) ~[spring-rabbit-3.1.5.jar!/:3.1.5]
	at org.springframework.amqp.rabbit.listener.SimpleMessageListenerContainer.receiveAndExecute(SimpleMessageListenerContainer.java:1018) ~[spring-rabbit-3.1.5.jar!/:3.1.5]
	at org.springframework.amqp.rabbit.listener.SimpleMessageListenerContainer$AsyncMessageProcessingConsumer.mainLoop(SimpleMessageListenerContainer.java:1420) ~[spring-rabbit-3.1.5.jar!/:3.1.5]
	at org.springframework.amqp.rabbit.listener.SimpleMessageListenerContainer$AsyncMessageProcessingConsumer.run(SimpleMessageListenerContainer.java:1322) ~[spring-rabbit-3.1.5.jar!/:3.1.5]
	at java.base/java.lang.Thread.run(Thread.java:833) ~[na:na]
Caused by: java.lang.ClassNotFoundException: com.cd.mq.WindowsSecurityEventParser
	at java.base/java.net.URLClassLoader.findClass(URLClassLoader.java:445) ~[na:na]
	at java.base/java.lang.ClassLoader.loadClass(ClassLoader.java:587) ~[na:na]
	at org.springframework.boot.loader.net.protocol.jar.JarUrlClassLoader.loadClass(JarUrlClassLoader.java:103) ~[threat-platform-0.0.1-SNAPSHOT.jar:0.0.1-SNAPSHOT]
	at org.springframework.boot.loader.launch.LaunchedClassLoader.loadClass(LaunchedClassLoader.java:91) ~[threat-platform-0.0.1-SNAPSHOT.jar:0.0.1-SNAPSHOT]
	at java.base/java.lang.ClassLoader.loadClass(ClassLoader.java:520) ~[na:na]
	... 25 common frames omitted

2026-06-17T21:09:22.370+08:00  INFO 37112 --- [threat-platform] [ntContainer#8-7] com.cd.mq.SysInfoListener                : 主机信息已入库: mac=CC:5E:F8:A1:31:B3, hostname=renaissance
2026-06-17T21:09:22.730+08:00 ERROR 37112 --- [threat-platform] [5.139.242:15333] o.s.a.r.c.CachingConnectionFactory       : Shutdown Signal: channel error; protocol method: #method<channel.close>(reply-code=406, reply-text=PRECONDITION_FAILED - inequivalent arg 'x-expires' for queue 'agent_cc5ef8a131b3_queue' in vhost 'my_vhost': received the value '259200000' of type 'long' but current is none, class-id=50, method-id=10)
2026-06-17T21:09:22.880+08:00 ERROR 37112 --- [threat-platform] [ntContainer#8-7] com.cd.mq.SysInfoListener                : 处理主机信息消息失败，已丢弃该消息: {"主机名": {"主机名": "renaissance"}, "本机IPv4地址": {"本机IPv4": "10.134.160.93"}, "MAC地址": {"MAC地址": "CC:5E:F8:A1:31:B3"}, "操作系统信息": {"系统名称": "Windows", "系统版本": "10.0.26200", "系统架构": "64位", "具体版本": "Windows 11"}, "CPU信息": {"CPU型号": "AMD64 Family 25 Model 116 Stepping 1, AuthenticAMD", "物理核心数": 8, "逻辑核心数": 16}, "内存信息": {"总内存": "31.31 GB", "已使用内存": "27.25 GB", "可用内存": "4.06 GB", "使用率": "87.0%"}}

org.springframework.amqp.AmqpIOException: java.io.IOException
	at org.springframework.amqp.rabbit.support.RabbitExceptionTranslator.convertRabbitAccessException(RabbitExceptionTranslator.java:70) ~[spring-rabbit-3.1.5.jar!/:3.1.5]
	at org.springframework.amqp.rabbit.connection.RabbitAccessor.convertRabbitAccessException(RabbitAccessor.java:119) ~[spring-rabbit-3.1.5.jar!/:3.1.5]
	at org.springframework.amqp.rabbit.core.RabbitTemplate.doExecute(RabbitTemplate.java:2276) ~[spring-rabbit-3.1.5.jar!/:3.1.5]
	at org.springframework.amqp.rabbit.core.RabbitTemplate.execute(RabbitTemplate.java:2222) ~[spring-rabbit-3.1.5.jar!/:3.1.5]
	at org.springframework.amqp.rabbit.core.RabbitTemplate.execute(RabbitTemplate.java:2202) ~[spring-rabbit-3.1.5.jar!/:3.1.5]
	at org.springframework.amqp.rabbit.core.RabbitAdmin.declareQueue(RabbitAdmin.java:302) ~[spring-rabbit-3.1.5.jar!/:3.1.5]
	at com.cd.mq.SysInfoListener.routeToAgentQueue(SysInfoListener.java:101) ~[!/:0.0.1-SNAPSHOT]
	at com.cd.mq.SysInfoListener.onMessage(SysInfoListener.java:73) ~[!/:0.0.1-SNAPSHOT]
	at java.base/jdk.internal.reflect.NativeMethodAccessorImpl.invoke0(Native Method) ~[na:na]
	at java.base/jdk.internal.reflect.NativeMethodAccessorImpl.invoke(NativeMethodAccessorImpl.java:77) ~[na:na]
	at java.base/jdk.internal.reflect.DelegatingMethodAccessorImpl.invoke(DelegatingMethodAccessorImpl.java:43) ~[na:na]
	at java.base/java.lang.reflect.Method.invoke(Method.java:568) ~[na:na]
	at org.springframework.messaging.handler.invocation.InvocableHandlerMethod.doInvoke(InvocableHandlerMethod.java:169) ~[spring-messaging-6.1.8.jar!/:6.1.8]
	at org.springframework.amqp.rabbit.listener.adapter.KotlinAwareInvocableHandlerMethod.doInvoke(KotlinAwareInvocableHandlerMethod.java:45) ~[spring-rabbit-3.1.5.jar!/:3.1.5]
	at org.springframework.messaging.handler.invocation.InvocableHandlerMethod.invoke(InvocableHandlerMethod.java:119) ~[spring-messaging-6.1.8.jar!/:6.1.8]
	at org.springframework.amqp.rabbit.listener.adapter.HandlerAdapter.invoke(HandlerAdapter.java:75) ~[spring-rabbit-3.1.5.jar!/:3.1.5]
	at org.springframework.amqp.rabbit.listener.adapter.MessagingMessageListenerAdapter.invokeHandler(MessagingMessageListenerAdapter.java:278) ~[spring-rabbit-3.1.5.jar!/:3.1.5]
	at org.springframework.amqp.rabbit.listener.adapter.MessagingMessageListenerAdapter.invokeHandlerAndProcessResult(MessagingMessageListenerAdapter.java:225) ~[spring-rabbit-3.1.5.jar!/:3.1.5]
	at org.springframework.amqp.rabbit.listener.adapter.MessagingMessageListenerAdapter.onMessage(MessagingMessageListenerAdapter.java:149) ~[spring-rabbit-3.1.5.jar!/:3.1.5]
	at org.springframework.amqp.rabbit.listener.AbstractMessageListenerContainer.doInvokeListener(AbstractMessageListenerContainer.java:1682) ~[spring-rabbit-3.1.5.jar!/:3.1.5]
	at org.springframework.amqp.rabbit.listener.AbstractMessageListenerContainer.actualInvokeListener(AbstractMessageListenerContainer.java:1604) ~[spring-rabbit-3.1.5.jar!/:3.1.5]
	at org.springframework.amqp.rabbit.listener.AbstractMessageListenerContainer.invokeListener(AbstractMessageListenerContainer.java:1592) ~[spring-rabbit-3.1.5.jar!/:3.1.5]
	at org.springframework.amqp.rabbit.listener.AbstractMessageListenerContainer.doExecuteListener(AbstractMessageListenerContainer.java:1583) ~[spring-rabbit-3.1.5.jar!/:3.1.5]
	at org.springframework.amqp.rabbit.listener.AbstractMessageListenerContainer.executeListenerAndHandleException(AbstractMessageListenerContainer.java:1528) ~[spring-rabbit-3.1.5.jar!/:3.1.5]
	at org.springframework.amqp.rabbit.listener.AbstractMessageListenerContainer.lambda$executeListener$8(AbstractMessageListenerContainer.java:1506) ~[spring-rabbit-3.1.5.jar!/:3.1.5]
	at io.micrometer.observation.Observation.observe(Observation.java:499) ~[micrometer-observation-1.13.0.jar!/:1.13.0]
	at org.springframework.amqp.rabbit.listener.AbstractMessageListenerContainer.executeListener(AbstractMessageListenerContainer.java:1506) ~[spring-rabbit-3.1.5.jar!/:3.1.5]
	at org.springframework.amqp.rabbit.listener.SimpleMessageListenerContainer.doReceiveAndExecute(SimpleMessageListenerContainer.java:1082) ~[spring-rabbit-3.1.5.jar!/:3.1.5]
	at org.springframework.amqp.rabbit.listener.SimpleMessageListenerContainer.receiveAndExecute(SimpleMessageListenerContainer.java:1018) ~[spring-rabbit-3.1.5.jar!/:3.1.5]
	at org.springframework.amqp.rabbit.listener.SimpleMessageListenerContainer$AsyncMessageProcessingConsumer.mainLoop(SimpleMessageListenerContainer.java:1420) ~[spring-rabbit-3.1.5.jar!/:3.1.5]
	at org.springframework.amqp.rabbit.listener.SimpleMessageListenerContainer$AsyncMessageProcessingConsumer.run(SimpleMessageListenerContainer.java:1322) ~[spring-rabbit-3.1.5.jar!/:3.1.5]
	at java.base/java.lang.Thread.run(Thread.java:833) ~[na:na]
Caused by: java.io.IOException: null
	at com.rabbitmq.client.impl.AMQChannel.wrap(AMQChannel.java:140) ~[amqp-client-5.21.0.jar!/:5.21.0]
	at com.rabbitmq.client.impl.AMQChannel.wrap(AMQChannel.java:136) ~[amqp-client-5.21.0.jar!/:5.21.0]
	at com.rabbitmq.client.impl.AMQChannel.exnWrappingRpc(AMQChannel.java:158) ~[amqp-client-5.21.0.jar!/:5.21.0]
	at com.rabbitmq.client.impl.ChannelN.queueDeclare(ChannelN.java:989) ~[amqp-client-5.21.0.jar!/:5.21.0]
	at com.rabbitmq.client.impl.ChannelN.queueDeclare(ChannelN.java:47) ~[amqp-client-5.21.0.jar!/:5.21.0]
	at jdk.internal.reflect.GeneratedMethodAccessor125.invoke(Unknown Source) ~[na:na]
	at java.base/jdk.internal.reflect.DelegatingMethodAccessorImpl.invoke(DelegatingMethodAccessorImpl.java:43) ~[na:na]
	at java.base/java.lang.reflect.Method.invoke(Method.java:568) ~[na:na]
	at org.springframework.amqp.rabbit.connection.CachingConnectionFactory$CachedChannelInvocationHandler.invoke(CachingConnectionFactory.java:1203) ~[spring-rabbit-3.1.5.jar!/:3.1.5]
	at jdk.proxy2/jdk.proxy2.$Proxy158.queueDeclare(Unknown Source) ~[na:na]
	at org.springframework.amqp.rabbit.core.RabbitAdmin.declareQueues(RabbitAdmin.java:863) ~[spring-rabbit-3.1.5.jar!/:3.1.5]
	at org.springframework.amqp.rabbit.core.RabbitAdmin.lambda$declareQueue$4(RabbitAdmin.java:303) ~[spring-rabbit-3.1.5.jar!/:3.1.5]
	at org.springframework.amqp.rabbit.core.RabbitTemplate.invokeAction(RabbitTemplate.java:2309) ~[spring-rabbit-3.1.5.jar!/:3.1.5]
	at org.springframework.amqp.rabbit.core.RabbitTemplate.doExecute(RabbitTemplate.java:2270) ~[spring-rabbit-3.1.5.jar!/:3.1.5]
	... 29 common frames omitted
Caused by: com.rabbitmq.client.ShutdownSignalException: channel error; protocol method: #method<channel.close>(reply-code=406, reply-text=PRECONDITION_FAILED - inequivalent arg 'x-expires' for queue 'agent_cc5ef8a131b3_queue' in vhost 'my_vhost': received the value '259200000' of type 'long' but current is none, class-id=50, method-id=10)
	at com.rabbitmq.utility.ValueOrException.getValue(ValueOrException.java:66) ~[amqp-client-5.21.0.jar!/:5.21.0]
	at com.rabbitmq.utility.BlockingValueOrException.uninterruptibleGetValue(BlockingValueOrException.java:36) ~[amqp-client-5.21.0.jar!/:5.21.0]
	at com.rabbitmq.client.impl.AMQChannel$BlockingRpcContinuation.getReply(AMQChannel.java:552) ~[amqp-client-5.21.0.jar!/:5.21.0]
	at com.rabbitmq.client.impl.AMQChannel.privateRpc(AMQChannel.java:316) ~[amqp-client-5.21.0.jar!/:5.21.0]
	at com.rabbitmq.client.impl.AMQChannel.exnWrappingRpc(AMQChannel.java:152) ~[amqp-client-5.21.0.jar!/:5.21.0]
	... 40 common frames omitted
Caused by: com.rabbitmq.client.ShutdownSignalException: channel error; protocol method: #method<channel.close>(reply-code=406, reply-text=PRECONDITION_FAILED - inequivalent arg 'x-expires' for queue 'agent_cc5ef8a131b3_queue' in vhost 'my_vhost': received the value '259200000' of type 'long' but current is none, class-id=50, method-id=10)
	at com.rabbitmq.client.impl.ChannelN.asyncShutdown(ChannelN.java:528) ~[amqp-client-5.21.0.jar!/:5.21.0]
	at com.rabbitmq.client.impl.ChannelN.processAsync(ChannelN.java:349) ~[amqp-client-5.21.0.jar!/:5.21.0]
	at com.rabbitmq.client.impl.AMQChannel.handleCompleteInboundCommand(AMQChannel.java:193) ~[amqp-client-5.21.0.jar!/:5.21.0]
	at com.rabbitmq.client.impl.AMQChannel.handleFrame(AMQChannel.java:125) ~[amqp-client-5.21.0.jar!/:5.21.0]
	at com.rabbitmq.client.impl.AMQConnection.readFrame(AMQConnection.java:761) ~[amqp-client-5.21.0.jar!/:5.21.0]
	at com.rabbitmq.client.impl.AMQConnection.access$400(AMQConnection.java:48) ~[amqp-client-5.21.0.jar!/:5.21.0]
	at com.rabbitmq.client.impl.AMQConnection$MainLoop.run(AMQConnection.java:688) ~[amqp-client-5.21.0.jar!/:5.21.0]
	... 1 common frames omitted

2026-06-17T21:09:27.217+08:00  INFO 37112 --- [threat-platform] [ntContainer#6-7] c.cd.service.impl.PatchScanServiceImpl   : 收到补丁扫描消息: queue=patch_scan_queue
2026-06-17T21:09:27.219+08:00  INFO 37112 --- [threat-platform] [ntContainer#6-7] c.cd.service.impl.PatchScanServiceImpl   : 关联主机成功: host_id=20383, mac=CC:5E:F8:A1:31:B3, patch_count=5
2026-06-17T21:09:27.222+08:00  INFO 37112 --- [threat-platform] [ntContainer#6-7] c.cd.service.impl.PatchScanServiceImpl   : host_patch_status入库成功: host_id=20383
2026-06-17T21:09:27.235+08:00  INFO 37112 --- [threat-platform] [ntContainer#6-7] c.cd.service.impl.PatchScanServiceImpl   : installed_patch入库成功: host_id=20383, patch_count=5
2026-06-17T21:09:49.761+08:00  INFO 37112 --- [threat-platform] [ionShutdownHook] o.s.c.support.DefaultLifecycleProcessor  : Shutdown phase 2147483647 ends with 1 bean still running after timeout of 30000ms: [org.springframework.amqp.rabbit.config.internalRabbitListenerEndpointRegistry]
2026-06-17T21:09:49.766+08:00  WARN 37112 --- [threat-platform] [ionShutdownHook] o.s.c.support.DefaultLifecycleProcessor  : Failed to stop bean 'webServerGracefulShutdown'

java.lang.NoClassDefFoundError: org/springframework/boot/web/server/GracefulShutdownCallback
	at org.springframework.boot.web.context.WebServerGracefulShutdownLifecycle.stop(WebServerGracefulShutdownLifecycle.java:62) ~[spring-boot-3.3.0.jar!/:3.3.0]
	at org.springframework.context.support.DefaultLifecycleProcessor.doStop(DefaultLifecycleProcessor.java:348) ~[spring-context-6.1.8.jar!/:6.1.8]
	at org.springframework.context.support.DefaultLifecycleProcessor$LifecycleGroup.stop(DefaultLifecycleProcessor.java:487) ~[spring-context-6.1.8.jar!/:6.1.8]
	at java.base/java.lang.Iterable.forEach(Iterable.java:75) ~[na:na]
	at org.springframework.context.support.DefaultLifecycleProcessor.stopBeans(DefaultLifecycleProcessor.java:317) ~[spring-context-6.1.8.jar!/:6.1.8]
	at org.springframework.context.support.DefaultLifecycleProcessor.onClose(DefaultLifecycleProcessor.java:218) ~[spring-context-6.1.8.jar!/:6.1.8]
	at org.springframework.context.support.AbstractApplicationContext.doClose(AbstractApplicationContext.java:1139) ~[spring-context-6.1.8.jar!/:6.1.8]
	at org.springframework.boot.web.servlet.context.ServletWebServerApplicationContext.doClose(ServletWebServerApplicationContext.java:174) ~[spring-boot-3.3.0.jar!/:3.3.0]
	at org.springframework.context.support.AbstractApplicationContext.close(AbstractApplicationContext.java:1093) ~[spring-context-6.1.8.jar!/:6.1.8]
	at org.springframework.boot.SpringApplicationShutdownHook.closeAndWait(SpringApplicationShutdownHook.java:145) ~[spring-boot-3.3.0.jar!/:3.3.0]
	at java.base/java.lang.Iterable.forEach(Iterable.java:75) ~[na:na]
	at org.springframework.boot.SpringApplicationShutdownHook.run(SpringApplicationShutdownHook.java:114) ~[spring-boot-3.3.0.jar!/:3.3.0]
	at java.base/java.lang.Thread.run(Thread.java:833) ~[na:na]
Caused by: java.lang.ClassNotFoundException: org.springframework.boot.web.server.GracefulShutdownCallback
	at java.base/java.net.URLClassLoader.findClass(URLClassLoader.java:445) ~[na:na]
	at java.base/java.lang.ClassLoader.loadClass(ClassLoader.java:587) ~[na:na]
	at org.springframework.boot.loader.net.protocol.jar.JarUrlClassLoader.loadClass(JarUrlClassLoader.java:103) ~[threat-platform-0.0.1-SNAPSHOT.jar:0.0.1-SNAPSHOT]
	at org.springframework.boot.loader.launch.LaunchedClassLoader.loadClass(LaunchedClassLoader.java:91) ~[threat-platform-0.0.1-SNAPSHOT.jar:0.0.1-SNAPSHOT]
	at java.base/java.lang.ClassLoader.loadClass(ClassLoader.java:520) ~[na:na]
	... 13 common frames omitted

2026-06-17T21:10:19.779+08:00  INFO 37112 --- [threat-platform] [ionShutdownHook] o.s.c.support.DefaultLifecycleProcessor  : Shutdown phase 2147482623 ends with 1 bean still running after timeout of 30000ms: [webServerGracefulShutdown]
2026-06-17T21:10:19.794+08:00  WARN 37112 --- [threat-platform] [ionShutdownHook] o.s.c.support.DefaultLifecycleProcessor  : Failed to stop bean 'webServerStartStop'

java.lang.NoClassDefFoundError: org/apache/catalina/Lifecycle$SingleUse
	at org.apache.catalina.util.LifecycleBase.stop(LifecycleBase.java:254) ~[tomcat-embed-core-10.1.24.jar!/:na]
	at org.apache.catalina.core.StandardService.removeConnector(StandardService.java:299) ~[tomcat-embed-core-10.1.24.jar!/:na]
	at org.springframework.boot.web.embedded.tomcat.TomcatWebServer.lambda$removeServiceConnectors$1(TomcatWebServer.java:173) ~[spring-boot-3.3.0.jar!/:3.3.0]
	at org.springframework.boot.web.embedded.tomcat.TomcatWebServer.doWithConnectors(TomcatWebServer.java:192) ~[spring-boot-3.3.0.jar!/:3.3.0]
	at org.springframework.boot.web.embedded.tomcat.TomcatWebServer.removeServiceConnectors(TomcatWebServer.java:170) ~[spring-boot-3.3.0.jar!/:3.3.0]
	at org.springframework.boot.web.embedded.tomcat.TomcatWebServer.stop(TomcatWebServer.java:358) ~[spring-boot-3.3.0.jar!/:3.3.0]
	at org.springframework.boot.web.servlet.context.WebServerStartStopLifecycle.stop(WebServerStartStopLifecycle.java:53) ~[spring-boot-3.3.0.jar!/:3.3.0]
	at org.springframework.context.SmartLifecycle.stop(SmartLifecycle.java:117) ~[spring-context-6.1.8.jar!/:6.1.8]
	at org.springframework.context.support.DefaultLifecycleProcessor.doStop(DefaultLifecycleProcessor.java:348) ~[spring-context-6.1.8.jar!/:6.1.8]
	at org.springframework.context.support.DefaultLifecycleProcessor$LifecycleGroup.stop(DefaultLifecycleProcessor.java:487) ~[spring-context-6.1.8.jar!/:6.1.8]
	at java.base/java.lang.Iterable.forEach(Iterable.java:75) ~[na:na]
	at org.springframework.context.support.DefaultLifecycleProcessor.stopBeans(DefaultLifecycleProcessor.java:317) ~[spring-context-6.1.8.jar!/:6.1.8]
	at org.springframework.context.support.DefaultLifecycleProcessor.onClose(DefaultLifecycleProcessor.java:218) ~[spring-context-6.1.8.jar!/:6.1.8]
	at org.springframework.context.support.AbstractApplicationContext.doClose(AbstractApplicationContext.java:1139) ~[spring-context-6.1.8.jar!/:6.1.8]
	at org.springframework.boot.web.servlet.context.ServletWebServerApplicationContext.doClose(ServletWebServerApplicationContext.java:174) ~[spring-boot-3.3.0.jar!/:3.3.0]
	at org.springframework.context.support.AbstractApplicationContext.close(AbstractApplicationContext.java:1093) ~[spring-context-6.1.8.jar!/:6.1.8]
	at org.springframework.boot.SpringApplicationShutdownHook.closeAndWait(SpringApplicationShutdownHook.java:145) ~[spring-boot-3.3.0.jar!/:3.3.0]
	at java.base/java.lang.Iterable.forEach(Iterable.java:75) ~[na:na]
	at org.springframework.boot.SpringApplicationShutdownHook.run(SpringApplicationShutdownHook.java:114) ~[spring-boot-3.3.0.jar!/:3.3.0]
	at java.base/java.lang.Thread.run(Thread.java:833) ~[na:na]
Caused by: java.lang.ClassNotFoundException: org.apache.catalina.Lifecycle$SingleUse
	at java.base/java.net.URLClassLoader.findClass(URLClassLoader.java:445) ~[na:na]
	at java.base/java.lang.ClassLoader.loadClass(ClassLoader.java:587) ~[na:na]
	at org.springframework.boot.loader.net.protocol.jar.JarUrlClassLoader.loadClass(JarUrlClassLoader.java:103) ~[threat-platform-0.0.1-SNAPSHOT.jar:0.0.1-SNAPSHOT]
	at org.springframework.boot.loader.launch.LaunchedClassLoader.loadClass(LaunchedClassLoader.java:91) ~[threat-platform-0.0.1-SNAPSHOT.jar:0.0.1-SNAPSHOT]
	at java.base/java.lang.ClassLoader.loadClass(ClassLoader.java:520) ~[na:na]
	... 20 common frames omitted

2026-06-17T21:10:49.797+08:00  INFO 37112 --- [threat-platform] [ionShutdownHook] o.s.c.support.DefaultLifecycleProcessor  : Shutdown phase 2147481599 ends with 1 bean still running after timeout of 30000ms: [webServerStartStop]
2026-06-17T21:10:49.809+08:00  WARN 37112 --- [threat-platform] [5.139.242:15333] c.r.c.impl.ForgivingExceptionHandler     : An unexpected connection driver error occurred (Exception message: Socket closed)
2026-06-17T21:10:49.809+08:00  WARN 37112 --- [threat-platform] [ionShutdownHook] o.s.c.support.DefaultLifecycleProcessor  : Failed to stop bean 'rabbitConnectionFactory'

java.lang.NoClassDefFoundError: com/rabbitmq/client/AMQP$Connection$Close$Builder
	at com.rabbitmq.client.impl.AMQConnection.close(AMQConnection.java:1121) ~[amqp-client-5.21.0.jar!/:5.21.0]
	at com.rabbitmq.client.impl.AMQConnection.close(AMQConnection.java:1056) ~[amqp-client-5.21.0.jar!/:5.21.0]
	at com.rabbitmq.client.impl.AMQConnection.close(AMQConnection.java:1040) ~[amqp-client-5.21.0.jar!/:5.21.0]
	at org.springframework.amqp.rabbit.connection.SimpleConnection.close(SimpleConnection.java:110) ~[spring-rabbit-3.1.5.jar!/:3.1.5]
	at org.springframework.amqp.rabbit.connection.RabbitUtils.closeConnection(RabbitUtils.java:96) ~[spring-rabbit-3.1.5.jar!/:3.1.5]
	at org.springframework.amqp.rabbit.connection.CachingConnectionFactory$ChannelCachingConnectionProxy.destroy(CachingConnectionFactory.java:1556) ~[spring-rabbit-3.1.5.jar!/:3.1.5]
	at org.springframework.amqp.rabbit.connection.CachingConnectionFactory.resetConnection(CachingConnectionFactory.java:906) ~[spring-rabbit-3.1.5.jar!/:3.1.5]
	at org.springframework.amqp.rabbit.connection.CachingConnectionFactory.stop(CachingConnectionFactory.java:485) ~[spring-rabbit-3.1.5.jar!/:3.1.5]
	at org.springframework.context.SmartLifecycle.stop(SmartLifecycle.java:117) ~[spring-context-6.1.8.jar!/:6.1.8]
	at org.springframework.context.support.DefaultLifecycleProcessor.doStop(DefaultLifecycleProcessor.java:348) ~[spring-context-6.1.8.jar!/:6.1.8]
	at org.springframework.context.support.DefaultLifecycleProcessor$LifecycleGroup.stop(DefaultLifecycleProcessor.java:487) ~[spring-context-6.1.8.jar!/:6.1.8]
	at java.base/java.lang.Iterable.forEach(Iterable.java:75) ~[na:na]
	at org.springframework.context.support.DefaultLifecycleProcessor.stopBeans(DefaultLifecycleProcessor.java:317) ~[spring-context-6.1.8.jar!/:6.1.8]
	at org.springframework.context.support.DefaultLifecycleProcessor.onClose(DefaultLifecycleProcessor.java:218) ~[spring-context-6.1.8.jar!/:6.1.8]
	at org.springframework.context.support.AbstractApplicationContext.doClose(AbstractApplicationContext.java:1139) ~[spring-context-6.1.8.jar!/:6.1.8]
	at org.springframework.boot.web.servlet.context.ServletWebServerApplicationContext.doClose(ServletWebServerApplicationContext.java:174) ~[spring-boot-3.3.0.jar!/:3.3.0]
	at org.springframework.context.support.AbstractApplicationContext.close(AbstractApplicationContext.java:1093) ~[spring-context-6.1.8.jar!/:6.1.8]
	at org.springframework.boot.SpringApplicationShutdownHook.closeAndWait(SpringApplicationShutdownHook.java:145) ~[spring-boot-3.3.0.jar!/:3.3.0]
	at java.base/java.lang.Iterable.forEach(Iterable.java:75) ~[na:na]
	at org.springframework.boot.SpringApplicationShutdownHook.run(SpringApplicationShutdownHook.java:114) ~[spring-boot-3.3.0.jar!/:3.3.0]
	at java.base/java.lang.Thread.run(Thread.java:833) ~[na:na]
Caused by: java.lang.ClassNotFoundException: com.rabbitmq.client.AMQP$Connection$Close$Builder
	at java.base/java.net.URLClassLoader.findClass(URLClassLoader.java:445) ~[na:na]
	at java.base/java.lang.ClassLoader.loadClass(ClassLoader.java:587) ~[na:na]
	at org.springframework.boot.loader.net.protocol.jar.JarUrlClassLoader.loadClass(JarUrlClassLoader.java:103) ~[threat-platform-0.0.1-SNAPSHOT.jar:0.0.1-SNAPSHOT]
	at org.springframework.boot.loader.launch.LaunchedClassLoader.loadClass(LaunchedClassLoader.java:91) ~[threat-platform-0.0.1-SNAPSHOT.jar:0.0.1-SNAPSHOT]
	at java.base/java.lang.ClassLoader.loadClass(ClassLoader.java:520) ~[na:na]
	... 21 common frames omitted

2026-06-17T21:10:49.829+08:00  INFO 37112 --- [threat-platform] [ntContainer#2-7] o.s.a.r.l.SimpleMessageListenerContainer : Restarting Consumer@5bf5637: tags=[[amq.ctag-FxsKFaTXz3imxzyaSDthTA]], channel=Cached Rabbit Channel: AMQChannel(amqp://admin@139.155.139.242:15333/my_vhost,2), conn: Proxy@41c88e00 Shared Rabbit Connection: SimpleConnection@b355561 [delegate=amqp://admin@139.155.139.242:15333/my_vhost, localPort=51848], acknowledgeMode=AUTO local queue size=0
2026-06-17T21:10:49.830+08:00  INFO 37112 --- [threat-platform] [ntContainer#2-8] o.s.a.r.c.CachingConnectionFactory       : Attempting to connect to: [139.155.139.242:15333]
2026-06-17T21:10:49.876+08:00  INFO 37112 --- [threat-platform] [ntContainer#2-8] o.s.a.r.c.CachingConnectionFactory       : Created new connection: rabbitConnectionFactory#647ff23e:112/SimpleConnection@29405d6b [delegate=amqp://admin@139.155.139.242:15333/my_vhost, localPort=63291]
2026-06-17T21:10:50.012+08:00  INFO 37112 --- [threat-platform] [ntContainer#6-7] o.s.a.r.l.SimpleMessageListenerContainer : Restarting Consumer@611589f1: tags=[[amq.ctag-1eHzJEH_ggn1OdMueTrndQ]], channel=Cached Rabbit Channel: AMQChannel(amqp://admin@139.155.139.242:15333/my_vhost,12), conn: Proxy@41c88e00 Shared Rabbit Connection: SimpleConnection@29405d6b [delegate=amqp://admin@139.155.139.242:15333/my_vhost, localPort=63291], acknowledgeMode=AUTO local queue size=0
2026-06-17T21:10:50.027+08:00  INFO 37112 --- [threat-platform] [ntContainer#7-7] o.s.a.r.l.SimpleMessageListenerContainer : Restarting Consumer@68aaa523: tags=[[amq.ctag-KX-oSIi-b9fMu99xoJbeGA]], channel=Cached Rabbit Channel: AMQChannel(amqp://admin@139.155.139.242:15333/my_vhost,7), conn: Proxy@41c88e00 Shared Rabbit Connection: SimpleConnection@29405d6b [delegate=amqp://admin@139.155.139.242:15333/my_vhost, localPort=63291], acknowledgeMode=AUTO local queue size=0
2026-06-17T21:10:50.043+08:00  INFO 37112 --- [threat-platform] [ntContainer#5-7] o.s.a.r.l.SimpleMessageListenerContainer : Restarting Consumer@3ee16590: tags=[[amq.ctag-6QUzGD5RiyajXXlceCt6sQ]], channel=Cached Rabbit Channel: AMQChannel(amqp://admin@139.155.139.242:15333/my_vhost,4), conn: Proxy@41c88e00 Shared Rabbit Connection: SimpleConnection@29405d6b [delegate=amqp://admin@139.155.139.242:15333/my_vhost, localPort=63291], acknowledgeMode=MANUAL local queue size=0
2026-06-17T21:10:50.166+08:00  INFO 37112 --- [threat-platform] [ntContainer#1-7] o.s.a.r.l.SimpleMessageListenerContainer : Restarting Consumer@3ef5bb39: tags=[[amq.ctag-OBM4nXBUpO3V7CU9oZvLjA]], channel=Cached Rabbit Channel: AMQChannel(amqp://admin@139.155.139.242:15333/my_vhost,10), conn: Proxy@41c88e00 Shared Rabbit Connection: SimpleConnection@29405d6b [delegate=amqp://admin@139.155.139.242:15333/my_vhost, localPort=63291], acknowledgeMode=AUTO local queue size=0
2026-06-17T21:10:50.211+08:00  INFO 37112 --- [threat-platform] [ntContainer#3-7] o.s.a.r.l.SimpleMessageListenerContainer : Restarting Consumer@5b243f3e: tags=[[amq.ctag-S3iygesZHu4_L9SMzTfToQ]], channel=Cached Rabbit Channel: AMQChannel(amqp://admin@139.155.139.242:15333/my_vhost,9), conn: Proxy@41c88e00 Shared Rabbit Connection: SimpleConnection@29405d6b [delegate=amqp://admin@139.155.139.242:15333/my_vhost, localPort=63291], acknowledgeMode=AUTO local queue size=0
2026-06-17T21:10:50.242+08:00  INFO 37112 --- [threat-platform] [ntContainer#9-7] o.s.a.r.l.SimpleMessageListenerContainer : Restarting Consumer@4529295b: tags=[[amq.ctag-1UQUoIjTARuKXk_9Nx9alQ]], channel=Cached Rabbit Channel: AMQChannel(amqp://admin@139.155.139.242:15333/my_vhost,6), conn: Proxy@41c88e00 Shared Rabbit Connection: SimpleConnection@29405d6b [delegate=amqp://admin@139.155.139.242:15333/my_vhost, localPort=63291], acknowledgeMode=AUTO local queue size=0
2026-06-17T21:10:50.242+08:00  INFO 37112 --- [threat-platform] [ntContainer#0-7] o.s.a.r.l.SimpleMessageListenerContainer : Restarting Consumer@2146516: tags=[[amq.ctag-ilImw2Mf__bLvPcrV28oDg]], channel=Cached Rabbit Channel: AMQChannel(amqp://admin@139.155.139.242:15333/my_vhost,1), conn: Proxy@41c88e00 Shared Rabbit Connection: SimpleConnection@29405d6b [delegate=amqp://admin@139.155.139.242:15333/my_vhost, localPort=63291], acknowledgeMode=AUTO local queue size=0
2026-06-17T21:10:50.414+08:00  INFO 37112 --- [threat-platform] [ntContainer#4-7] o.s.a.r.l.SimpleMessageListenerContainer : Restarting Consumer@5cc56027: tags=[[amq.ctag-h15AKjp9HT_H-2dz0qFzbg]], channel=Cached Rabbit Channel: AMQChannel(amqp://admin@139.155.139.242:15333/my_vhost,8), conn: Proxy@41c88e00 Shared Rabbit Connection: SimpleConnection@29405d6b [delegate=amqp://admin@139.155.139.242:15333/my_vhost, localPort=63291], acknowledgeMode=AUTO local queue size=0
2026-06-17T21:10:50.647+08:00  INFO 37112 --- [threat-platform] [ntContainer#8-7] o.s.a.r.l.SimpleMessageListenerContainer : Restarting Consumer@58ab77b5: tags=[[amq.ctag-UKwT6JLA8mrtk46-dnwZqQ]], channel=Cached Rabbit Channel: AMQChannel(amqp://admin@139.155.139.242:15333/my_vhost,5), conn: Proxy@41c88e00 Shared Rabbit Connection: SimpleConnection@29405d6b [delegate=amqp://admin@139.155.139.242:15333/my_vhost, localPort=63291], acknowledgeMode=AUTO local queue size=0
2026-06-17T21:11:19.811+08:00  INFO 37112 --- [threat-platform] [ionShutdownHook] o.s.c.support.DefaultLifecycleProcessor  : Shutdown phase -2147483648 ends with 1 bean still running after timeout of 30000ms: [rabbitConnectionFactory]
2026-06-17T21:11:19.813+08:00  INFO 37112 --- [threat-platform] [ionShutdownHook] o.s.a.r.l.SimpleMessageListenerContainer : Waiting for workers to finish.
2026-06-17T21:11:19.814+08:00  INFO 37112 --- [threat-platform] [ionShutdownHook] o.s.a.r.l.SimpleMessageListenerContainer : Successfully waited for workers to finish.
2026-06-17T21:11:19.828+08:00 ERROR 37112 --- [threat-platform] [5.139.242:15333] c.r.c.impl.ForgivingExceptionHandler     : An unexpected connection driver error occurred

java.lang.NoClassDefFoundError: com/rabbitmq/client/impl/ConsumerDispatcher$2
	at com.rabbitmq.client.impl.ConsumerDispatcher.handleCancelOk(ConsumerDispatcher.java:91) ~[amqp-client-5.21.0.jar!/:5.21.0]
	at com.rabbitmq.client.impl.ChannelN$7.transformReply(ChannelN.java:1509) ~[amqp-client-5.21.0.jar!/:5.21.0]
	at com.rabbitmq.client.impl.ChannelN$7.transformReply(ChannelN.java:1503) ~[amqp-client-5.21.0.jar!/:5.21.0]
	at com.rabbitmq.client.impl.AMQChannel$BlockingRpcContinuation.handleCommand(AMQChannel.java:536) ~[amqp-client-5.21.0.jar!/:5.21.0]
	at com.rabbitmq.client.impl.RpcContinuationRpcWrapper.complete(RpcContinuationRpcWrapper.java:38) ~[amqp-client-5.21.0.jar!/:5.21.0]
	at com.rabbitmq.client.impl.AMQChannel.handleCompleteInboundCommand(AMQChannel.java:214) ~[amqp-client-5.21.0.jar!/:5.21.0]
	at com.rabbitmq.client.impl.AMQChannel.handleFrame(AMQChannel.java:125) ~[amqp-client-5.21.0.jar!/:5.21.0]
	at com.rabbitmq.client.impl.AMQConnection.readFrame(AMQConnection.java:761) ~[amqp-client-5.21.0.jar!/:5.21.0]
	at com.rabbitmq.client.impl.AMQConnection.access$400(AMQConnection.java:48) ~[amqp-client-5.21.0.jar!/:5.21.0]
	at com.rabbitmq.client.impl.AMQConnection$MainLoop.run(AMQConnection.java:688) ~[amqp-client-5.21.0.jar!/:5.21.0]
	at java.base/java.lang.Thread.run(Thread.java:833) ~[na:na]
Caused by: java.lang.ClassNotFoundException: com.rabbitmq.client.impl.ConsumerDispatcher$2
	at java.base/java.net.URLClassLoader.findClass(URLClassLoader.java:445) ~[na:na]
	at java.base/java.lang.ClassLoader.loadClass(ClassLoader.java:587) ~[na:na]
	at org.springframework.boot.loader.net.protocol.jar.JarUrlClassLoader.loadClass(JarUrlClassLoader.java:103) ~[threat-platform-0.0.1-SNAPSHOT.jar:0.0.1-SNAPSHOT]
	at org.springframework.boot.loader.launch.LaunchedClassLoader.loadClass(LaunchedClassLoader.java:91) ~[threat-platform-0.0.1-SNAPSHOT.jar:0.0.1-SNAPSHOT]
	at java.base/java.lang.ClassLoader.loadClass(ClassLoader.java:520) ~[na:na]
	... 11 common frames omitted

2026-06-17T21:11:19.841+08:00  INFO 37112 --- [threat-platform] [ntContainer#4-8] o.s.a.r.l.SimpleMessageListenerContainer : Restarting Consumer@73059359: tags=[[amq.ctag-ZN491ahlQNcagi8hrXPKFg]], channel=Cached Rabbit Channel: AMQChannel(amqp://admin@139.155.139.242:15333/my_vhost,4), conn: Proxy@41c88e00 Shared Rabbit Connection: SimpleConnection@29405d6b [delegate=amqp://admin@139.155.139.242:15333/my_vhost, localPort=63291], acknowledgeMode=AUTO local queue size=0
2026-06-17T21:11:19.844+08:00  INFO 37112 --- [threat-platform] [ntContainer#4-9] o.s.a.r.c.CachingConnectionFactory       : Attempting to connect to: [139.155.139.242:15333]
2026-06-17T21:11:19.858+08:00  INFO 37112 --- [threat-platform] [ntContainer#1-8] o.s.a.r.l.SimpleMessageListenerContainer : Restarting Consumer@34055fcb: tags=[[amq.ctag-WT0d7QZfUMGZ9eGinngqdQ]], channel=Cached Rabbit Channel: AMQChannel(amqp://admin@139.155.139.242:15333/my_vhost,5), conn: Proxy@41c88e00 Shared Rabbit Connection: null, acknowledgeMode=AUTO local queue size=0
2026-06-17T21:11:19.889+08:00  INFO 37112 --- [threat-platform] [ntContainer#3-8] o.s.a.r.l.SimpleMessageListenerContainer : Restarting Consumer@396e9452: tags=[[amq.ctag-PoawzOG_6L4Pi6NeykXcxg]], channel=Cached Rabbit Channel: AMQChannel(amqp://admin@139.155.139.242:15333/my_vhost,6), conn: Proxy@41c88e00 Shared Rabbit Connection: null, acknowledgeMode=AUTO local queue size=0
2026-06-17T21:11:19.889+08:00  INFO 37112 --- [threat-platform] [ntContainer#9-8] o.s.a.r.l.SimpleMessageListenerContainer : Restarting Consumer@4714bc72: tags=[[amq.ctag-d1NSwMwLExpYfzCh_iGVyQ]], channel=Cached Rabbit Channel: AMQChannel(amqp://admin@139.155.139.242:15333/my_vhost,9), conn: Proxy@41c88e00 Shared Rabbit Connection: null, acknowledgeMode=AUTO local queue size=0
2026-06-17T21:11:19.889+08:00  INFO 37112 --- [threat-platform] [ntContainer#7-8] o.s.a.r.l.SimpleMessageListenerContainer : Restarting Consumer@176b50b7: tags=[[amq.ctag-h2VuAUnx0RLja68zCptZoQ]], channel=Cached Rabbit Channel: AMQChannel(amqp://admin@139.155.139.242:15333/my_vhost,3), conn: Proxy@41c88e00 Shared Rabbit Connection: null, acknowledgeMode=AUTO local queue size=0
2026-06-17T21:11:19.889+08:00  INFO 37112 --- [threat-platform] [ntContainer#4-9] o.s.a.r.c.CachingConnectionFactory       : Created new connection: rabbitConnectionFactory#647ff23e:113/SimpleConnection@670bf60b [delegate=amqp://admin@139.155.139.242:15333/my_vhost, localPort=62264]
2026-06-17T21:11:19.997+08:00  INFO 37112 --- [threat-platform] [ntContainer#8-8] o.s.a.r.l.SimpleMessageListenerContainer : Restarting Consumer@21bb3cd7: tags=[[amq.ctag-gy1Tf_0Az4iXAJUqgfebBQ]], channel=Cached Rabbit Channel: AMQChannel(amqp://admin@139.155.139.242:15333/my_vhost,10), conn: Proxy@41c88e00 Shared Rabbit Connection: SimpleConnection@670bf60b [delegate=amqp://admin@139.155.139.242:15333/my_vhost, localPort=62264], acknowledgeMode=AUTO local queue size=0
2026-06-17T21:11:20.153+08:00  INFO 37112 --- [threat-platform] [ntContainer#5-8] o.s.a.r.l.SimpleMessageListenerContainer : Restarting Consumer@77d20c0d: tags=[[amq.ctag-7N8vPkuooY-D6Yr3FJMJqg]], channel=Cached Rabbit Channel: AMQChannel(amqp://admin@139.155.139.242:15333/my_vhost,8), conn: Proxy@41c88e00 Shared Rabbit Connection: SimpleConnection@670bf60b [delegate=amqp://admin@139.155.139.242:15333/my_vhost, localPort=62264], acknowledgeMode=MANUAL local queue size=0
2026-06-17T21:11:20.841+08:00  INFO 37112 --- [threat-platform] [ntContainer#2-8] o.s.a.r.l.SimpleMessageListenerContainer : Restarting Consumer@20e1e0d9: tags=[[amq.ctag-D13ETmoH3zdFvy8Z_Qw7QQ]], channel=Cached Rabbit Channel: AMQChannel(amqp://admin@139.155.139.242:15333/my_vhost,2), conn: Proxy@41c88e00 Shared Rabbit Connection: SimpleConnection@670bf60b [delegate=amqp://admin@139.155.139.242:15333/my_vhost, localPort=62264], acknowledgeMode=AUTO local queue size=0
2026-06-17T21:11:20.841+08:00  INFO 37112 --- [threat-platform] [ntContainer#6-8] o.s.a.r.l.SimpleMessageListenerContainer : Restarting Consumer@6a126fa4: tags=[[amq.ctag-sQlyA5EYy3EbKkkRQr05yw]], channel=Cached Rabbit Channel: AMQChannel(amqp://admin@139.155.139.242:15333/my_vhost,1), conn: Proxy@41c88e00 Shared Rabbit Connection: SimpleConnection@670bf60b [delegate=amqp://admin@139.155.139.242:15333/my_vhost, localPort=62264], acknowledgeMode=AUTO local queue size=0
2026-06-17T21:21:19.825+08:00  INFO 37112 --- [threat-platform] [ionShutdownHook] o.s.a.r.l.SimpleMessageListenerContainer : Waiting for workers to finish.
2026-06-17T21:21:19.835+08:00  INFO 37112 --- [threat-platform] [ionShutdownHook] o.s.a.r.l.SimpleMessageListenerContainer : Successfully waited for workers to finish.
2026-06-17T21:21:19.845+08:00 ERROR 37112 --- [threat-platform] [5.139.242:15333] c.r.c.impl.ForgivingExceptionHandler     : An unexpected connection driver error occurred

java.lang.NoClassDefFoundError: com/rabbitmq/client/impl/ConsumerDispatcher$2
	at com.rabbitmq.client.impl.ConsumerDispatcher.handleCancelOk(ConsumerDispatcher.java:91) ~[amqp-client-5.21.0.jar!/:5.21.0]
	at com.rabbitmq.client.impl.ChannelN$7.transformReply(ChannelN.java:1509) ~[amqp-client-5.21.0.jar!/:5.21.0]
	at com.rabbitmq.client.impl.ChannelN$7.transformReply(ChannelN.java:1503) ~[amqp-client-5.21.0.jar!/:5.21.0]
	at com.rabbitmq.client.impl.AMQChannel$BlockingRpcContinuation.handleCommand(AMQChannel.java:536) ~[amqp-client-5.21.0.jar!/:5.21.0]
	at com.rabbitmq.client.impl.RpcContinuationRpcWrapper.complete(RpcContinuationRpcWrapper.java:38) ~[amqp-client-5.21.0.jar!/:5.21.0]
	at com.rabbitmq.client.impl.AMQChannel.handleCompleteInboundCommand(AMQChannel.java:214) ~[amqp-client-5.21.0.jar!/:5.21.0]
	at com.rabbitmq.client.impl.AMQChannel.handleFrame(AMQChannel.java:125) ~[amqp-client-5.21.0.jar!/:5.21.0]
	at com.rabbitmq.client.impl.AMQConnection.readFrame(AMQConnection.java:761) ~[amqp-client-5.21.0.jar!/:5.21.0]
	at com.rabbitmq.client.impl.AMQConnection.access$400(AMQConnection.java:48) ~[amqp-client-5.21.0.jar!/:5.21.0]
	at com.rabbitmq.client.impl.AMQConnection$MainLoop.run(AMQConnection.java:688) ~[amqp-client-5.21.0.jar!/:5.21.0]
	at java.base/java.lang.Thread.run(Thread.java:833) ~[na:na]
Caused by: java.lang.ClassNotFoundException: com.rabbitmq.client.impl.ConsumerDispatcher$2
	... 11 common frames omitted

2026-06-17T21:21:19.908+08:00  INFO 37112 --- [threat-platform] [ntContainer#6-9] o.s.a.r.l.SimpleMessageListenerContainer : Restarting Consumer@405df503: tags=[[amq.ctag-4H0ZjXF69kkJ0lU-JfD69g]], channel=Cached Rabbit Channel: AMQChannel(amqp://admin@139.155.139.242:15333/my_vhost,8), conn: Proxy@41c88e00 Shared Rabbit Connection: SimpleConnection@670bf60b [delegate=amqp://admin@139.155.139.242:15333/my_vhost, localPort=62264], acknowledgeMode=AUTO local queue size=0
2026-06-17T21:21:19.911+08:00  INFO 37112 --- [threat-platform] [tContainer#6-10] o.s.a.r.c.CachingConnectionFactory       : Attempting to connect to: [139.155.139.242:15333]
2026-06-17T21:21:19.953+08:00  INFO 37112 --- [threat-platform] [tContainer#6-10] o.s.a.r.c.CachingConnectionFactory       : Created new connection: rabbitConnectionFactory#647ff23e:114/SimpleConnection@3434c5c6 [delegate=amqp://admin@139.155.139.242:15333/my_vhost, localPort=49255]
2026-06-17T21:21:19.953+08:00  INFO 37112 --- [threat-platform] [ntContainer#2-9] o.s.a.r.l.SimpleMessageListenerContainer : Restarting Consumer@a97b9ca: tags=[[amq.ctag-XoCRpLEUArTZ26PxnBsDuA]], channel=Cached Rabbit Channel: AMQChannel(amqp://admin@139.155.139.242:15333/my_vhost,9), conn: Proxy@41c88e00 Shared Rabbit Connection: null, acknowledgeMode=AUTO local queue size=0
2026-06-17T21:21:20.031+08:00  INFO 37112 --- [threat-platform] [ntContainer#5-9] o.s.a.r.l.SimpleMessageListenerContainer : Restarting Consumer@331f40ee: tags=[[amq.ctag-5l9xy2nbuCWp1Ep4TFRYDg]], channel=Cached Rabbit Channel: AMQChannel(amqp://admin@139.155.139.242:15333/my_vhost,7), conn: Proxy@41c88e00 Shared Rabbit Connection: SimpleConnection@3434c5c6 [delegate=amqp://admin@139.155.139.242:15333/my_vhost, localPort=49255], acknowledgeMode=MANUAL local queue size=0
2026-06-17T21:21:20.187+08:00  INFO 37112 --- [threat-platform] [ntContainer#9-9] o.s.a.r.l.SimpleMessageListenerContainer : Restarting Consumer@71a71b48: tags=[[amq.ctag-uVpTQuGUQtXCUu-6Xa8ugw]], channel=Cached Rabbit Channel: AMQChannel(amqp://admin@139.155.139.242:15333/my_vhost,6), conn: Proxy@41c88e00 Shared Rabbit Connection: SimpleConnection@3434c5c6 [delegate=amqp://admin@139.155.139.242:15333/my_vhost, localPort=49255], acknowledgeMode=AUTO local queue size=0
2026-06-17T21:21:20.187+08:00  INFO 37112 --- [threat-platform] [ntContainer#4-9] o.s.a.r.l.SimpleMessageListenerContainer : Restarting Consumer@1f8a66a4: tags=[[amq.ctag-9rIkOO4x8LwsyCC-5iiwVA]], channel=Cached Rabbit Channel: AMQChannel(amqp://admin@139.155.139.242:15333/my_vhost,2), conn: Proxy@41c88e00 Shared Rabbit Connection: SimpleConnection@3434c5c6 [delegate=amqp://admin@139.155.139.242:15333/my_vhost, localPort=49255], acknowledgeMode=AUTO local queue size=0
2026-06-17T21:21:20.280+08:00  INFO 37112 --- [threat-platform] [ntContainer#7-9] o.s.a.r.l.SimpleMessageListenerContainer : Restarting Consumer@d1376e8: tags=[[amq.ctag-Ji7R4rIsuiEnFOXVEzhETw]], channel=Cached Rabbit Channel: AMQChannel(amqp://admin@139.155.139.242:15333/my_vhost,4), conn: Proxy@41c88e00 Shared Rabbit Connection: SimpleConnection@3434c5c6 [delegate=amqp://admin@139.155.139.242:15333/my_vhost, localPort=49255], acknowledgeMode=AUTO local queue size=0
2026-06-17T21:21:20.280+08:00  INFO 37112 --- [threat-platform] [ntContainer#3-9] o.s.a.r.l.SimpleMessageListenerContainer : Restarting Consumer@1d895d93: tags=[[amq.ctag-fOBt8zKjfQgZ5Jz80oN2Tg]], channel=Cached Rabbit Channel: AMQChannel(amqp://admin@139.155.139.242:15333/my_vhost,3), conn: Proxy@41c88e00 Shared Rabbit Connection: SimpleConnection@3434c5c6 [delegate=amqp://admin@139.155.139.242:15333/my_vhost, localPort=49255], acknowledgeMode=AUTO local queue size=0
2026-06-17T21:21:20.296+08:00  INFO 37112 --- [threat-platform] [ntContainer#8-9] o.s.a.r.l.SimpleMessageListenerContainer : Restarting Consumer@70ad1d39: tags=[[amq.ctag-hQk_PwDZQ0AIm70A8kuOSQ]], channel=Cached Rabbit Channel: AMQChannel(amqp://admin@139.155.139.242:15333/my_vhost,5), conn: Proxy@41c88e00 Shared Rabbit Connection: SimpleConnection@3434c5c6 [delegate=amqp://admin@139.155.139.242:15333/my_vhost, localPort=49255], acknowledgeMode=AUTO local queue size=0
2026-06-17T21:27:53.048+08:00  INFO 37112 --- [threat-platform] [tContainer#7-10] c.c.s.impl.PortScanResultServiceImpl     : 收到端口采集消息: queue=port_scan_queue
2026-06-17T21:27:53.096+08:00  INFO 37112 --- [threat-platform] [tContainer#7-10] c.c.s.impl.PortFingerprintServiceImpl    : 端口指纹识别完成: resultId=37, hostId=20383, taskId=port-scan-result-37, inventoryCount=64
2026-06-17T21:27:53.102+08:00  INFO 37112 --- [threat-platform] [tContainer#7-10] c.c.s.impl.PortScanResultServiceImpl     : 端口采集结果已入库: queue=port_scan_queue, host=renaissance, mac=CC:5E:F8:A1:31:B3, openPortCount=64, scannedPortCount=65535, scanRange=full, taskId=null
2026-06-17T21:31:19.848+08:00  INFO 37112 --- [threat-platform] [ionShutdownHook] o.s.a.r.l.SimpleMessageListenerContainer : Waiting for workers to finish.
2026-06-17T21:31:19.859+08:00  INFO 37112 --- [threat-platform] [ionShutdownHook] o.s.a.r.l.SimpleMessageListenerContainer : Successfully waited for workers to finish.
2026-06-17T21:31:19.869+08:00 ERROR 37112 --- [threat-platform] [5.139.242:15333] c.r.c.impl.ForgivingExceptionHandler     : An unexpected connection driver error occurred

java.lang.NoClassDefFoundError: com/rabbitmq/client/impl/ConsumerDispatcher$2
	at com.rabbitmq.client.impl.ConsumerDispatcher.handleCancelOk(ConsumerDispatcher.java:91) ~[amqp-client-5.21.0.jar!/:5.21.0]
	at com.rabbitmq.client.impl.ChannelN$7.transformReply(ChannelN.java:1509) ~[amqp-client-5.21.0.jar!/:5.21.0]
	at com.rabbitmq.client.impl.ChannelN$7.transformReply(ChannelN.java:1503) ~[amqp-client-5.21.0.jar!/:5.21.0]
	at com.rabbitmq.client.impl.AMQChannel$BlockingRpcContinuation.handleCommand(AMQChannel.java:536) ~[amqp-client-5.21.0.jar!/:5.21.0]
	at com.rabbitmq.client.impl.RpcContinuationRpcWrapper.complete(RpcContinuationRpcWrapper.java:38) ~[amqp-client-5.21.0.jar!/:5.21.0]
	at com.rabbitmq.client.impl.AMQChannel.handleCompleteInboundCommand(AMQChannel.java:214) ~[amqp-client-5.21.0.jar!/:5.21.0]
	at com.rabbitmq.client.impl.AMQChannel.handleFrame(AMQChannel.java:125) ~[amqp-client-5.21.0.jar!/:5.21.0]
	at com.rabbitmq.client.impl.AMQConnection.readFrame(AMQConnection.java:761) ~[amqp-client-5.21.0.jar!/:5.21.0]
	at com.rabbitmq.client.impl.AMQConnection.access$400(AMQConnection.java:48) ~[amqp-client-5.21.0.jar!/:5.21.0]
	at com.rabbitmq.client.impl.AMQConnection$MainLoop.run(AMQConnection.java:688) ~[amqp-client-5.21.0.jar!/:5.21.0]
	at java.base/java.lang.Thread.run(Thread.java:833) ~[na:na]
Caused by: java.lang.ClassNotFoundException: com.rabbitmq.client.impl.ConsumerDispatcher$2
	... 11 common frames omitted

2026-06-17T21:31:20.299+08:00  INFO 37112 --- [threat-platform] [tContainer#7-10] o.s.a.r.l.SimpleMessageListenerContainer : Restarting Consumer@15d2aa11: tags=[[amq.ctag-iyNg8qBHghjBFG8h1Edm_Q]], channel=Cached Rabbit Channel: AMQChannel(amqp://admin@139.155.139.242:15333/my_vhost,6), conn: Proxy@41c88e00 Shared Rabbit Connection: SimpleConnection@3434c5c6 [delegate=amqp://admin@139.155.139.242:15333/my_vhost, localPort=49255], acknowledgeMode=AUTO local queue size=0
2026-06-17T21:31:20.300+08:00  INFO 37112 --- [threat-platform] [tContainer#7-11] o.s.a.r.c.CachingConnectionFactory       : Attempting to connect to: [139.155.139.242:15333]
2026-06-17T21:31:20.332+08:00  INFO 37112 --- [threat-platform] [tContainer#6-10] o.s.a.r.l.SimpleMessageListenerContainer : Restarting Consumer@40255f32: tags=[[amq.ctag-Xzgp_CL8lAMWWmiGfyFsZQ]], channel=Cached Rabbit Channel: AMQChannel(amqp://admin@139.155.139.242:15333/my_vhost,2), conn: Proxy@41c88e00 Shared Rabbit Connection: null, acknowledgeMode=AUTO local queue size=0
2026-06-17T21:31:20.355+08:00  INFO 37112 --- [threat-platform] [tContainer#7-11] o.s.a.r.c.CachingConnectionFactory       : Created new connection: rabbitConnectionFactory#647ff23e:115/SimpleConnection@5ae3f64f [delegate=amqp://admin@139.155.139.242:15333/my_vhost, localPort=60225]
2026-06-17T21:31:20.588+08:00  INFO 37112 --- [threat-platform] [tContainer#9-10] o.s.a.r.l.SimpleMessageListenerContainer : Restarting Consumer@164533ac: tags=[[amq.ctag-80Unh_cNEp5Jqu1iEAL6PA]], channel=Cached Rabbit Channel: AMQChannel(amqp://admin@139.155.139.242:15333/my_vhost,5), conn: Proxy@41c88e00 Shared Rabbit Connection: SimpleConnection@5ae3f64f [delegate=amqp://admin@139.155.139.242:15333/my_vhost, localPort=60225], acknowledgeMode=AUTO local queue size=0
2026-06-17T21:31:20.588+08:00  INFO 37112 --- [threat-platform] [tContainer#8-10] o.s.a.r.l.SimpleMessageListenerContainer : Restarting Consumer@7c53e663: tags=[[amq.ctag-Jc_blkmlLRSyaxLwLcUCUA]], channel=Cached Rabbit Channel: AMQChannel(amqp://admin@139.155.139.242:15333/my_vhost,8), conn: Proxy@41c88e00 Shared Rabbit Connection: SimpleConnection@5ae3f64f [delegate=amqp://admin@139.155.139.242:15333/my_vhost, localPort=60225], acknowledgeMode=AUTO local queue size=0
2026-06-17T21:31:20.597+08:00  INFO 37112 --- [threat-platform] [tContainer#3-10] o.s.a.r.l.SimpleMessageListenerContainer : Restarting Consumer@29a59cc4: tags=[[amq.ctag-J5nIwWrQZ8yvz7CQkAIbZA]], channel=Cached Rabbit Channel: AMQChannel(amqp://admin@139.155.139.242:15333/my_vhost,7), conn: Proxy@41c88e00 Shared Rabbit Connection: SimpleConnection@5ae3f64f [delegate=amqp://admin@139.155.139.242:15333/my_vhost, localPort=60225], acknowledgeMode=AUTO local queue size=0
2026-06-17T21:31:20.637+08:00  INFO 37112 --- [threat-platform] [tContainer#4-10] o.s.a.r.l.SimpleMessageListenerContainer : Restarting Consumer@2fd99bb1: tags=[[amq.ctag-byxY9rdxIeRPiwkkcD4CeQ]], channel=Cached Rabbit Channel: AMQChannel(amqp://admin@139.155.139.242:15333/my_vhost,4), conn: Proxy@41c88e00 Shared Rabbit Connection: SimpleConnection@5ae3f64f [delegate=amqp://admin@139.155.139.242:15333/my_vhost, localPort=60225], acknowledgeMode=AUTO local queue size=0
2026-06-17T21:31:20.689+08:00  INFO 37112 --- [threat-platform] [tContainer#5-10] o.s.a.r.l.SimpleMessageListenerContainer : Restarting Consumer@5669dec: tags=[[amq.ctag-tfWiEUAImb2KRIqEKFnxTw]], channel=Cached Rabbit Channel: AMQChannel(amqp://admin@139.155.139.242:15333/my_vhost,3), conn: Proxy@41c88e00 Shared Rabbit Connection: SimpleConnection@5ae3f64f [delegate=amqp://admin@139.155.139.242:15333/my_vhost, localPort=60225], acknowledgeMode=MANUAL local queue size=0
2026-06-17T21:40:16.635+08:00  INFO 37112 --- [threat-platform] [tContainer#7-11] c.c.s.impl.PortScanResultServiceImpl     : 收到端口采集消息: queue=port_scan_queue
2026-06-17T21:40:16.660+08:00  INFO 37112 --- [threat-platform] [tContainer#7-11] c.c.s.impl.PortFingerprintServiceImpl    : 端口指纹识别完成: resultId=39, hostId=20383, taskId=port-scan-result-39, inventoryCount=67
2026-06-17T21:40:16.665+08:00  INFO 37112 --- [threat-platform] [tContainer#7-11] c.c.s.impl.PortScanResultServiceImpl     : 端口采集结果已入库: queue=port_scan_queue, host=renaissance, mac=CC:5E:F8:A1:31:B3, openPortCount=67, scannedPortCount=65535, scanRange=full, taskId=null
2026-06-17T21:41:19.877+08:00  INFO 37112 --- [threat-platform] [ionShutdownHook] o.s.a.r.l.SimpleMessageListenerContainer : Waiting for workers to finish.
2026-06-17T21:41:19.883+08:00  INFO 37112 --- [threat-platform] [ionShutdownHook] o.s.a.r.l.SimpleMessageListenerContainer : Successfully waited for workers to finish.
2026-06-17T21:41:19.896+08:00 ERROR 37112 --- [threat-platform] [5.139.242:15333] c.r.c.impl.ForgivingExceptionHandler     : An unexpected connection driver error occurred

java.lang.NoClassDefFoundError: com/rabbitmq/client/impl/ConsumerDispatcher$2
	at com.rabbitmq.client.impl.ConsumerDispatcher.handleCancelOk(ConsumerDispatcher.java:91) ~[amqp-client-5.21.0.jar!/:5.21.0]
	at com.rabbitmq.client.impl.ChannelN$7.transformReply(ChannelN.java:1509) ~[amqp-client-5.21.0.jar!/:5.21.0]
	at com.rabbitmq.client.impl.ChannelN$7.transformReply(ChannelN.java:1503) ~[amqp-client-5.21.0.jar!/:5.21.0]
	at com.rabbitmq.client.impl.AMQChannel$BlockingRpcContinuation.handleCommand(AMQChannel.java:536) ~[amqp-client-5.21.0.jar!/:5.21.0]
	at com.rabbitmq.client.impl.RpcContinuationRpcWrapper.complete(RpcContinuationRpcWrapper.java:38) ~[amqp-client-5.21.0.jar!/:5.21.0]
	at com.rabbitmq.client.impl.AMQChannel.handleCompleteInboundCommand(AMQChannel.java:214) ~[amqp-client-5.21.0.jar!/:5.21.0]
	at com.rabbitmq.client.impl.AMQChannel.handleFrame(AMQChannel.java:125) ~[amqp-client-5.21.0.jar!/:5.21.0]
	at com.rabbitmq.client.impl.AMQConnection.readFrame(AMQConnection.java:761) ~[amqp-client-5.21.0.jar!/:5.21.0]
	at com.rabbitmq.client.impl.AMQConnection.access$400(AMQConnection.java:48) ~[amqp-client-5.21.0.jar!/:5.21.0]
	at com.rabbitmq.client.impl.AMQConnection$MainLoop.run(AMQConnection.java:688) ~[amqp-client-5.21.0.jar!/:5.21.0]
	at java.base/java.lang.Thread.run(Thread.java:833) ~[na:na]
Caused by: java.lang.ClassNotFoundException: com.rabbitmq.client.impl.ConsumerDispatcher$2
	... 11 common frames omitted

2026-06-17T21:41:19.958+08:00  INFO 37112 --- [threat-platform] [tContainer#7-11] o.s.a.r.l.SimpleMessageListenerContainer : Restarting Consumer@128e678b: tags=[[amq.ctag-N3FjvH63yyUm9LYdJ-dKOg]], channel=Cached Rabbit Channel: AMQChannel(amqp://admin@139.155.139.242:15333/my_vhost,2), conn: Proxy@41c88e00 Shared Rabbit Connection: SimpleConnection@5ae3f64f [delegate=amqp://admin@139.155.139.242:15333/my_vhost, localPort=60225], acknowledgeMode=AUTO local queue size=0
2026-06-17T21:41:19.958+08:00  INFO 37112 --- [threat-platform] [tContainer#7-12] o.s.a.r.c.CachingConnectionFactory       : Attempting to connect to: [139.155.139.242:15333]
2026-06-17T21:41:20.009+08:00  INFO 37112 --- [threat-platform] [tContainer#7-12] o.s.a.r.c.CachingConnectionFactory       : Created new connection: rabbitConnectionFactory#647ff23e:116/SimpleConnection@2067532e [delegate=amqp://admin@139.155.139.242:15333/my_vhost, localPort=59668]
2026-06-17T21:41:20.314+08:00  INFO 37112 --- [threat-platform] [tContainer#5-11] o.s.a.r.l.SimpleMessageListenerContainer : Restarting Consumer@130ce147: tags=[[amq.ctag-SkWXxsWJL1w0__HfKh2vQw]], channel=Cached Rabbit Channel: AMQChannel(amqp://admin@139.155.139.242:15333/my_vhost,7), conn: Proxy@41c88e00 Shared Rabbit Connection: SimpleConnection@2067532e [delegate=amqp://admin@139.155.139.242:15333/my_vhost, localPort=59668], acknowledgeMode=MANUAL local queue size=0
2026-06-17T21:41:20.430+08:00  INFO 37112 --- [threat-platform] [tContainer#9-11] o.s.a.r.l.SimpleMessageListenerContainer : Restarting Consumer@14c31ae8: tags=[[amq.ctag-vK0AD0VNlWPJoVzm3Dec9A]], channel=Cached Rabbit Channel: AMQChannel(amqp://admin@139.155.139.242:15333/my_vhost,3), conn: Proxy@41c88e00 Shared Rabbit Connection: SimpleConnection@2067532e [delegate=amqp://admin@139.155.139.242:15333/my_vhost, localPort=59668], acknowledgeMode=AUTO local queue size=0
2026-06-17T21:41:20.430+08:00  INFO 37112 --- [threat-platform] [tContainer#4-11] o.s.a.r.l.SimpleMessageListenerContainer : Restarting Consumer@736361a: tags=[[amq.ctag-zD2g6WEBo-baDzFOGXKErg]], channel=Cached Rabbit Channel: AMQChannel(amqp://admin@139.155.139.242:15333/my_vhost,6), conn: Proxy@41c88e00 Shared Rabbit Connection: SimpleConnection@2067532e [delegate=amqp://admin@139.155.139.242:15333/my_vhost, localPort=59668], acknowledgeMode=AUTO local queue size=0
2026-06-17T21:41:20.430+08:00  INFO 37112 --- [threat-platform] [tContainer#6-11] o.s.a.r.l.SimpleMessageListenerContainer : Restarting Consumer@56be39d8: tags=[[amq.ctag-2ZGW14zS_bDOkkjMpdGMRA]], channel=Cached Rabbit Channel: AMQChannel(amqp://admin@139.155.139.242:15333/my_vhost,1), conn: Proxy@41c88e00 Shared Rabbit Connection: SimpleConnection@2067532e [delegate=amqp://admin@139.155.139.242:15333/my_vhost, localPort=59668], acknowledgeMode=AUTO local queue size=0
2026-06-17T21:41:20.466+08:00  INFO 37112 --- [threat-platform] [tContainer#8-11] o.s.a.r.l.SimpleMessageListenerContainer : Restarting Consumer@31220e97: tags=[[amq.ctag-P8xRlcQyXskUzrfG4IIytw]], channel=Cached Rabbit Channel: AMQChannel(amqp://admin@139.155.139.242:15333/my_vhost,4), conn: Proxy@41c88e00 Shared Rabbit Connection: SimpleConnection@2067532e [delegate=amqp://admin@139.155.139.242:15333/my_vhost, localPort=59668], acknowledgeMode=AUTO local queue size=0
