  .   ____          _            __ _ _
 /\\ / ___'_ __ _ _(_)_ __  __ _ \ \ \ \
( ( )\___ | '_ | '_| | '_ \/ _` | \ \ \ \
 \\/  ___)| |_)| | | | | || (_| |  ) ) ) )
  '  |____| .__|_| |_|_| |_\__, | / / / /
 =========|_|==============|___/=/_/_/_/

 :: Spring Boot ::                (v3.3.0)

2026-06-16T19:33:49.545+08:00  INFO 54320 --- [threat-platform] [           main] com.cd.ThreatPlatformApplication         : Starting ThreatPlatformApplication v0.0.1-SNAPSHOT using Java 17.0.6 with PID 54320 (C:\DATA\2026实训\java\target\threat-platform-0.0.1-SNAPSHOT.jar started by xieya in C:\DATA\2026实训\java)
2026-06-16T19:33:49.555+08:00  INFO 54320 --- [threat-platform] [           main] com.cd.ThreatPlatformApplication         : The following 1 profile is active: "dev"
2026-06-16T19:33:49.555+08:00 DEBUG 54320 --- [threat-platform] [           main] o.s.boot.SpringApplication               : Loading source class com.cd.ThreatPlatformApplication
2026-06-16T19:33:49.684+08:00 DEBUG 54320 --- [threat-platform] [           main] ConfigServletWebServerApplicationContext : Refreshing org.springframework.boot.web.servlet.context.AnnotationConfigServletWebServerApplicationContext@7ca20101
2026-06-16T19:33:52.161+08:00 DEBUG 54320 --- [threat-platform] [           main] .s.b.w.e.t.TomcatServletWebServerFactory : Code archive: C:\DATA\2026实训\java\target\threat-platform-0.0.1-SNAPSHOT.jar
2026-06-16T19:33:52.163+08:00 DEBUG 54320 --- [threat-platform] [           main] .s.b.w.e.t.TomcatServletWebServerFactory : Code archive: C:\DATA\2026实训\java\target\threat-platform-0.0.1-SNAPSHOT.jar
2026-06-16T19:33:52.164+08:00 DEBUG 54320 --- [threat-platform] [           main] .s.b.w.e.t.TomcatServletWebServerFactory : None of the document roots [src/main/webapp, public, static] point to a directory and will be ignored.
2026-06-16T19:33:52.209+08:00  INFO 54320 --- [threat-platform] [           main] o.s.b.w.embedded.tomcat.TomcatWebServer  : Tomcat initialized with port 8081 (http)
2026-06-16T19:33:52.227+08:00  INFO 54320 --- [threat-platform] [           main] o.apache.catalina.core.StandardService   : Starting service [Tomcat]
2026-06-16T19:33:52.228+08:00  INFO 54320 --- [threat-platform] [           main] o.apache.catalina.core.StandardEngine    : Starting Servlet engine: [Apache Tomcat/10.1.24]
2026-06-16T19:33:52.302+08:00  INFO 54320 --- [threat-platform] [           main] o.a.c.c.C.[Tomcat].[localhost].[/]       : Initializing Spring embedded WebApplicationContext
2026-06-16T19:33:52.305+08:00 DEBUG 54320 --- [threat-platform] [           main] w.s.c.ServletWebServerApplicationContext : Published root WebApplicationContext as ServletContext attribute with name [org.springframework.web.context.WebApplicationContext.ROOT]
2026-06-16T19:33:52.306+08:00  INFO 54320 --- [threat-platform] [           main] w.s.c.ServletWebServerApplicationContext : Root WebApplicationContext: initialization completed in 2621 ms
2026-06-16T19:33:53.518+08:00  INFO 54320 --- [threat-platform] [           main] com.zaxxer.hikari.HikariDataSource       : HikariPool-1 - Starting...
2026-06-16T19:33:53.829+08:00  INFO 54320 --- [threat-platform] [           main] com.zaxxer.hikari.pool.HikariPool        : HikariPool-1 - Added connection com.mysql.cj.jdbc.ConnectionImpl@502c087e
2026-06-16T19:33:53.837+08:00  INFO 54320 --- [threat-platform] [           main] com.zaxxer.hikari.HikariDataSource       : HikariPool-1 - Start completed.
2026-06-16T19:33:53.938+08:00 DEBUG 54320 --- [threat-platform] [           main] o.s.b.w.s.ServletContextInitializerBeans : Mapping filters: springSecurityFilterChain urls=[/*] order=-100, characterEncodingFilter urls=[/*] order=-2147483648, formContentFilter urls=[/*] order=-9900, requestContextFilter urls=[/*] order=-105, jwtAuthenticationFilter urls=[/*] order=2147483647
2026-06-16T19:33:53.939+08:00 DEBUG 54320 --- [threat-platform] [           main] o.s.b.w.s.ServletContextInitializerBeans : Mapping servlets: dispatcherServlet urls=[/]
2026-06-16T19:33:53.997+08:00 DEBUG 54320 --- [threat-platform] [           main] o.s.b.w.s.f.OrderedRequestContextFilter  : Filter 'requestContextFilter' configured for use
2026-06-16T19:33:54.004+08:00 DEBUG 54320 --- [threat-platform] [           main] s.b.w.s.f.OrderedCharacterEncodingFilter : Filter 'characterEncodingFilter' configured for use
2026-06-16T19:33:54.005+08:00 DEBUG 54320 --- [threat-platform] [           main] .DelegatingFilterProxyRegistrationBean$1 : Filter 'springSecurityFilterChain' configured for use
2026-06-16T19:33:54.005+08:00 DEBUG 54320 --- [threat-platform] [           main] o.s.b.w.s.f.OrderedFormContentFilter     : Filter 'formContentFilter' configured for use
2026-06-16T19:33:54.127+08:00 DEBUG 54320 --- [threat-platform] [           main] o.s.b.a.AutoConfigurationPackages        : @EnableAutoConfiguration was declared on a class in the package 'com.cd'. Automatic @Repository and @Entity scanning is enabled.
2026-06-16T19:33:54.233+08:00 DEBUG 54320 --- [threat-platform] [           main] ySourcesPropertyResolver$DefaultResolver : Found key 'DASHSCOPE_API_KEY' in PropertySource 'systemEnvironment' with value of type String
2026-06-16T19:33:55.692+08:00 DEBUG 54320 --- [threat-platform] [           main] o.s.w.s.s.s.WebSocketHandlerMapping      : Patterns [/ws/alerts] in 'webSocketHandlerMapping'
2026-06-16T19:33:55.805+08:00  INFO 54320 --- [threat-platform] [           main] eAuthenticationProviderManagerConfigurer : Global AuthenticationManager configured with AuthenticationProvider bean with name authenticationProvider
2026-06-16T19:33:55.809+08:00  WARN 54320 --- [threat-platform] [           main] r$InitializeUserDetailsManagerConfigurer : Global AuthenticationManager configured with an AuthenticationProvider bean. UserDetailsService beans will not be used for username/password login. Consider removing the AuthenticationProvider bean. Alternatively, consider using the UserDetailsService in a manually instantiated DaoAuthenticationProvider.
2026-06-16T19:33:55.927+08:00  INFO 54320 --- [threat-platform] [           main] o.s.b.a.w.s.WelcomePageHandlerMapping    : Adding welcome page: class path resource [static/index.html]
2026-06-16T19:33:56.080+08:00 DEBUG 54320 --- [threat-platform] [           main] s.w.s.m.m.a.RequestMappingHandlerMapping : 184 mappings in 'requestMappingHandlerMapping'
2026-06-16T19:33:56.151+08:00 DEBUG 54320 --- [threat-platform] [           main] o.s.w.s.handler.SimpleUrlHandlerMapping  : Patterns [/webjars/**, /**, /uploads/**] in 'resourceHandlerMapping'
2026-06-16T19:33:56.219+08:00  INFO 54320 --- [threat-platform] [           main] o.s.s.web.DefaultSecurityFilterChain     : Will secure any request with [org.springframework.security.web.session.DisableEncodeUrlFilter@4dffa400, org.springframework.security.web.context.request.async.WebAsyncManagerIntegrationFilter@5e34a84b, org.springframework.security.web.context.SecurityContextHolderFilter@22172b00, org.springframework.security.web.header.HeaderWriterFilter@26b3fe8, org.springframework.web.filter.CorsFilter@438c0aaf, org.springframework.security.web.authentication.logout.LogoutFilter@2435c6ae, com.cd.common.security.JwtAuthenticationFilter@1b94c789, org.springframework.security.web.savedrequest.RequestCacheAwareFilter@4205d5d0, org.springframework.security.web.servletapi.SecurityContextHolderAwareRequestFilter@344a065a, org.springframework.security.web.authentication.AnonymousAuthenticationFilter@7577589, org.springframework.security.web.session.SessionManagementFilter@24d0c6a4, org.springframework.security.web.access.ExceptionTranslationFilter@2fa2143d, org.springframework.security.web.access.intercept.AuthorizationFilter@1bf10539]
2026-06-16T19:33:56.350+08:00 DEBUG 54320 --- [threat-platform] [           main] s.w.s.m.m.a.RequestMappingHandlerAdapter : ControllerAdvice beans: 0 @ModelAttribute, 0 @InitBinder, 1 RequestBodyAdvice, 1 ResponseBodyAdvice
2026-06-16T19:33:56.408+08:00 DEBUG 54320 --- [threat-platform] [           main] .m.m.a.ExceptionHandlerExceptionResolver : ControllerAdvice beans: 1 @ExceptionHandler, 1 ResponseBodyAdvice
2026-06-16T19:33:56.635+08:00  INFO 54320 --- [threat-platform] [           main] o.s.b.w.embedded.tomcat.TomcatWebServer  : Tomcat started on port 8081 (http) with context path '/'
2026-06-16T19:33:56.643+08:00  INFO 54320 --- [threat-platform] [           main] o.s.a.r.c.CachingConnectionFactory       : Attempting to connect to: [139.155.139.242:15333]
2026-06-16T19:33:56.811+08:00  INFO 54320 --- [threat-platform] [           main] o.s.a.r.c.CachingConnectionFactory       : Created new connection: rabbitConnectionFactory#6adcf059:0/SimpleConnection@5ca7619f [delegate=amqp://admin@139.155.139.242:15333/my_vhost, localPort=53178]
2026-06-16T19:33:58.623+08:00 DEBUG 54320 --- [threat-platform] [           main] .s.b.a.l.ConditionEvaluationReportLogger : 


============================
CONDITIONS EVALUATION REPORT
============================


Positive matches:
-----------------

   AopAutoConfiguration matched:
      - @ConditionalOnProperty (spring.aop.auto=true) matched (OnPropertyCondition)

   AopAutoConfiguration.ClassProxyingConfiguration matched:
      - @ConditionalOnMissingClass did not find unwanted class 'org.aspectj.weaver.Advice' (OnClassCondition)
      - @ConditionalOnProperty (spring.aop.proxy-target-class=true) matched (OnPropertyCondition)

   ApplicationAvailabilityAutoConfiguration#applicationAvailability matched:
      - @ConditionalOnMissingBean (types: org.springframework.boot.availability.ApplicationAvailability; SearchStrategy: all) did not find any beans (OnBeanCondition)

   CaffeineCacheConfiguration matched:
      - @ConditionalOnClass found required classes 'com.github.benmanes.caffeine.cache.Caffeine', 'org.springframework.cache.caffeine.CaffeineCacheManager' (OnClassCondition)
      - Cache org.springframework.boot.autoconfigure.cache.CaffeineCacheConfiguration automatic cache type (CacheCondition)

   DataSourceAutoConfiguration matched:
      - @ConditionalOnClass found required classes 'javax.sql.DataSource', 'org.springframework.jdbc.datasource.embedded.EmbeddedDatabaseType' (OnClassCondition)
      - @ConditionalOnMissingBean (types: io.r2dbc.spi.ConnectionFactory; SearchStrategy: all) did not find any beans (OnBeanCondition)

   DataSourceAutoConfiguration.PooledDataSourceConfiguration matched:
      - AnyNestedCondition 1 matched 1 did not; NestedCondition on DataSourceAutoConfiguration.PooledDataSourceCondition.PooledDataSourceAvailable PooledDataSource found supported DataSource; NestedCondition on DataSourceAutoConfiguration.PooledDataSourceCondition.ExplicitType @ConditionalOnProperty (spring.datasource.type) did not find property 'type' (DataSourceAutoConfiguration.PooledDataSourceCondition)
      - @ConditionalOnMissingBean (types: javax.sql.DataSource,javax.sql.XADataSource; SearchStrategy: all) did not find any beans (OnBeanCondition)

   DataSourceAutoConfiguration.PooledDataSourceConfiguration#jdbcConnectionDetails matched:
      - @ConditionalOnMissingBean (types: org.springframework.boot.autoconfigure.jdbc.JdbcConnectionDetails; SearchStrategy: all) did not find any beans (OnBeanCondition)

   DataSourceConfiguration.Hikari matched:
      - @ConditionalOnClass found required class 'com.zaxxer.hikari.HikariDataSource' (OnClassCondition)
      - @ConditionalOnProperty (spring.datasource.type=com.zaxxer.hikari.HikariDataSource) matched (OnPropertyCondition)
      - @ConditionalOnMissingBean (types: javax.sql.DataSource; SearchStrategy: all) did not find any beans (OnBeanCondition)

   DataSourceInitializationConfiguration matched:
      - @ConditionalOnClass found required class 'org.springframework.jdbc.datasource.init.DatabasePopulator' (OnClassCondition)
      - @ConditionalOnSingleCandidate (types: javax.sql.DataSource; SearchStrategy: all) found a single bean 'dataSource'; @ConditionalOnMissingBean (types: org.springframework.boot.autoconfigure.sql.init.SqlDataSourceScriptDatabaseInitializer,org.springframework.boot.autoconfigure.sql.init.SqlR2dbcScriptDatabaseInitializer; SearchStrategy: all) did not find any beans (OnBeanCondition)

   DataSourceJmxConfiguration matched:
      - @ConditionalOnProperty (spring.jmx.enabled=true) matched (OnPropertyCondition)

   DataSourceJmxConfiguration.Hikari matched:
      - @ConditionalOnClass found required class 'com.zaxxer.hikari.HikariDataSource' (OnClassCondition)
      - @ConditionalOnSingleCandidate (types: javax.sql.DataSource; SearchStrategy: all) found a single bean 'dataSource' (OnBeanCondition)

   DataSourcePoolMetadataProvidersConfiguration.HikariPoolDataSourceMetadataProviderConfiguration matched:
      - @ConditionalOnClass found required class 'com.zaxxer.hikari.HikariDataSource' (OnClassCondition)

   DataSourceTransactionManagerAutoConfiguration matched:
      - @ConditionalOnClass found required classes 'org.springframework.jdbc.core.JdbcTemplate', 'org.springframework.transaction.TransactionManager' (OnClassCondition)

   DataSourceTransactionManagerAutoConfiguration.JdbcTransactionManagerConfiguration matched:
      - @ConditionalOnSingleCandidate (types: javax.sql.DataSource; SearchStrategy: all) found a single bean 'dataSource' (OnBeanCondition)

   DataSourceTransactionManagerAutoConfiguration.JdbcTransactionManagerConfiguration#transactionManager matched:
      - @ConditionalOnMissingBean (types: org.springframework.transaction.TransactionManager; SearchStrategy: all) did not find any beans (OnBeanCondition)

   DispatcherServletAutoConfiguration matched:
      - @ConditionalOnClass found required class 'org.springframework.web.servlet.DispatcherServlet' (OnClassCondition)
      - found 'session' scope (OnWebApplicationCondition)

   DispatcherServletAutoConfiguration.DispatcherServletConfiguration matched:
      - @ConditionalOnClass found required class 'jakarta.servlet.ServletRegistration' (OnClassCondition)
      - Default DispatcherServlet did not find dispatcher servlet beans (DispatcherServletAutoConfiguration.DefaultDispatcherServletCondition)

   DispatcherServletAutoConfiguration.DispatcherServletRegistrationConfiguration matched:
      - @ConditionalOnClass found required class 'jakarta.servlet.ServletRegistration' (OnClassCondition)
      - DispatcherServlet Registration did not find servlet registration bean (DispatcherServletAutoConfiguration.DispatcherServletRegistrationCondition)

   DispatcherServletAutoConfiguration.DispatcherServletRegistrationConfiguration#dispatcherServletRegistration matched:
      - @ConditionalOnBean (names: dispatcherServlet types: org.springframework.web.servlet.DispatcherServlet; SearchStrategy: all) found bean 'dispatcherServlet' (OnBeanCondition)

   EmbeddedWebServerFactoryCustomizerAutoConfiguration matched:
      - @ConditionalOnWebApplication (required) found 'session' scope (OnWebApplicationCondition)
      - @ConditionalOnWarDeployment the application is not deployed as a WAR file. (OnWarDeploymentCondition)

   EmbeddedWebServerFactoryCustomizerAutoConfiguration.TomcatWebServerFactoryCustomizerConfiguration matched:
      - @ConditionalOnClass found required classes 'org.apache.catalina.startup.Tomcat', 'org.apache.coyote.UpgradeProtocol' (OnClassCondition)

   ErrorMvcAutoConfiguration matched:
      - @ConditionalOnClass found required classes 'jakarta.servlet.Servlet', 'org.springframework.web.servlet.DispatcherServlet' (OnClassCondition)
      - found 'session' scope (OnWebApplicationCondition)

   ErrorMvcAutoConfiguration#basicErrorController matched:
      - @ConditionalOnMissingBean (types: org.springframework.boot.web.servlet.error.ErrorController; SearchStrategy: current) did not find any beans (OnBeanCondition)

   ErrorMvcAutoConfiguration#errorAttributes matched:
      - @ConditionalOnMissingBean (types: org.springframework.boot.web.servlet.error.ErrorAttributes; SearchStrategy: current) did not find any beans (OnBeanCondition)

   ErrorMvcAutoConfiguration.DefaultErrorViewResolverConfiguration#conventionErrorViewResolver matched:
      - @ConditionalOnBean (types: org.springframework.web.servlet.DispatcherServlet; SearchStrategy: all) found bean 'dispatcherServlet'; @ConditionalOnMissingBean (types: org.springframework.boot.autoconfigure.web.servlet.error.ErrorViewResolver; SearchStrategy: all) did not find any beans (OnBeanCondition)

   ErrorMvcAutoConfiguration.WhitelabelErrorViewConfiguration matched:
      - @ConditionalOnProperty (server.error.whitelabel.enabled) matched (OnPropertyCondition)
      - ErrorTemplate Missing did not find error template view (ErrorMvcAutoConfiguration.ErrorTemplateMissingCondition)

   ErrorMvcAutoConfiguration.WhitelabelErrorViewConfiguration#beanNameViewResolver matched:
      - @ConditionalOnMissingBean (types: org.springframework.web.servlet.view.BeanNameViewResolver; SearchStrategy: all) did not find any beans (OnBeanCondition)

   ErrorMvcAutoConfiguration.WhitelabelErrorViewConfiguration#defaultErrorView matched:
      - @ConditionalOnMissingBean (names: error; SearchStrategy: all) did not find any beans (OnBeanCondition)

   GenericCacheConfiguration matched:
      - Cache org.springframework.boot.autoconfigure.cache.GenericCacheConfiguration automatic cache type (CacheCondition)

   HttpEncodingAutoConfiguration matched:
      - @ConditionalOnClass found required class 'org.springframework.web.filter.CharacterEncodingFilter' (OnClassCondition)
      - found 'session' scope (OnWebApplicationCondition)
      - @ConditionalOnProperty (server.servlet.encoding.enabled) matched (OnPropertyCondition)

   HttpEncodingAutoConfiguration#characterEncodingFilter matched:
      - @ConditionalOnMissingBean (types: org.springframework.web.filter.CharacterEncodingFilter; SearchStrategy: all) did not find any beans (OnBeanCondition)

   HttpMessageConvertersAutoConfiguration matched:
      - @ConditionalOnClass found required class 'org.springframework.http.converter.HttpMessageConverter' (OnClassCondition)
      - NoneNestedConditions 0 matched 1 did not; NestedCondition on HttpMessageConvertersAutoConfiguration.NotReactiveWebApplicationCondition.ReactiveWebApplication did not find reactive web application classes (HttpMessageConvertersAutoConfiguration.NotReactiveWebApplicationCondition)

   HttpMessageConvertersAutoConfiguration#messageConverters matched:
      - @ConditionalOnMissingBean (types: org.springframework.boot.autoconfigure.http.HttpMessageConverters; SearchStrategy: all) did not find any beans (OnBeanCondition)

   HttpMessageConvertersAutoConfiguration.StringHttpMessageConverterConfiguration matched:
      - @ConditionalOnClass found required class 'org.springframework.http.converter.StringHttpMessageConverter' (OnClassCondition)

   HttpMessageConvertersAutoConfiguration.StringHttpMessageConverterConfiguration#stringHttpMessageConverter matched:
      - @ConditionalOnMissingBean (types: org.springframework.http.converter.StringHttpMessageConverter; SearchStrategy: all) did not find any beans (OnBeanCondition)

   JacksonAutoConfiguration matched:
      - @ConditionalOnClass found required class 'com.fasterxml.jackson.databind.ObjectMapper' (OnClassCondition)

   JacksonAutoConfiguration.Jackson2ObjectMapperBuilderCustomizerConfiguration matched:
      - @ConditionalOnClass found required class 'org.springframework.http.converter.json.Jackson2ObjectMapperBuilder' (OnClassCondition)

   JacksonAutoConfiguration.JacksonObjectMapperBuilderConfiguration matched:
      - @ConditionalOnClass found required class 'org.springframework.http.converter.json.Jackson2ObjectMapperBuilder' (OnClassCondition)

   JacksonAutoConfiguration.JacksonObjectMapperBuilderConfiguration#jacksonObjectMapperBuilder matched:
      - @ConditionalOnMissingBean (types: org.springframework.http.converter.json.Jackson2ObjectMapperBuilder; SearchStrategy: all) did not find any beans (OnBeanCondition)

   JacksonAutoConfiguration.JacksonObjectMapperConfiguration matched:
      - @ConditionalOnClass found required class 'org.springframework.http.converter.json.Jackson2ObjectMapperBuilder' (OnClassCondition)

   JacksonAutoConfiguration.JacksonObjectMapperConfiguration#jacksonObjectMapper matched:
      - @ConditionalOnMissingBean (types: com.fasterxml.jackson.databind.ObjectMapper; SearchStrategy: all) did not find any beans (OnBeanCondition)

   JacksonAutoConfiguration.ParameterNamesModuleConfiguration matched:
      - @ConditionalOnClass found required class 'com.fasterxml.jackson.module.paramnames.ParameterNamesModule' (OnClassCondition)

   JacksonAutoConfiguration.ParameterNamesModuleConfiguration#parameterNamesModule matched:
      - @ConditionalOnMissingBean (types: com.fasterxml.jackson.module.paramnames.ParameterNamesModule; SearchStrategy: all) did not find any beans (OnBeanCondition)

   JacksonHttpMessageConvertersConfiguration.MappingJackson2HttpMessageConverterConfiguration matched:
      - @ConditionalOnClass found required class 'com.fasterxml.jackson.databind.ObjectMapper' (OnClassCondition)
      - @ConditionalOnProperty (spring.mvc.converters.preferred-json-mapper=jackson) matched (OnPropertyCondition)
      - @ConditionalOnBean (types: com.fasterxml.jackson.databind.ObjectMapper; SearchStrategy: all) found bean 'jacksonObjectMapper' (OnBeanCondition)

   JacksonHttpMessageConvertersConfiguration.MappingJackson2HttpMessageConverterConfiguration#mappingJackson2HttpMessageConverter matched:
      - @ConditionalOnMissingBean (types: org.springframework.http.converter.json.MappingJackson2HttpMessageConverter ignored: org.springframework.hateoas.server.mvc.TypeConstrainedMappingJackson2HttpMessageConverter,org.springframework.data.rest.webmvc.alps.AlpsJsonHttpMessageConverter; SearchStrategy: all) did not find any beans (OnBeanCondition)

   JdbcClientAutoConfiguration matched:
      - @ConditionalOnSingleCandidate (types: org.springframework.jdbc.core.namedparam.NamedParameterJdbcTemplate; SearchStrategy: all) found a single bean 'namedParameterJdbcTemplate'; @ConditionalOnMissingBean (types: org.springframework.jdbc.core.simple.JdbcClient; SearchStrategy: all) did not find any beans (OnBeanCondition)

   JdbcTemplateAutoConfiguration matched:
      - @ConditionalOnClass found required classes 'javax.sql.DataSource', 'org.springframework.jdbc.core.JdbcTemplate' (OnClassCondition)
      - @ConditionalOnSingleCandidate (types: javax.sql.DataSource; SearchStrategy: all) found a single bean 'dataSource' (OnBeanCondition)

   JdbcTemplateConfiguration matched:
      - @ConditionalOnMissingBean (types: org.springframework.jdbc.core.JdbcOperations; SearchStrategy: all) did not find any beans (OnBeanCondition)

   LifecycleAutoConfiguration#defaultLifecycleProcessor matched:
      - @ConditionalOnMissingBean (names: lifecycleProcessor; SearchStrategy: current) did not find any beans (OnBeanCondition)

   MultipartAutoConfiguration matched:
      - @ConditionalOnClass found required classes 'jakarta.servlet.Servlet', 'org.springframework.web.multipart.support.StandardServletMultipartResolver', 'jakarta.servlet.MultipartConfigElement' (OnClassCondition)
      - found 'session' scope (OnWebApplicationCondition)
      - @ConditionalOnProperty (spring.servlet.multipart.enabled) matched (OnPropertyCondition)

   MultipartAutoConfiguration#multipartConfigElement matched:
      - @ConditionalOnMissingBean (types: jakarta.servlet.MultipartConfigElement; SearchStrategy: all) did not find any beans (OnBeanCondition)

   MultipartAutoConfiguration#multipartResolver matched:
      - @ConditionalOnMissingBean (types: org.springframework.web.multipart.MultipartResolver; SearchStrategy: all) did not find any beans (OnBeanCondition)

   MybatisAutoConfiguration matched:
      - @ConditionalOnClass found required classes 'org.apache.ibatis.session.SqlSessionFactory', 'org.mybatis.spring.SqlSessionFactoryBean' (OnClassCondition)
      - @ConditionalOnSingleCandidate (types: javax.sql.DataSource; SearchStrategy: all) found a single bean 'dataSource' (OnBeanCondition)

   MybatisAutoConfiguration#sqlSessionFactory matched:
      - @ConditionalOnMissingBean (types: org.apache.ibatis.session.SqlSessionFactory; SearchStrategy: all) did not find any beans (OnBeanCondition)

   MybatisAutoConfiguration#sqlSessionTemplate matched:
      - @ConditionalOnMissingBean (types: org.mybatis.spring.SqlSessionTemplate; SearchStrategy: all) did not find any beans (OnBeanCondition)

   MybatisLanguageDriverAutoConfiguration matched:
      - @ConditionalOnClass found required class 'org.apache.ibatis.scripting.LanguageDriver' (OnClassCondition)

   NamedParameterJdbcTemplateConfiguration matched:
      - @ConditionalOnSingleCandidate (types: org.springframework.jdbc.core.JdbcTemplate; SearchStrategy: all) found a single bean 'jdbcTemplate'; @ConditionalOnMissingBean (types: org.springframework.jdbc.core.namedparam.NamedParameterJdbcOperations; SearchStrategy: all) did not find any beans (OnBeanCondition)

   NoOpCacheConfiguration matched:
      - Cache org.springframework.boot.autoconfigure.cache.NoOpCacheConfiguration automatic cache type (CacheCondition)

   PersistenceExceptionTranslationAutoConfiguration matched:
      - @ConditionalOnClass found required class 'org.springframework.dao.annotation.PersistenceExceptionTranslationPostProcessor' (OnClassCondition)

   PersistenceExceptionTranslationAutoConfiguration#persistenceExceptionTranslationPostProcessor matched:
      - @ConditionalOnProperty (spring.dao.exceptiontranslation.enabled) matched (OnPropertyCondition)
      - @ConditionalOnMissingBean (types: org.springframework.dao.annotation.PersistenceExceptionTranslationPostProcessor; SearchStrategy: all) did not find any beans (OnBeanCondition)

   PropertyPlaceholderAutoConfiguration#propertySourcesPlaceholderConfigurer matched:
      - @ConditionalOnMissingBean (types: org.springframework.context.support.PropertySourcesPlaceholderConfigurer; SearchStrategy: current) did not find any beans (OnBeanCondition)

   RabbitAnnotationDrivenConfiguration matched:
      - @ConditionalOnClass found required class 'org.springframework.amqp.rabbit.annotation.EnableRabbit' (OnClassCondition)

   RabbitAnnotationDrivenConfiguration#directRabbitListenerContainerFactoryConfigurer matched:
      - @ConditionalOnMissingBean (types: org.springframework.boot.autoconfigure.amqp.DirectRabbitListenerContainerFactoryConfigurer; SearchStrategy: all) did not find any beans (OnBeanCondition)
      - @ConditionalOnThreading found PLATFORM (OnThreadingCondition)

   RabbitAnnotationDrivenConfiguration#simpleRabbitListenerContainerFactory matched:
      - @ConditionalOnProperty (spring.rabbitmq.listener.type=simple) matched (OnPropertyCondition)
      - @ConditionalOnMissingBean (names: rabbitListenerContainerFactory; SearchStrategy: all) did not find any beans (OnBeanCondition)

   RabbitAnnotationDrivenConfiguration#simpleRabbitListenerContainerFactoryConfigurer matched:
      - @ConditionalOnMissingBean (types: org.springframework.boot.autoconfigure.amqp.SimpleRabbitListenerContainerFactoryConfigurer; SearchStrategy: all) did not find any beans (OnBeanCondition)
      - @ConditionalOnThreading found PLATFORM (OnThreadingCondition)

   RabbitAnnotationDrivenConfiguration.EnableRabbitConfiguration matched:
      - @ConditionalOnMissingBean (names: org.springframework.amqp.rabbit.config.internalRabbitListenerAnnotationProcessor; SearchStrategy: all) did not find any beans (OnBeanCondition)

   RabbitAutoConfiguration matched:
      - @ConditionalOnClass found required classes 'org.springframework.amqp.rabbit.core.RabbitTemplate', 'com.rabbitmq.client.Channel' (OnClassCondition)

   RabbitAutoConfiguration.MessagingTemplateConfiguration matched:
      - @ConditionalOnClass found required class 'org.springframework.amqp.rabbit.core.RabbitMessagingTemplate' (OnClassCondition)
      - @ConditionalOnMissingBean (types: org.springframework.amqp.rabbit.core.RabbitMessagingTemplate; SearchStrategy: all) did not find any beans (OnBeanCondition)

   RabbitAutoConfiguration.MessagingTemplateConfiguration#rabbitMessagingTemplate matched:
      - @ConditionalOnSingleCandidate (types: org.springframework.amqp.rabbit.core.RabbitTemplate; SearchStrategy: all) found a single bean 'rabbitTemplate' (OnBeanCondition)

   RabbitAutoConfiguration.RabbitConnectionFactoryCreator#rabbitConnectionDetails matched:
      - @ConditionalOnMissingBean (types: org.springframework.boot.autoconfigure.amqp.RabbitConnectionDetails; SearchStrategy: all) did not find any beans (OnBeanCondition)

   RabbitAutoConfiguration.RabbitConnectionFactoryCreator#rabbitConnectionFactory matched:
      - @ConditionalOnMissingBean (types: org.springframework.amqp.rabbit.connection.ConnectionFactory; SearchStrategy: all) did not find any beans (OnBeanCondition)

   RabbitAutoConfiguration.RabbitConnectionFactoryCreator#rabbitConnectionFactoryBeanConfigurer matched:
      - @ConditionalOnMissingBean (types: org.springframework.boot.autoconfigure.amqp.RabbitConnectionFactoryBeanConfigurer; SearchStrategy: all) did not find any beans (OnBeanCondition)

   RabbitAutoConfiguration.RabbitConnectionFactoryCreator#rabbitConnectionFactoryConfigurer matched:
      - @ConditionalOnMissingBean (types: org.springframework.boot.autoconfigure.amqp.CachingConnectionFactoryConfigurer; SearchStrategy: all) did not find any beans (OnBeanCondition)

   RabbitAutoConfiguration.RabbitTemplateConfiguration#amqpAdmin matched:
      - @ConditionalOnProperty (spring.rabbitmq.dynamic) matched (OnPropertyCondition)
      - @ConditionalOnSingleCandidate (types: org.springframework.amqp.rabbit.connection.ConnectionFactory; SearchStrategy: all) found a single bean 'rabbitConnectionFactory'; @ConditionalOnMissingBean (types: org.springframework.amqp.core.AmqpAdmin; SearchStrategy: all) did not find any beans (OnBeanCondition)

   RabbitAutoConfiguration.RabbitTemplateConfiguration#rabbitTemplate matched:
      - @ConditionalOnSingleCandidate (types: org.springframework.amqp.rabbit.connection.ConnectionFactory; SearchStrategy: all) found a single bean 'rabbitConnectionFactory'; @ConditionalOnMissingBean (types: org.springframework.amqp.rabbit.core.RabbitOperations; SearchStrategy: all) did not find any beans (OnBeanCondition)

   RabbitAutoConfiguration.RabbitTemplateConfiguration#rabbitTemplateConfigurer matched:
      - @ConditionalOnMissingBean (types: org.springframework.boot.autoconfigure.amqp.RabbitTemplateConfigurer; SearchStrategy: all) did not find any beans (OnBeanCondition)

   RestClientAutoConfiguration matched:
      - @ConditionalOnClass found required class 'org.springframework.web.client.RestClient' (OnClassCondition)
      - NoneNestedConditions 0 matched 1 did not; NestedCondition on NotReactiveWebApplicationCondition.ReactiveWebApplication did not find reactive web application classes (NotReactiveWebApplicationCondition)

   RestClientAutoConfiguration#httpMessageConvertersRestClientCustomizer matched:
      - @ConditionalOnMissingBean (types: org.springframework.boot.autoconfigure.web.client.HttpMessageConvertersRestClientCustomizer; SearchStrategy: all) did not find any beans (OnBeanCondition)

   RestClientAutoConfiguration#restClientBuilder matched:
      - @ConditionalOnMissingBean (types: org.springframework.web.client.RestClient$Builder; SearchStrategy: all) did not find any beans (OnBeanCondition)

   RestClientAutoConfiguration#restClientBuilderConfigurer matched:
      - @ConditionalOnMissingBean (types: org.springframework.boot.autoconfigure.web.client.RestClientBuilderConfigurer; SearchStrategy: all) did not find any beans (OnBeanCondition)

   RestClientAutoConfiguration#restClientSsl matched:
      - @ConditionalOnBean (types: org.springframework.boot.ssl.SslBundles; SearchStrategy: all) found bean 'sslBundleRegistry'; @ConditionalOnMissingBean (types: org.springframework.boot.autoconfigure.web.client.RestClientSsl; SearchStrategy: all) did not find any beans (OnBeanCondition)

   RestTemplateAutoConfiguration matched:
      - @ConditionalOnClass found required class 'org.springframework.web.client.RestTemplate' (OnClassCondition)
      - NoneNestedConditions 0 matched 1 did not; NestedCondition on NotReactiveWebApplicationCondition.ReactiveWebApplication did not find reactive web application classes (NotReactiveWebApplicationCondition)

   RestTemplateAutoConfiguration#restTemplateBuilder matched:
      - @ConditionalOnMissingBean (types: org.springframework.boot.web.client.RestTemplateBuilder; SearchStrategy: all) did not find any beans (OnBeanCondition)

   SecurityAutoConfiguration matched:
      - @ConditionalOnClass found required class 'org.springframework.security.authentication.DefaultAuthenticationEventPublisher' (OnClassCondition)

   SecurityAutoConfiguration#authenticationEventPublisher matched:
      - @ConditionalOnMissingBean (types: org.springframework.security.authentication.AuthenticationEventPublisher; SearchStrategy: all) did not find any beans (OnBeanCondition)

   SecurityFilterAutoConfiguration matched:
      - @ConditionalOnClass found required classes 'org.springframework.security.web.context.AbstractSecurityWebApplicationInitializer', 'org.springframework.security.config.http.SessionCreationPolicy' (OnClassCondition)
      - found 'session' scope (OnWebApplicationCondition)

   SecurityFilterAutoConfiguration#securityFilterChainRegistration matched:
      - @ConditionalOnBean (names: springSecurityFilterChain; SearchStrategy: all) found bean 'springSecurityFilterChain' (OnBeanCondition)

   ServletWebServerFactoryAutoConfiguration matched:
      - @ConditionalOnClass found required class 'jakarta.servlet.ServletRequest' (OnClassCondition)
      - found 'session' scope (OnWebApplicationCondition)

   ServletWebServerFactoryAutoConfiguration#tomcatServletWebServerFactoryCustomizer matched:
      - @ConditionalOnClass found required class 'org.apache.catalina.startup.Tomcat' (OnClassCondition)

   ServletWebServerFactoryConfiguration.EmbeddedTomcat matched:
      - @ConditionalOnClass found required classes 'jakarta.servlet.Servlet', 'org.apache.catalina.startup.Tomcat', 'org.apache.coyote.UpgradeProtocol' (OnClassCondition)
      - @ConditionalOnMissingBean (types: org.springframework.boot.web.servlet.server.ServletWebServerFactory; SearchStrategy: current) did not find any beans (OnBeanCondition)

   SimpleCacheConfiguration matched:
      - Cache org.springframework.boot.autoconfigure.cache.SimpleCacheConfiguration automatic cache type (CacheCondition)

   SpringBootWebSecurityConfiguration matched:
      - found 'session' scope (OnWebApplicationCondition)

   SpringBootWebSecurityConfiguration.WebSecurityEnablerConfiguration matched:
      - @ConditionalOnClass found required class 'org.springframework.security.config.annotation.web.configuration.EnableWebSecurity' (OnClassCondition)
      - @ConditionalOnMissingBean (names: springSecurityFilterChain; SearchStrategy: all) did not find any beans (OnBeanCondition)

   SqlInitializationAutoConfiguration matched:
      - @ConditionalOnProperty (spring.sql.init.enabled) matched (OnPropertyCondition)
      - NoneNestedConditions 0 matched 1 did not; NestedCondition on SqlInitializationAutoConfiguration.SqlInitializationModeCondition.ModeIsNever @ConditionalOnProperty (spring.sql.init.mode=never) did not find property 'mode' (SqlInitializationAutoConfiguration.SqlInitializationModeCondition)

   SslAutoConfiguration#sslBundleRegistry matched:
      - @ConditionalOnMissingBean (types: org.springframework.boot.ssl.SslBundleRegistry,org.springframework.boot.ssl.SslBundles; SearchStrategy: all) did not find any beans (OnBeanCondition)

   TaskExecutionAutoConfiguration matched:
      - @ConditionalOnClass found required class 'org.springframework.scheduling.concurrent.ThreadPoolTaskExecutor' (OnClassCondition)

   TaskExecutorConfigurations.SimpleAsyncTaskExecutorBuilderConfiguration#simpleAsyncTaskExecutorBuilder matched:
      - @ConditionalOnMissingBean (types: org.springframework.boot.task.SimpleAsyncTaskExecutorBuilder; SearchStrategy: all) did not find any beans (OnBeanCondition)
      - @ConditionalOnThreading found PLATFORM (OnThreadingCondition)

   TaskExecutorConfigurations.TaskExecutorBuilderConfiguration#taskExecutorBuilder matched:
      - @ConditionalOnMissingBean (types: org.springframework.boot.task.TaskExecutorBuilder; SearchStrategy: all) did not find any beans (OnBeanCondition)

   TaskExecutorConfigurations.TaskExecutorConfiguration matched:
      - @ConditionalOnMissingBean (types: java.util.concurrent.Executor; SearchStrategy: all) did not find any beans (OnBeanCondition)

   TaskExecutorConfigurations.TaskExecutorConfiguration#applicationTaskExecutor matched:
      - @ConditionalOnThreading found PLATFORM (OnThreadingCondition)

   TaskExecutorConfigurations.ThreadPoolTaskExecutorBuilderConfiguration#threadPoolTaskExecutorBuilder matched:
      - @ConditionalOnMissingBean (types: org.springframework.boot.task.TaskExecutorBuilder,org.springframework.boot.task.ThreadPoolTaskExecutorBuilder; SearchStrategy: all) did not find any beans (OnBeanCondition)

   TaskSchedulingAutoConfiguration matched:
      - @ConditionalOnClass found required class 'org.springframework.scheduling.concurrent.ThreadPoolTaskScheduler' (OnClassCondition)

   TaskSchedulingAutoConfiguration#scheduledBeanLazyInitializationExcludeFilter matched:
      - @ConditionalOnBean (names: org.springframework.context.annotation.internalScheduledAnnotationProcessor; SearchStrategy: all) found bean 'org.springframework.context.annotation.internalScheduledAnnotationProcessor' (OnBeanCondition)

   TaskSchedulingConfigurations.SimpleAsyncTaskSchedulerBuilderConfiguration#simpleAsyncTaskSchedulerBuilder matched:
      - @ConditionalOnMissingBean (types: org.springframework.boot.task.SimpleAsyncTaskSchedulerBuilder; SearchStrategy: all) did not find any beans (OnBeanCondition)
      - @ConditionalOnThreading found PLATFORM (OnThreadingCondition)

   TaskSchedulingConfigurations.TaskSchedulerBuilderConfiguration#taskSchedulerBuilder matched:
      - @ConditionalOnMissingBean (types: org.springframework.boot.task.TaskSchedulerBuilder; SearchStrategy: all) did not find any beans (OnBeanCondition)

   TaskSchedulingConfigurations.TaskSchedulerConfiguration matched:
      - @ConditionalOnBean (names: org.springframework.context.annotation.internalScheduledAnnotationProcessor; SearchStrategy: all) found bean 'org.springframework.context.annotation.internalScheduledAnnotationProcessor'; @ConditionalOnMissingBean (types: org.springframework.scheduling.TaskScheduler,java.util.concurrent.ScheduledExecutorService; SearchStrategy: all) did not find any beans (OnBeanCondition)

   TaskSchedulingConfigurations.TaskSchedulerConfiguration#taskScheduler matched:
      - @ConditionalOnThreading found PLATFORM (OnThreadingCondition)

   TaskSchedulingConfigurations.ThreadPoolTaskSchedulerBuilderConfiguration#threadPoolTaskSchedulerBuilder matched:
      - @ConditionalOnMissingBean (types: org.springframework.boot.task.TaskSchedulerBuilder,org.springframework.boot.task.ThreadPoolTaskSchedulerBuilder; SearchStrategy: all) did not find any beans (OnBeanCondition)

   TransactionAutoConfiguration matched:
      - @ConditionalOnClass found required class 'org.springframework.transaction.PlatformTransactionManager' (OnClassCondition)

   TransactionAutoConfiguration.EnableTransactionManagementConfiguration matched:
      - @ConditionalOnBean (types: org.springframework.transaction.TransactionManager; SearchStrategy: all) found bean 'transactionManager'; @ConditionalOnMissingBean (types: org.springframework.transaction.annotation.AbstractTransactionManagementConfiguration; SearchStrategy: all) did not find any beans (OnBeanCondition)

   TransactionAutoConfiguration.EnableTransactionManagementConfiguration.CglibAutoProxyConfiguration matched:
      - @ConditionalOnProperty (spring.aop.proxy-target-class=true) matched (OnPropertyCondition)

   TransactionAutoConfiguration.TransactionTemplateConfiguration matched:
      - @ConditionalOnSingleCandidate (types: org.springframework.transaction.PlatformTransactionManager; SearchStrategy: all) found a single bean 'transactionManager' (OnBeanCondition)

   TransactionAutoConfiguration.TransactionTemplateConfiguration#transactionTemplate matched:
      - @ConditionalOnMissingBean (types: org.springframework.transaction.support.TransactionOperations; SearchStrategy: all) did not find any beans (OnBeanCondition)

   TransactionManagerCustomizationAutoConfiguration matched:
      - @ConditionalOnClass found required class 'org.springframework.transaction.PlatformTransactionManager' (OnClassCondition)

   TransactionManagerCustomizationAutoConfiguration#platformTransactionManagerCustomizers matched:
      - @ConditionalOnMissingBean (types: org.springframework.boot.autoconfigure.transaction.TransactionManagerCustomizers; SearchStrategy: all) did not find any beans (OnBeanCondition)

   ValidationAutoConfiguration matched:
      - @ConditionalOnClass found required class 'jakarta.validation.executable.ExecutableValidator' (OnClassCondition)
      - @ConditionalOnResource found location classpath:META-INF/services/jakarta.validation.spi.ValidationProvider (OnResourceCondition)

   ValidationAutoConfiguration#defaultValidator matched:
      - @ConditionalOnMissingBean (types: jakarta.validation.Validator; SearchStrategy: all) did not find any beans (OnBeanCondition)

   ValidationAutoConfiguration#methodValidationPostProcessor matched:
      - @ConditionalOnMissingBean (types: org.springframework.validation.beanvalidation.MethodValidationPostProcessor; SearchStrategy: current) did not find any beans (OnBeanCondition)

   WebMvcAutoConfiguration matched:
      - @ConditionalOnClass found required classes 'jakarta.servlet.Servlet', 'org.springframework.web.servlet.DispatcherServlet', 'org.springframework.web.servlet.config.annotation.WebMvcConfigurer' (OnClassCondition)
      - found 'session' scope (OnWebApplicationCondition)
      - @ConditionalOnMissingBean (types: org.springframework.web.servlet.config.annotation.WebMvcConfigurationSupport; SearchStrategy: all) did not find any beans (OnBeanCondition)

   WebMvcAutoConfiguration#formContentFilter matched:
      - @ConditionalOnProperty (spring.mvc.formcontent.filter.enabled) matched (OnPropertyCondition)
      - @ConditionalOnMissingBean (types: org.springframework.web.filter.FormContentFilter; SearchStrategy: all) did not find any beans (OnBeanCondition)

   WebMvcAutoConfiguration.EnableWebMvcConfiguration#flashMapManager matched:
      - @ConditionalOnMissingBean (names: flashMapManager; SearchStrategy: all) did not find any beans (OnBeanCondition)

   WebMvcAutoConfiguration.EnableWebMvcConfiguration#localeResolver matched:
      - @ConditionalOnMissingBean (names: localeResolver; SearchStrategy: all) did not find any beans (OnBeanCondition)

   WebMvcAutoConfiguration.EnableWebMvcConfiguration#themeResolver matched:
      - @ConditionalOnMissingBean (names: themeResolver; SearchStrategy: all) did not find any beans (OnBeanCondition)

   WebMvcAutoConfiguration.WebMvcAutoConfigurationAdapter#defaultViewResolver matched:
      - @ConditionalOnMissingBean (types: org.springframework.web.servlet.view.InternalResourceViewResolver; SearchStrategy: all) did not find any beans (OnBeanCondition)

   WebMvcAutoConfiguration.WebMvcAutoConfigurationAdapter#requestContextFilter matched:
      - @ConditionalOnMissingBean (types: org.springframework.web.context.request.RequestContextListener,org.springframework.web.filter.RequestContextFilter; SearchStrategy: all) did not find any beans (OnBeanCondition)

   WebMvcAutoConfiguration.WebMvcAutoConfigurationAdapter#viewResolver matched:
      - @ConditionalOnBean (types: org.springframework.web.servlet.ViewResolver; SearchStrategy: all) found beans 'defaultViewResolver', 'beanNameViewResolver', 'mvcViewResolver'; @ConditionalOnMissingBean (names: viewResolver types: org.springframework.web.servlet.view.ContentNegotiatingViewResolver; SearchStrategy: all) did not find any beans (OnBeanCondition)

   WebSocketMessagingAutoConfiguration matched:
      - @ConditionalOnClass found required class 'org.springframework.web.socket.config.annotation.WebSocketMessageBrokerConfigurer' (OnClassCondition)
      - found 'session' scope (OnWebApplicationCondition)

   WebSocketServletAutoConfiguration matched:
      - @ConditionalOnClass found required classes 'jakarta.servlet.Servlet', 'jakarta.websocket.server.ServerContainer' (OnClassCondition)
      - found 'session' scope (OnWebApplicationCondition)

   WebSocketServletAutoConfiguration.TomcatWebSocketConfiguration matched:
      - @ConditionalOnClass found required classes 'org.apache.catalina.startup.Tomcat', 'org.apache.tomcat.websocket.server.WsSci' (OnClassCondition)

   WebSocketServletAutoConfiguration.TomcatWebSocketConfiguration#websocketServletWebServerCustomizer matched:
      - @ConditionalOnMissingBean (names: websocketServletWebServerCustomizer; SearchStrategy: all) did not find any beans (OnBeanCondition)


Negative matches:
-----------------

   ActiveMQAutoConfiguration:
      Did not match:
         - @ConditionalOnClass did not find required class 'jakarta.jms.ConnectionFactory' (OnClassCondition)

   AopAutoConfiguration.AspectJAutoProxyingConfiguration:
      Did not match:
         - @ConditionalOnClass did not find required class 'org.aspectj.weaver.Advice' (OnClassCondition)

   ArtemisAutoConfiguration:
      Did not match:
         - @ConditionalOnClass did not find required class 'jakarta.jms.ConnectionFactory' (OnClassCondition)

   BatchAutoConfiguration:
      Did not match:
         - @ConditionalOnClass did not find required class 'org.springframework.batch.core.launch.JobLauncher' (OnClassCondition)

   Cache2kCacheConfiguration:
      Did not match:
         - @ConditionalOnClass did not find required class 'org.cache2k.Cache2kBuilder' (OnClassCondition)

   CacheAutoConfiguration:
      Did not match:
         - @ConditionalOnMissingBean (names: cacheResolver types: org.springframework.cache.CacheManager; SearchStrategy: all) found beans of type 'org.springframework.cache.CacheManager' cacheManager (OnBeanCondition)
      Matched:
         - @ConditionalOnClass found required class 'org.springframework.cache.CacheManager' (OnClassCondition)

   CacheAutoConfiguration.CacheManagerEntityManagerFactoryDependsOnPostProcessor:
      Did not match:
         - @ConditionalOnClass did not find required class 'org.springframework.orm.jpa.LocalContainerEntityManagerFactoryBean' (OnClassCondition)
         - Ancestor org.springframework.boot.autoconfigure.cache.CacheAutoConfiguration did not match (ConditionEvaluationReport.AncestorsMatchedCondition)

   CassandraAutoConfiguration:
      Did not match:
         - @ConditionalOnClass did not find required class 'com.datastax.oss.driver.api.core.CqlSession' (OnClassCondition)

   CassandraDataAutoConfiguration:
      Did not match:
         - @ConditionalOnClass did not find required class 'com.datastax.oss.driver.api.core.CqlSession' (OnClassCondition)

   CassandraReactiveDataAutoConfiguration:
      Did not match:
         - @ConditionalOnClass did not find required class 'com.datastax.oss.driver.api.core.CqlSession' (OnClassCondition)

   CassandraReactiveRepositoriesAutoConfiguration:
      Did not match:
         - @ConditionalOnClass did not find required class 'org.springframework.data.cassandra.ReactiveSession' (OnClassCondition)

   CassandraRepositoriesAutoConfiguration:
      Did not match:
         - @ConditionalOnClass did not find required class 'com.datastax.oss.driver.api.core.CqlSession' (OnClassCondition)

   ClientHttpConnectorAutoConfiguration:
      Did not match:
         - @ConditionalOnClass did not find required class 'org.springframework.web.reactive.function.client.WebClient' (OnClassCondition)

   CodecsAutoConfiguration:
      Did not match:
         - @ConditionalOnClass did not find required class 'org.springframework.web.reactive.function.client.WebClient' (OnClassCondition)

   CouchbaseAutoConfiguration:
      Did not match:
         - @ConditionalOnClass did not find required class 'com.couchbase.client.java.Cluster' (OnClassCondition)

   CouchbaseCacheConfiguration:
      Did not match:
         - @ConditionalOnClass did not find required class 'com.couchbase.client.java.Cluster' (OnClassCondition)

   CouchbaseDataAutoConfiguration:
      Did not match:
         - @ConditionalOnClass did not find required class 'com.couchbase.client.java.Bucket' (OnClassCondition)

   CouchbaseReactiveDataAutoConfiguration:
      Did not match:
         - @ConditionalOnClass did not find required class 'com.couchbase.client.java.Cluster' (OnClassCondition)

   CouchbaseReactiveRepositoriesAutoConfiguration:
      Did not match:
         - @ConditionalOnClass did not find required class 'com.couchbase.client.java.Cluster' (OnClassCondition)

   CouchbaseRepositoriesAutoConfiguration:
      Did not match:
         - @ConditionalOnClass did not find required class 'com.couchbase.client.java.Bucket' (OnClassCondition)

   DataSourceAutoConfiguration.EmbeddedDatabaseConfiguration:
      Did not match:
         - EmbeddedDataSource spring.datasource.url is set (DataSourceAutoConfiguration.EmbeddedDatabaseCondition)

   DataSourceCheckpointRestoreConfiguration:
      Did not match:
         - @ConditionalOnClass did not find required class 'org.crac.Resource' (OnClassCondition)

   DataSourceConfiguration.Dbcp2:
      Did not match:
         - @ConditionalOnClass did not find required class 'org.apache.commons.dbcp2.BasicDataSource' (OnClassCondition)

   DataSourceConfiguration.Generic:
      Did not match:
         - @ConditionalOnProperty (spring.datasource.type) did not find property 'spring.datasource.type' (OnPropertyCondition)

   DataSourceConfiguration.OracleUcp:
      Did not match:
         - @ConditionalOnClass did not find required classes 'oracle.ucp.jdbc.PoolDataSourceImpl', 'oracle.jdbc.OracleConnection' (OnClassCondition)

   DataSourceConfiguration.Tomcat:
      Did not match:
         - @ConditionalOnClass did not find required class 'org.apache.tomcat.jdbc.pool.DataSource' (OnClassCondition)

   DataSourceJmxConfiguration.TomcatDataSourceJmxConfiguration:
      Did not match:
         - @ConditionalOnClass did not find required class 'org.apache.tomcat.jdbc.pool.DataSourceProxy' (OnClassCondition)

   DataSourcePoolMetadataProvidersConfiguration.CommonsDbcp2PoolDataSourceMetadataProviderConfiguration:
      Did not match:
         - @ConditionalOnClass did not find required class 'org.apache.commons.dbcp2.BasicDataSource' (OnClassCondition)

   DataSourcePoolMetadataProvidersConfiguration.OracleUcpPoolDataSourceMetadataProviderConfiguration:
      Did not match:
         - @ConditionalOnClass did not find required classes 'oracle.ucp.jdbc.PoolDataSource', 'oracle.jdbc.OracleConnection' (OnClassCondition)

   DataSourcePoolMetadataProvidersConfiguration.TomcatDataSourcePoolMetadataProviderConfiguration:
      Did not match:
         - @ConditionalOnClass did not find required class 'org.apache.tomcat.jdbc.pool.DataSource' (OnClassCondition)

   DispatcherServletAutoConfiguration.DispatcherServletConfiguration#multipartResolver:
      Did not match:
         - @ConditionalOnBean (types: org.springframework.web.multipart.MultipartResolver; SearchStrategy: all) did not find any beans of type org.springframework.web.multipart.MultipartResolver (OnBeanCondition)

   ElasticsearchClientAutoConfiguration:
      Did not match:
         - @ConditionalOnClass did not find required class 'co.elastic.clients.elasticsearch.ElasticsearchClient' (OnClassCondition)

   ElasticsearchDataAutoConfiguration:
      Did not match:
         - @ConditionalOnClass did not find required class 'org.springframework.data.elasticsearch.client.elc.ElasticsearchTemplate' (OnClassCondition)

   ElasticsearchRepositoriesAutoConfiguration:
      Did not match:
         - @ConditionalOnClass did not find required class 'org.springframework.data.elasticsearch.repository.ElasticsearchRepository' (OnClassCondition)

   ElasticsearchRestClientAutoConfiguration:
      Did not match:
         - @ConditionalOnClass did not find required class 'org.elasticsearch.client.RestClientBuilder' (OnClassCondition)

   EmbeddedLdapAutoConfiguration:
      Did not match:
         - @ConditionalOnClass did not find required class 'com.unboundid.ldap.listener.InMemoryDirectoryServer' (OnClassCondition)

   EmbeddedWebServerFactoryCustomizerAutoConfiguration.JettyWebServerFactoryCustomizerConfiguration:
      Did not match:
         - @ConditionalOnClass did not find required classes 'org.eclipse.jetty.server.Server', 'org.eclipse.jetty.util.Loader', 'org.eclipse.jetty.ee10.webapp.WebAppContext' (OnClassCondition)

   EmbeddedWebServerFactoryCustomizerAutoConfiguration.NettyWebServerFactoryCustomizerConfiguration:
      Did not match:
         - @ConditionalOnClass did not find required class 'reactor.netty.http.server.HttpServer' (OnClassCondition)

   EmbeddedWebServerFactoryCustomizerAutoConfiguration.TomcatWebServerFactoryCustomizerConfiguration#tomcatVirtualThreadsProtocolHandlerCustomizer:
      Did not match:
         - @ConditionalOnThreading did not find VIRTUAL (OnThreadingCondition)

   EmbeddedWebServerFactoryCustomizerAutoConfiguration.UndertowWebServerFactoryCustomizerConfiguration:
      Did not match:
         - @ConditionalOnClass did not find required classes 'io.undertow.Undertow', 'org.xnio.SslClientAuthMode' (OnClassCondition)

   ErrorWebFluxAutoConfiguration:
      Did not match:
         - @ConditionalOnClass did not find required class 'org.springframework.web.reactive.config.WebFluxConfigurer' (OnClassCondition)

   FlywayAutoConfiguration:
      Did not match:
         - @ConditionalOnClass did not find required class 'org.flywaydb.core.Flyway' (OnClassCondition)

   FreeMarkerAutoConfiguration:
      Did not match:
         - @ConditionalOnClass did not find required class 'freemarker.template.Configuration' (OnClassCondition)

   GraphQlAutoConfiguration:
      Did not match:
         - @ConditionalOnClass did not find required class 'graphql.GraphQL' (OnClassCondition)

   GraphQlQueryByExampleAutoConfiguration:
      Did not match:
         - @ConditionalOnClass did not find required class 'graphql.GraphQL' (OnClassCondition)

   GraphQlQuerydslAutoConfiguration:
      Did not match:
         - @ConditionalOnClass did not find required class 'com.querydsl.core.Query' (OnClassCondition)

   GraphQlRSocketAutoConfiguration:
      Did not match:
         - @ConditionalOnClass did not find required class 'graphql.GraphQL' (OnClassCondition)

   GraphQlReactiveQueryByExampleAutoConfiguration:
      Did not match:
         - @ConditionalOnClass did not find required class 'graphql.GraphQL' (OnClassCondition)

   GraphQlReactiveQuerydslAutoConfiguration:
      Did not match:
         - @ConditionalOnClass did not find required class 'com.querydsl.core.Query' (OnClassCondition)

   GraphQlWebFluxAutoConfiguration:
      Did not match:
         - @ConditionalOnClass did not find required class 'graphql.GraphQL' (OnClassCondition)

   GraphQlWebFluxSecurityAutoConfiguration:
      Did not match:
         - @ConditionalOnClass did not find required class 'graphql.GraphQL' (OnClassCondition)

   GraphQlWebMvcAutoConfiguration:
      Did not match:
         - @ConditionalOnClass did not find required class 'graphql.GraphQL' (OnClassCondition)

   GraphQlWebMvcSecurityAutoConfiguration:
      Did not match:
         - @ConditionalOnClass did not find required class 'graphql.GraphQL' (OnClassCondition)

   GroovyTemplateAutoConfiguration:
      Did not match:
         - @ConditionalOnClass did not find required class 'groovy.text.markup.MarkupTemplateEngine' (OnClassCondition)

   GsonAutoConfiguration:
      Did not match:
         - @ConditionalOnClass did not find required class 'com.google.gson.Gson' (OnClassCondition)

   GsonHttpMessageConvertersConfiguration:
      Did not match:
         - @ConditionalOnClass did not find required class 'com.google.gson.Gson' (OnClassCondition)

   H2ConsoleAutoConfiguration:
      Did not match:
         - @ConditionalOnClass did not find required class 'org.h2.server.web.JakartaWebServlet' (OnClassCondition)

   HazelcastAutoConfiguration:
      Did not match:
         - @ConditionalOnClass did not find required class 'com.hazelcast.core.HazelcastInstance' (OnClassCondition)

   HazelcastCacheConfiguration:
      Did not match:
         - @ConditionalOnClass did not find required class 'com.hazelcast.core.HazelcastInstance' (OnClassCondition)

   HazelcastJpaDependencyAutoConfiguration:
      Did not match:
         - @ConditionalOnClass did not find required class 'com.hazelcast.core.HazelcastInstance' (OnClassCondition)

   HibernateJpaAutoConfiguration:
      Did not match:
         - @ConditionalOnClass did not find required class 'jakarta.persistence.EntityManager' (OnClassCondition)

   HttpHandlerAutoConfiguration:
      Did not match:
         - @ConditionalOnClass did not find required class 'org.springframework.web.reactive.DispatcherHandler' (OnClassCondition)

   HypermediaAutoConfiguration:
      Did not match:
         - @ConditionalOnClass did not find required class 'org.springframework.hateoas.EntityModel' (OnClassCondition)

   InfinispanCacheConfiguration:
      Did not match:
         - @ConditionalOnClass did not find required class 'org.infinispan.spring.embedded.provider.SpringEmbeddedCacheManager' (OnClassCondition)

   InfluxDbAutoConfiguration:
      Did not match:
         - @ConditionalOnClass did not find required class 'org.influxdb.InfluxDB' (OnClassCondition)

   IntegrationAutoConfiguration:
      Did not match:
         - @ConditionalOnClass did not find required class 'org.springframework.integration.config.EnableIntegration' (OnClassCondition)

   JCacheCacheConfiguration:
      Did not match:
         - @ConditionalOnClass did not find required class 'javax.cache.Caching' (OnClassCondition)

   JacksonHttpMessageConvertersConfiguration.MappingJackson2XmlHttpMessageConverterConfiguration:
      Did not match:
         - @ConditionalOnClass did not find required class 'com.fasterxml.jackson.dataformat.xml.XmlMapper' (OnClassCondition)

   JdbcRepositoriesAutoConfiguration:
      Did not match:
         - @ConditionalOnClass did not find required class 'org.springframework.data.jdbc.repository.config.AbstractJdbcConfiguration' (OnClassCondition)

   JerseyAutoConfiguration:
      Did not match:
         - @ConditionalOnClass did not find required class 'org.glassfish.jersey.server.spring.SpringComponentProvider' (OnClassCondition)

   JmsAutoConfiguration:
      Did not match:
         - @ConditionalOnClass did not find required class 'jakarta.jms.Message' (OnClassCondition)

   JmxAutoConfiguration:
      Did not match:
         - @ConditionalOnProperty (spring.jmx.enabled=true) did not find property 'enabled' (OnPropertyCondition)
      Matched:
         - @ConditionalOnClass found required class 'org.springframework.jmx.export.MBeanExporter' (OnClassCondition)

   JndiConnectionFactoryAutoConfiguration:
      Did not match:
         - @ConditionalOnClass did not find required class 'org.springframework.jms.core.JmsTemplate' (OnClassCondition)

   JndiDataSourceAutoConfiguration:
      Did not match:
         - @ConditionalOnProperty (spring.datasource.jndi-name) did not find property 'jndi-name' (OnPropertyCondition)
      Matched:
         - @ConditionalOnClass found required classes 'javax.sql.DataSource', 'org.springframework.jdbc.datasource.embedded.EmbeddedDatabaseType' (OnClassCondition)

   JooqAutoConfiguration:
      Did not match:
         - @ConditionalOnClass did not find required class 'org.jooq.DSLContext' (OnClassCondition)

   JpaRepositoriesAutoConfiguration:
      Did not match:
         - @ConditionalOnClass did not find required class 'org.springframework.data.jpa.repository.JpaRepository' (OnClassCondition)

   JsonbAutoConfiguration:
      Did not match:
         - @ConditionalOnClass did not find required class 'jakarta.json.bind.Jsonb' (OnClassCondition)

   JsonbHttpMessageConvertersConfiguration:
      Did not match:
         - @ConditionalOnClass did not find required class 'jakarta.json.bind.Jsonb' (OnClassCondition)

   JtaAutoConfiguration:
      Did not match:
         - @ConditionalOnClass did not find required class 'jakarta.transaction.Transaction' (OnClassCondition)

   KafkaAutoConfiguration:
      Did not match:
         - @ConditionalOnClass did not find required class 'org.springframework.kafka.core.KafkaTemplate' (OnClassCondition)

   LdapAutoConfiguration:
      Did not match:
         - @ConditionalOnClass did not find required class 'org.springframework.ldap.core.ContextSource' (OnClassCondition)

   LdapRepositoriesAutoConfiguration:
      Did not match:
         - @ConditionalOnClass did not find required class 'org.springframework.data.ldap.repository.LdapRepository' (OnClassCondition)

   LiquibaseAutoConfiguration:
      Did not match:
         - @ConditionalOnClass did not find required class 'liquibase.change.DatabaseChange' (OnClassCondition)

   MailSenderAutoConfiguration:
      Did not match:
         - @ConditionalOnClass did not find required class 'jakarta.activation.MimeType' (OnClassCondition)

   MailSenderValidatorAutoConfiguration:
      Did not match:
         - @ConditionalOnProperty (spring.mail.test-connection) did not find property 'test-connection' (OnPropertyCondition)

   MessageSourceAutoConfiguration:
      Did not match:
         - ResourceBundle did not find bundle with basename messages (MessageSourceAutoConfiguration.ResourceBundleCondition)

   MongoAutoConfiguration:
      Did not match:
         - @ConditionalOnClass did not find required class 'com.mongodb.client.MongoClient' (OnClassCondition)

   MongoDataAutoConfiguration:
      Did not match:
         - @ConditionalOnClass did not find required class 'com.mongodb.client.MongoClient' (OnClassCondition)

   MongoReactiveAutoConfiguration:
      Did not match:
         - @ConditionalOnClass did not find required class 'com.mongodb.reactivestreams.client.MongoClient' (OnClassCondition)

   MongoReactiveDataAutoConfiguration:
      Did not match:
         - @ConditionalOnClass did not find required class 'com.mongodb.reactivestreams.client.MongoClient' (OnClassCondition)

   MongoReactiveRepositoriesAutoConfiguration:
      Did not match:
         - @ConditionalOnClass did not find required class 'com.mongodb.reactivestreams.client.MongoClient' (OnClassCondition)

   MongoRepositoriesAutoConfiguration:
      Did not match:
         - @ConditionalOnClass did not find required class 'com.mongodb.client.MongoClient' (OnClassCondition)

   MustacheAutoConfiguration:
      Did not match:
         - @ConditionalOnClass did not find required class 'com.samskivert.mustache.Mustache' (OnClassCondition)

   MybatisAutoConfiguration.MapperScannerRegistrarNotFoundConfiguration:
      Did not match:
         - @ConditionalOnMissingBean (types: org.mybatis.spring.mapper.MapperFactoryBean,org.mybatis.spring.mapper.MapperScannerConfigurer; SearchStrategy: all) found beans of type 'org.mybatis.spring.mapper.MapperScannerConfigurer' com.cd.ThreatPlatformApplication#MapperScannerRegistrar#0 (OnBeanCondition)

   MybatisLanguageDriverAutoConfiguration.FreeMarkerConfiguration:
      Did not match:
         - @ConditionalOnClass did not find required classes 'org.mybatis.scripting.freemarker.FreeMarkerLanguageDriver', 'org.mybatis.scripting.freemarker.FreeMarkerLanguageDriverConfig' (OnClassCondition)

   MybatisLanguageDriverAutoConfiguration.LegacyFreeMarkerConfiguration:
      Did not match:
         - @ConditionalOnClass did not find required class 'org.mybatis.scripting.freemarker.FreeMarkerLanguageDriver' (OnClassCondition)

   MybatisLanguageDriverAutoConfiguration.LegacyVelocityConfiguration:
      Did not match:
         - @ConditionalOnClass did not find required class 'org.mybatis.scripting.velocity.Driver' (OnClassCondition)

   MybatisLanguageDriverAutoConfiguration.ThymeleafConfiguration:
      Did not match:
         - @ConditionalOnClass did not find required class 'org.mybatis.scripting.thymeleaf.ThymeleafLanguageDriver' (OnClassCondition)

   MybatisLanguageDriverAutoConfiguration.VelocityConfiguration:
      Did not match:
         - @ConditionalOnClass did not find required classes 'org.mybatis.scripting.velocity.VelocityLanguageDriver', 'org.mybatis.scripting.velocity.VelocityLanguageDriverConfig' (OnClassCondition)

   Neo4jAutoConfiguration:
      Did not match:
         - @ConditionalOnClass did not find required class 'org.neo4j.driver.Driver' (OnClassCondition)

   Neo4jDataAutoConfiguration:
      Did not match:
         - @ConditionalOnClass did not find required class 'org.neo4j.driver.Driver' (OnClassCondition)

   Neo4jReactiveDataAutoConfiguration:
      Did not match:
         - @ConditionalOnClass did not find required class 'org.neo4j.driver.Driver' (OnClassCondition)

   Neo4jReactiveRepositoriesAutoConfiguration:
      Did not match:
         - @ConditionalOnClass did not find required class 'org.neo4j.driver.Driver' (OnClassCondition)

   Neo4jRepositoriesAutoConfiguration:
      Did not match:
         - @ConditionalOnClass did not find required class 'org.neo4j.driver.Driver' (OnClassCondition)

   NettyAutoConfiguration:
      Did not match:
         - @ConditionalOnClass did not find required class 'io.netty.util.NettyRuntime' (OnClassCondition)

   OAuth2AuthorizationServerAutoConfiguration:
      Did not match:
         - @ConditionalOnClass did not find required class 'org.springframework.security.oauth2.server.authorization.OAuth2Authorization' (OnClassCondition)

   OAuth2AuthorizationServerJwtAutoConfiguration:
      Did not match:
         - @ConditionalOnClass did not find required class 'org.springframework.security.oauth2.server.authorization.OAuth2Authorization' (OnClassCondition)

   OAuth2ClientAutoConfiguration:
      Did not match:
         - @ConditionalOnClass did not find required class 'org.springframework.security.oauth2.client.registration.ClientRegistration' (OnClassCondition)

   OAuth2ResourceServerAutoConfiguration:
      Did not match:
         - @ConditionalOnClass did not find required class 'org.springframework.security.oauth2.server.resource.authentication.BearerTokenAuthenticationToken' (OnClassCondition)

   ProjectInfoAutoConfiguration#buildProperties:
      Did not match:
         - @ConditionalOnResource did not find resource '${spring.info.build.location:classpath:META-INF/build-info.properties}' (OnResourceCondition)

   ProjectInfoAutoConfiguration#gitProperties:
      Did not match:
         - GitResource did not find git info at classpath:git.properties (ProjectInfoAutoConfiguration.GitResourceAvailableCondition)

   PulsarAutoConfiguration:
      Did not match:
         - @ConditionalOnClass did not find required class 'org.apache.pulsar.client.api.PulsarClient' (OnClassCondition)

   PulsarReactiveAutoConfiguration:
      Did not match:
         - @ConditionalOnClass did not find required class 'org.apache.pulsar.client.api.PulsarClient' (OnClassCondition)

   QuartzAutoConfiguration:
      Did not match:
         - @ConditionalOnClass did not find required class 'org.quartz.Scheduler' (OnClassCondition)

   R2dbcAutoConfiguration:
      Did not match:
         - @ConditionalOnClass did not find required class 'io.r2dbc.spi.ConnectionFactory' (OnClassCondition)

   R2dbcDataAutoConfiguration:
      Did not match:
         - @ConditionalOnClass did not find required class 'org.springframework.data.r2dbc.core.R2dbcEntityTemplate' (OnClassCondition)

   R2dbcInitializationConfiguration:
      Did not match:
         - @ConditionalOnClass did not find required classes 'io.r2dbc.spi.ConnectionFactory', 'org.springframework.r2dbc.connection.init.DatabasePopulator' (OnClassCondition)

   R2dbcRepositoriesAutoConfiguration:
      Did not match:
         - @ConditionalOnClass did not find required class 'io.r2dbc.spi.ConnectionFactory' (OnClassCondition)

   R2dbcTransactionManagerAutoConfiguration:
      Did not match:
         - @ConditionalOnClass did not find required class 'org.springframework.r2dbc.connection.R2dbcTransactionManager' (OnClassCondition)

   RSocketGraphQlClientAutoConfiguration:
      Did not match:
         - @ConditionalOnClass did not find required class 'graphql.GraphQL' (OnClassCondition)

   RSocketMessagingAutoConfiguration:
      Did not match:
         - @ConditionalOnClass did not find required class 'io.rsocket.RSocket' (OnClassCondition)

   RSocketRequesterAutoConfiguration:
      Did not match:
         - @ConditionalOnClass did not find required class 'io.rsocket.RSocket' (OnClassCondition)

   RSocketSecurityAutoConfiguration:
      Did not match:
         - @ConditionalOnClass did not find required class 'org.springframework.security.rsocket.core.SecuritySocketAcceptorInterceptor' (OnClassCondition)

   RSocketServerAutoConfiguration:
      Did not match:
         - @ConditionalOnClass did not find required class 'io.rsocket.core.RSocketServer' (OnClassCondition)

   RSocketStrategiesAutoConfiguration:
      Did not match:
         - @ConditionalOnClass did not find required class 'io.netty.buffer.PooledByteBufAllocator' (OnClassCondition)

   RabbitAnnotationDrivenConfiguration#directRabbitListenerContainerFactory:
      Did not match:
         - @ConditionalOnProperty (spring.rabbitmq.listener.type=direct) did not find property 'type' (OnPropertyCondition)

   RabbitAnnotationDrivenConfiguration#directRabbitListenerContainerFactoryConfigurerVirtualThreads:
      Did not match:
         - @ConditionalOnMissingBean (types: org.springframework.boot.autoconfigure.amqp.DirectRabbitListenerContainerFactoryConfigurer; SearchStrategy: all) found beans of type 'org.springframework.boot.autoconfigure.amqp.DirectRabbitListenerContainerFactoryConfigurer' directRabbitListenerContainerFactoryConfigurer (OnBeanCondition)

   RabbitAnnotationDrivenConfiguration#simpleRabbitListenerContainerFactoryConfigurerVirtualThreads:
      Did not match:
         - @ConditionalOnMissingBean (types: org.springframework.boot.autoconfigure.amqp.SimpleRabbitListenerContainerFactoryConfigurer; SearchStrategy: all) found beans of type 'org.springframework.boot.autoconfigure.amqp.SimpleRabbitListenerContainerFactoryConfigurer' simpleRabbitListenerContainerFactoryConfigurer (OnBeanCondition)

   RabbitStreamConfiguration:
      Did not match:
         - @ConditionalOnClass did not find required class 'org.springframework.rabbit.stream.config.StreamRabbitListenerContainerFactory' (OnClassCondition)

   ReactiveElasticsearchClientAutoConfiguration:
      Did not match:
         - @ConditionalOnClass did not find required class 'co.elastic.clients.transport.ElasticsearchTransport' (OnClassCondition)

   ReactiveElasticsearchRepositoriesAutoConfiguration:
      Did not match:
         - @ConditionalOnClass did not find required class 'org.springframework.data.elasticsearch.client.elc.ReactiveElasticsearchClient' (OnClassCondition)

   ReactiveMultipartAutoConfiguration:
      Did not match:
         - @ConditionalOnClass did not find required class 'org.springframework.web.reactive.config.WebFluxConfigurer' (OnClassCondition)

   ReactiveOAuth2ClientAutoConfiguration:
      Did not match:
         - @ConditionalOnClass did not find required class 'reactor.core.publisher.Flux' (OnClassCondition)

   ReactiveOAuth2ResourceServerAutoConfiguration:
      Did not match:
         - @ConditionalOnWebApplication did not find reactive web application classes (OnWebApplicationCondition)

   ReactiveSecurityAutoConfiguration:
      Did not match:
         - @ConditionalOnClass did not find required class 'reactor.core.publisher.Flux' (OnClassCondition)

   ReactiveUserDetailsServiceAutoConfiguration:
      Did not match:
         - AnyNestedCondition 0 matched 2 did not; NestedCondition on ReactiveUserDetailsServiceAutoConfiguration.RSocketEnabledOrReactiveWebApplication.ReactiveWebApplicationCondition did not find reactive web application classes; NestedCondition on ReactiveUserDetailsServiceAutoConfiguration.RSocketEnabledOrReactiveWebApplication.RSocketSecurityEnabledCondition @ConditionalOnBean (types: org.springframework.messaging.rsocket.annotation.support.RSocketMessageHandler; SearchStrategy: all) did not find any beans of type org.springframework.messaging.rsocket.annotation.support.RSocketMessageHandler (ReactiveUserDetailsServiceAutoConfiguration.RSocketEnabledOrReactiveWebApplication)
      Matched:
         - @ConditionalOnClass found required class 'org.springframework.security.authentication.ReactiveAuthenticationManager' (OnClassCondition)
         - AnyNestedCondition 1 matched 2 did not; NestedCondition on ReactiveUserDetailsServiceAutoConfiguration.MissingAlternativeOrUserPropertiesConfigured.PasswordConfigured @ConditionalOnProperty (spring.security.user.password) did not find property 'password'; NestedCondition on ReactiveUserDetailsServiceAutoConfiguration.MissingAlternativeOrUserPropertiesConfigured.NameConfigured @ConditionalOnProperty (spring.security.user.name) did not find property 'name'; NestedCondition on ReactiveUserDetailsServiceAutoConfiguration.MissingAlternativeOrUserPropertiesConfigured.MissingAlternative @ConditionalOnMissingClass did not find unwanted classes 'org.springframework.security.oauth2.client.registration.ClientRegistrationRepository', 'org.springframework.security.oauth2.server.resource.introspection.ReactiveOpaqueTokenIntrospector' (ReactiveUserDetailsServiceAutoConfiguration.MissingAlternativeOrUserPropertiesConfigured)

   ReactiveWebServerFactoryAutoConfiguration:
      Did not match:
         - @ConditionalOnWebApplication did not find reactive web application classes (OnWebApplicationCondition)

   ReactorAutoConfiguration:
      Did not match:
         - @ConditionalOnClass did not find required class 'reactor.core.publisher.Hooks' (OnClassCondition)

   RedisAutoConfiguration:
      Did not match:
         - @ConditionalOnClass did not find required class 'org.springframework.data.redis.core.RedisOperations' (OnClassCondition)

   RedisCacheConfiguration:
      Did not match:
         - @ConditionalOnClass did not find required class 'org.springframework.data.redis.connection.RedisConnectionFactory' (OnClassCondition)

   RedisReactiveAutoConfiguration:
      Did not match:
         - @ConditionalOnClass did not find required class 'reactor.core.publisher.Flux' (OnClassCondition)

   RedisRepositoriesAutoConfiguration:
      Did not match:
         - @ConditionalOnClass did not find required class 'org.springframework.data.redis.repository.configuration.EnableRedisRepositories' (OnClassCondition)

   RepositoryRestMvcAutoConfiguration:
      Did not match:
         - @ConditionalOnClass did not find required class 'org.springframework.data.rest.webmvc.config.RepositoryRestMvcConfiguration' (OnClassCondition)

   Saml2RelyingPartyAutoConfiguration:
      Did not match:
         - @ConditionalOnClass did not find required class 'org.springframework.security.saml2.provider.service.registration.RelyingPartyRegistrationRepository' (OnClassCondition)

   SecurityDataConfiguration:
      Did not match:
         - @ConditionalOnClass did not find required class 'org.springframework.security.data.repository.query.SecurityEvaluationContextExtension' (OnClassCondition)

   SendGridAutoConfiguration:
      Did not match:
         - @ConditionalOnClass did not find required class 'com.sendgrid.SendGrid' (OnClassCondition)

   ServletWebServerFactoryAutoConfiguration.ForwardedHeaderFilterConfiguration:
      Did not match:
         - @ConditionalOnProperty (server.forward-headers-strategy=framework) did not find property 'server.forward-headers-strategy' (OnPropertyCondition)

   ServletWebServerFactoryConfiguration.EmbeddedJetty:
      Did not match:
         - @ConditionalOnClass did not find required classes 'org.eclipse.jetty.server.Server', 'org.eclipse.jetty.util.Loader', 'org.eclipse.jetty.ee10.webapp.WebAppContext' (OnClassCondition)

   ServletWebServerFactoryConfiguration.EmbeddedUndertow:
      Did not match:
         - @ConditionalOnClass did not find required classes 'io.undertow.Undertow', 'org.xnio.SslClientAuthMode' (OnClassCondition)

   SessionAutoConfiguration:
      Did not match:
         - @ConditionalOnClass did not find required class 'org.springframework.session.Session' (OnClassCondition)

   SpringApplicationAdminJmxAutoConfiguration:
      Did not match:
         - @ConditionalOnProperty (spring.application.admin.enabled=true) did not find property 'enabled' (OnPropertyCondition)

   SpringBootWebSecurityConfiguration.SecurityFilterChainConfiguration:
      Did not match:
         - AllNestedConditions 1 matched 1 did not; NestedCondition on DefaultWebSecurityCondition.Beans @ConditionalOnMissingBean (types: org.springframework.security.web.SecurityFilterChain; SearchStrategy: all) found beans of type 'org.springframework.security.web.SecurityFilterChain' securityFilterChain; NestedCondition on DefaultWebSecurityCondition.Classes @ConditionalOnClass found required classes 'org.springframework.security.web.SecurityFilterChain', 'org.springframework.security.config.annotation.web.builders.HttpSecurity' (DefaultWebSecurityCondition)

   SpringDataWebAutoConfiguration:
      Did not match:
         - @ConditionalOnClass did not find required class 'org.springframework.data.web.PageableHandlerMethodArgumentResolver' (OnClassCondition)

   TaskExecutorConfigurations.SimpleAsyncTaskExecutorBuilderConfiguration#simpleAsyncTaskExecutorBuilderVirtualThreads:
      Did not match:
         - @ConditionalOnMissingBean (types: org.springframework.boot.task.SimpleAsyncTaskExecutorBuilder; SearchStrategy: all) found beans of type 'org.springframework.boot.task.SimpleAsyncTaskExecutorBuilder' simpleAsyncTaskExecutorBuilder (OnBeanCondition)

   TaskExecutorConfigurations.TaskExecutorConfiguration#applicationTaskExecutorVirtualThreads:
      Did not match:
         - @ConditionalOnThreading did not find VIRTUAL (OnThreadingCondition)

   TaskSchedulingConfigurations.SimpleAsyncTaskSchedulerBuilderConfiguration#simpleAsyncTaskSchedulerBuilderVirtualThreads:
      Did not match:
         - @ConditionalOnMissingBean (types: org.springframework.boot.task.SimpleAsyncTaskSchedulerBuilder; SearchStrategy: all) found beans of type 'org.springframework.boot.task.SimpleAsyncTaskSchedulerBuilder' simpleAsyncTaskSchedulerBuilder (OnBeanCondition)

   TaskSchedulingConfigurations.TaskSchedulerConfiguration#taskSchedulerVirtualThreads:
      Did not match:
         - @ConditionalOnThreading did not find VIRTUAL (OnThreadingCondition)

   ThymeleafAutoConfiguration:
      Did not match:
         - @ConditionalOnClass did not find required class 'org.thymeleaf.spring6.SpringTemplateEngine' (OnClassCondition)

   TransactionAutoConfiguration#transactionalOperator:
      Did not match:
         - @ConditionalOnSingleCandidate (types: org.springframework.transaction.ReactiveTransactionManager; SearchStrategy: all) did not find any beans (OnBeanCondition)

   TransactionAutoConfiguration.AspectJTransactionManagementConfiguration:
      Did not match:
         - @ConditionalOnBean did not find required type 'org.springframework.transaction.aspectj.AbstractTransactionAspect' (OnBeanCondition)
         - @ConditionalOnBean (types: org.springframework.transaction.aspectj.AbstractTransactionAspect; SearchStrategy: all) did not find any beans of type org.springframework.transaction.aspectj.AbstractTransactionAspect (OnBeanCondition)

   TransactionAutoConfiguration.EnableTransactionManagementConfiguration.JdkDynamicAutoProxyConfiguration:
      Did not match:
         - @ConditionalOnProperty (spring.aop.proxy-target-class=false) did not find property 'proxy-target-class' (OnPropertyCondition)

   UserDetailsServiceAutoConfiguration:
      Did not match:
         - @ConditionalOnMissingBean (types: org.springframework.security.authentication.AuthenticationManager,org.springframework.security.authentication.AuthenticationProvider,org.springframework.security.core.userdetails.UserDetailsService,org.springframework.security.authentication.AuthenticationManagerResolver,org.springframework.security.oauth2.jwt.JwtDecoder; SearchStrategy: all) found beans of type 'org.springframework.security.authentication.AuthenticationManager' authenticationManager and found beans of type 'org.springframework.security.core.userdetails.UserDetailsService' customUserDetailsService and found beans of type 'org.springframework.security.authentication.AuthenticationProvider' authenticationProvider (OnBeanCondition)
      Matched:
         - @ConditionalOnClass found required class 'org.springframework.security.authentication.AuthenticationManager' (OnClassCondition)
         - AnyNestedCondition 1 matched 2 did not; NestedCondition on UserDetailsServiceAutoConfiguration.MissingAlternativeOrUserPropertiesConfigured.PasswordConfigured @ConditionalOnProperty (spring.security.user.password) did not find property 'password'; NestedCondition on UserDetailsServiceAutoConfiguration.MissingAlternativeOrUserPropertiesConfigured.NameConfigured @ConditionalOnProperty (spring.security.user.name) did not find property 'name'; NestedCondition on UserDetailsServiceAutoConfiguration.MissingAlternativeOrUserPropertiesConfigured.MissingAlternative @ConditionalOnMissingClass did not find unwanted classes 'org.springframework.security.oauth2.client.registration.ClientRegistrationRepository', 'org.springframework.security.oauth2.server.resource.introspection.OpaqueTokenIntrospector', 'org.springframework.security.saml2.provider.service.registration.RelyingPartyRegistrationRepository' (UserDetailsServiceAutoConfiguration.MissingAlternativeOrUserPropertiesConfigured)

   WebClientAutoConfiguration:
      Did not match:
         - @ConditionalOnClass did not find required class 'org.springframework.web.reactive.function.client.WebClient' (OnClassCondition)

   WebFluxAutoConfiguration:
      Did not match:
         - @ConditionalOnClass did not find required class 'org.springframework.web.reactive.config.WebFluxConfigurer' (OnClassCondition)

   WebMvcAutoConfiguration#hiddenHttpMethodFilter:
      Did not match:
         - @ConditionalOnProperty (spring.mvc.hiddenmethod.filter.enabled) did not find property 'enabled' (OnPropertyCondition)

   WebMvcAutoConfiguration.ProblemDetailsErrorHandlingConfiguration:
      Did not match:
         - @ConditionalOnProperty (spring.mvc.problemdetails.enabled=true) did not find property 'enabled' (OnPropertyCondition)

   WebMvcAutoConfiguration.ResourceChainCustomizerConfiguration:
      Did not match:
         - @ConditionalOnEnabledResourceChain did not find class org.webjars.WebJarAssetLocator (OnEnabledResourceChainCondition)

   WebMvcAutoConfiguration.WebMvcAutoConfigurationAdapter#beanNameViewResolver:
      Did not match:
         - @ConditionalOnMissingBean (types: org.springframework.web.servlet.view.BeanNameViewResolver; SearchStrategy: all) found beans of type 'org.springframework.web.servlet.view.BeanNameViewResolver' beanNameViewResolver (OnBeanCondition)

   WebServiceTemplateAutoConfiguration:
      Did not match:
         - @ConditionalOnClass did not find required class 'org.springframework.oxm.Marshaller' (OnClassCondition)

   WebServicesAutoConfiguration:
      Did not match:
         - @ConditionalOnClass did not find required class 'org.springframework.ws.transport.http.MessageDispatcherServlet' (OnClassCondition)

   WebSessionIdResolverAutoConfiguration:
      Did not match:
         - @ConditionalOnClass did not find required class 'reactor.core.publisher.Mono' (OnClassCondition)

   WebSocketMessagingAutoConfiguration.WebSocketMessageConverterConfiguration:
      Did not match:
         - @ConditionalOnBean (types: org.springframework.web.socket.config.annotation.DelegatingWebSocketMessageBrokerConfiguration,com.fasterxml.jackson.databind.ObjectMapper; SearchStrategy: all) did not find any beans of type org.springframework.web.socket.config.annotation.DelegatingWebSocketMessageBrokerConfiguration (OnBeanCondition)
      Matched:
         - @ConditionalOnClass found required classes 'com.fasterxml.jackson.databind.ObjectMapper', 'org.springframework.messaging.simp.config.AbstractMessageBrokerConfiguration' (OnClassCondition)

   WebSocketReactiveAutoConfiguration:
      Did not match:
         - @ConditionalOnWebApplication did not find reactive web application classes (OnWebApplicationCondition)

   WebSocketServletAutoConfiguration.JettyWebSocketConfiguration:
      Did not match:
         - @ConditionalOnClass did not find required class 'org.eclipse.jetty.ee10.websocket.jakarta.server.config.JakartaWebSocketServletContainerInitializer' (OnClassCondition)

   WebSocketServletAutoConfiguration.UndertowWebSocketConfiguration:
      Did not match:
         - @ConditionalOnClass did not find required class 'io.undertow.websockets.jsr.Bootstrap' (OnClassCondition)

   XADataSourceAutoConfiguration:
      Did not match:
         - @ConditionalOnClass did not find required class 'jakarta.transaction.TransactionManager' (OnClassCondition)


Exclusions:
-----------

    None


Unconditional classes:
----------------------

    org.springframework.boot.autoconfigure.context.ConfigurationPropertiesAutoConfiguration

    org.springframework.boot.autoconfigure.ssl.SslAutoConfiguration

    org.springframework.boot.autoconfigure.context.LifecycleAutoConfiguration

    org.springframework.boot.autoconfigure.context.PropertyPlaceholderAutoConfiguration

    org.springframework.boot.autoconfigure.availability.ApplicationAvailabilityAutoConfiguration

    org.springframework.boot.autoconfigure.info.ProjectInfoAutoConfiguration



2026-06-16T19:33:58.636+08:00  INFO 54320 --- [threat-platform] [           main] com.cd.ThreatPlatformApplication         : Started ThreatPlatformApplication in 9.675 seconds (process running for 10.338)
2026-06-16T19:33:58.637+08:00 DEBUG 54320 --- [threat-platform] [           main] o.s.b.a.ApplicationAvailabilityBean      : Application availability state LivenessState changed to CORRECT
2026-06-16T19:33:58.640+08:00 DEBUG 54320 --- [threat-platform] [           main] o.s.jdbc.core.JdbcTemplate               : Executing SQL statement [CREATE TABLE IF NOT EXISTS hosts (
    id BIGINT PRIMARY KEY AUTO_INCREMENT,
    hostname VARCHAR(255),
    ipv4 VARCHAR(64),
    mac_address VARCHAR(64) NOT NULL UNIQUE,
    os_name VARCHAR(100),
    os_version VARCHAR(100),
    os_arch VARCHAR(50),
    os_release VARCHAR(100),
    cpu_model VARCHAR(255),
    cpu_physical_cores INT,
    cpu_logical_cores INT,
    mem_total VARCHAR(50),
    mem_used VARCHAR(50),
    mem_available VARCHAR(50),
    mem_usage VARCHAR(50),
    status TINYINT DEFAULT 1,
    last_scan_time DATETIME,
    created_at DATETIME DEFAULT CURRENT_TIMESTAMP,
    updated_at DATETIME DEFAULT CURRENT_TIMESTAMP ON UPDATE CURRENT_TIMESTAMP
)
]
2026-06-16T19:33:58.647+08:00 DEBUG 54320 --- [threat-platform] [           main] o.s.jdbc.core.JdbcTemplate               : SQLWarning ignored: SQL state '42S01', error code '1050', message [Table 'hosts' already exists]
2026-06-16T19:33:58.650+08:00 DEBUG 54320 --- [threat-platform] [           main] o.s.jdbc.core.JdbcTemplate               : Executing SQL statement [ALTER TABLE hosts ADD COLUMN last_scan_time DATETIME]
2026-06-16T19:33:58.661+08:00 DEBUG 54320 --- [threat-platform] [           main] o.s.jdbc.core.JdbcTemplate               : Executing SQL statement [CREATE TABLE IF NOT EXISTS probe_strategy (
    id BIGINT PRIMARY KEY AUTO_INCREMENT,
    enabled TINYINT DEFAULT 0,
    period_hours INT DEFAULT 8,
    probe_account TINYINT DEFAULT 1,
    probe_service TINYINT DEFAULT 1,
    probe_process TINYINT DEFAULT 1,
    probe_app TINYINT DEFAULT 1,
    last_run_at DATETIME,
    updated_at DATETIME DEFAULT CURRENT_TIMESTAMP ON UPDATE CURRENT_TIMESTAMP
)
]
2026-06-16T19:33:58.663+08:00 DEBUG 54320 --- [threat-platform] [           main] o.s.jdbc.core.JdbcTemplate               : SQLWarning ignored: SQL state '42S01', error code '1050', message [Table 'probe_strategy' already exists]
2026-06-16T19:33:58.663+08:00 DEBUG 54320 --- [threat-platform] [           main] o.s.jdbc.core.JdbcTemplate               : Executing SQL update [INSERT INTO probe_strategy (id, enabled, period_hours, probe_account, probe_service, probe_process, probe_app)
SELECT 1, 0, 8, 1, 1, 1, 1
WHERE NOT EXISTS (SELECT 1 FROM probe_strategy WHERE id = 1)
]
2026-06-16T19:33:58.665+08:00 DEBUG 54320 --- [threat-platform] [           main] o.s.jdbc.core.JdbcTemplate               : Executing prepared SQL update
2026-06-16T19:33:58.667+08:00 DEBUG 54320 --- [threat-platform] [           main] o.s.jdbc.core.JdbcTemplate               : Executing prepared SQL statement [INSERT INTO sys_permission (permission_code, permission_name, permission_type, path, status)
SELECT ?, ?, 'API', ?, 1
WHERE NOT EXISTS (SELECT 1 FROM sys_permission WHERE permission_code = ?)
]
2026-06-16T19:33:58.670+08:00 DEBUG 54320 --- [threat-platform] [           main] o.s.jdbc.core.JdbcTemplate               : Executing prepared SQL update
2026-06-16T19:33:58.670+08:00 DEBUG 54320 --- [threat-platform] [           main] o.s.jdbc.core.JdbcTemplate               : Executing prepared SQL statement [INSERT INTO sys_permission (permission_code, permission_name, permission_type, path, status)
SELECT ?, ?, 'API', ?, 1
WHERE NOT EXISTS (SELECT 1 FROM sys_permission WHERE permission_code = ?)
]
2026-06-16T19:33:58.671+08:00 DEBUG 54320 --- [threat-platform] [           main] o.s.jdbc.core.JdbcTemplate               : Executing prepared SQL update
2026-06-16T19:33:58.672+08:00 DEBUG 54320 --- [threat-platform] [           main] o.s.jdbc.core.JdbcTemplate               : Executing prepared SQL statement [INSERT INTO sys_permission (permission_code, permission_name, permission_type, path, status)
SELECT ?, ?, 'API', ?, 1
WHERE NOT EXISTS (SELECT 1 FROM sys_permission WHERE permission_code = ?)
]
2026-06-16T19:33:58.673+08:00 DEBUG 54320 --- [threat-platform] [           main] o.s.jdbc.core.JdbcTemplate               : Executing prepared SQL update
2026-06-16T19:33:58.673+08:00 DEBUG 54320 --- [threat-platform] [           main] o.s.jdbc.core.JdbcTemplate               : Executing prepared SQL statement [INSERT INTO sys_permission (permission_code, permission_name, permission_type, path, status)
SELECT ?, ?, 'API', ?, 1
WHERE NOT EXISTS (SELECT 1 FROM sys_permission WHERE permission_code = ?)
]
2026-06-16T19:33:58.674+08:00 DEBUG 54320 --- [threat-platform] [           main] o.s.jdbc.core.JdbcTemplate               : Executing prepared SQL update
2026-06-16T19:33:58.675+08:00 DEBUG 54320 --- [threat-platform] [           main] o.s.jdbc.core.JdbcTemplate               : Executing prepared SQL statement [INSERT INTO sys_permission (permission_code, permission_name, permission_type, path, status)
SELECT ?, ?, 'API', ?, 1
WHERE NOT EXISTS (SELECT 1 FROM sys_permission WHERE permission_code = ?)
]
2026-06-16T19:33:58.675+08:00 DEBUG 54320 --- [threat-platform] [           main] o.s.jdbc.core.JdbcTemplate               : Executing prepared SQL update
2026-06-16T19:33:58.676+08:00 DEBUG 54320 --- [threat-platform] [           main] o.s.jdbc.core.JdbcTemplate               : Executing prepared SQL statement [INSERT INTO sys_permission (permission_code, permission_name, permission_type, path, status)
SELECT ?, ?, 'API', ?, 1
WHERE NOT EXISTS (SELECT 1 FROM sys_permission WHERE permission_code = ?)
]
2026-06-16T19:33:58.679+08:00 DEBUG 54320 --- [threat-platform] [           main] o.s.jdbc.core.JdbcTemplate               : Executing SQL query [SELECT COALESCE(MAX(sort_order), 0) FROM sys_menu]
2026-06-16T19:33:58.682+08:00 DEBUG 54320 --- [threat-platform] [           main] o.s.jdbc.core.JdbcTemplate               : Executing prepared SQL update
2026-06-16T19:33:58.683+08:00 DEBUG 54320 --- [threat-platform] [           main] o.s.jdbc.core.JdbcTemplate               : Executing prepared SQL statement [INSERT INTO sys_menu (menu_code, menu_name, menu_path, menu_icon, permission_id, sort_order, status)
SELECT 'host', '主机管理', './pages/host.html', 'layui-icon-component', p.id, ?, 1
FROM sys_permission p
WHERE p.permission_code = 'host:view'
  AND NOT EXISTS (SELECT 1 FROM sys_menu WHERE menu_code = 'host')
]
2026-06-16T19:33:58.684+08:00 DEBUG 54320 --- [threat-platform] [           main] o.s.jdbc.core.JdbcTemplate               : Executing SQL update [UPDATE sys_menu
SET menu_icon = 'layui-icon-component'
WHERE menu_code = 'host'
  AND (menu_icon IS NULL OR menu_icon = '' OR menu_icon IN ('layui-icon-screen', 'layui-icon-app'))
]
2026-06-16T19:33:58.684+08:00 DEBUG 54320 --- [threat-platform] [           main] o.s.jdbc.core.JdbcTemplate               : Executing SQL statement [CREATE TABLE IF NOT EXISTS accounts (
    id BIGINT PRIMARY KEY AUTO_INCREMENT,
    task_id VARCHAR(64),
    host_name VARCHAR(255),
    mac_address VARCHAR(64),
    asset_count INT,
    asset_json LONGTEXT,
    deleted TINYINT DEFAULT 0,
    created_at DATETIME DEFAULT CURRENT_TIMESTAMP,
    updated_at DATETIME DEFAULT CURRENT_TIMESTAMP ON UPDATE CURRENT_TIMESTAMP
)
]
2026-06-16T19:33:58.685+08:00 DEBUG 54320 --- [threat-platform] [           main] o.s.jdbc.core.JdbcTemplate               : SQLWarning ignored: SQL state '42S01', error code '1050', message [Table 'accounts' already exists]
2026-06-16T19:33:58.686+08:00 DEBUG 54320 --- [threat-platform] [           main] o.s.jdbc.core.JdbcTemplate               : Executing SQL statement [CREATE TABLE IF NOT EXISTS services (
    id BIGINT PRIMARY KEY AUTO_INCREMENT,
    task_id VARCHAR(64),
    host_name VARCHAR(255),
    mac_address VARCHAR(64),
    asset_count INT,
    asset_json LONGTEXT,
    deleted TINYINT DEFAULT 0,
    created_at DATETIME DEFAULT CURRENT_TIMESTAMP,
    updated_at DATETIME DEFAULT CURRENT_TIMESTAMP ON UPDATE CURRENT_TIMESTAMP
)
]
2026-06-16T19:33:58.686+08:00 DEBUG 54320 --- [threat-platform] [           main] o.s.jdbc.core.JdbcTemplate               : SQLWarning ignored: SQL state '42S01', error code '1050', message [Table 'services' already exists]
2026-06-16T19:33:58.687+08:00 DEBUG 54320 --- [threat-platform] [           main] o.s.jdbc.core.JdbcTemplate               : Executing SQL statement [CREATE TABLE IF NOT EXISTS processes (
    id BIGINT PRIMARY KEY AUTO_INCREMENT,
    task_id VARCHAR(64),
    host_name VARCHAR(255),
    mac_address VARCHAR(64),
    asset_count INT,
    asset_json LONGTEXT,
    deleted TINYINT DEFAULT 0,
    created_at DATETIME DEFAULT CURRENT_TIMESTAMP,
    updated_at DATETIME DEFAULT CURRENT_TIMESTAMP ON UPDATE CURRENT_TIMESTAMP
)
]
2026-06-16T19:33:58.687+08:00 DEBUG 54320 --- [threat-platform] [           main] o.s.jdbc.core.JdbcTemplate               : SQLWarning ignored: SQL state '42S01', error code '1050', message [Table 'processes' already exists]
2026-06-16T19:33:58.687+08:00 DEBUG 54320 --- [threat-platform] [           main] o.s.jdbc.core.JdbcTemplate               : Executing SQL statement [CREATE TABLE IF NOT EXISTS apps (
    id BIGINT PRIMARY KEY AUTO_INCREMENT,
    task_id VARCHAR(64),
    host_name VARCHAR(255),
    mac_address VARCHAR(64),
    asset_count INT,
    asset_json LONGTEXT,
    deleted TINYINT DEFAULT 0,
    created_at DATETIME DEFAULT CURRENT_TIMESTAMP,
    updated_at DATETIME DEFAULT CURRENT_TIMESTAMP ON UPDATE CURRENT_TIMESTAMP
)
]
2026-06-16T19:33:58.688+08:00 DEBUG 54320 --- [threat-platform] [           main] o.s.jdbc.core.JdbcTemplate               : SQLWarning ignored: SQL state '42S01', error code '1050', message [Table 'apps' already exists]
2026-06-16T19:33:58.688+08:00 DEBUG 54320 --- [threat-platform] [           main] o.s.jdbc.core.JdbcTemplate               : Executing SQL statement [CREATE TABLE IF NOT EXISTS mq_error_logs (
    id BIGINT PRIMARY KEY AUTO_INCREMENT,
    queue_name VARCHAR(128),
    raw_message LONGTEXT,
    error_reason VARCHAR(512),
    created_at DATETIME DEFAULT CURRENT_TIMESTAMP
)
]
2026-06-16T19:33:58.690+08:00 DEBUG 54320 --- [threat-platform] [           main] o.s.jdbc.core.JdbcTemplate               : SQLWarning ignored: SQL state '42S01', error code '1050', message [Table 'mq_error_logs' already exists]
2026-06-16T19:33:58.690+08:00 DEBUG 54320 --- [threat-platform] [           main] o.s.jdbc.core.JdbcTemplate               : Executing SQL statement [CREATE TABLE IF NOT EXISTS asset_export_logs (
    id BIGINT PRIMARY KEY AUTO_INCREMENT,
    user_id BIGINT,
    host_id BIGINT NOT NULL,
    export_time DATETIME NOT NULL,
    export_format VARCHAR(16) NOT NULL,
    ip_address VARCHAR(64)
)
]
2026-06-16T19:33:58.691+08:00 DEBUG 54320 --- [threat-platform] [           main] o.s.jdbc.core.JdbcTemplate               : SQLWarning ignored: SQL state '42S01', error code '1050', message [Table 'asset_export_logs' already exists]
2026-06-16T19:33:58.691+08:00 DEBUG 54320 --- [threat-platform] [           main] o.s.jdbc.core.JdbcTemplate               : Executing SQL statement [ALTER TABLE accounts ADD COLUMN deleted TINYINT DEFAULT 0]
2026-06-16T19:33:58.696+08:00 DEBUG 54320 --- [threat-platform] [           main] o.s.jdbc.core.JdbcTemplate               : Executing SQL statement [ALTER TABLE services ADD COLUMN deleted TINYINT DEFAULT 0]
2026-06-16T19:33:58.700+08:00 DEBUG 54320 --- [threat-platform] [           main] o.s.jdbc.core.JdbcTemplate               : Executing SQL statement [ALTER TABLE processes ADD COLUMN deleted TINYINT DEFAULT 0]
2026-06-16T19:33:58.704+08:00 DEBUG 54320 --- [threat-platform] [           main] o.s.jdbc.core.JdbcTemplate               : Executing SQL statement [ALTER TABLE apps ADD COLUMN deleted TINYINT DEFAULT 0]
2026-06-16T19:33:58.709+08:00 DEBUG 54320 --- [threat-platform] [           main] o.s.jdbc.core.JdbcTemplate               : Executing prepared SQL update
2026-06-16T19:33:58.709+08:00 DEBUG 54320 --- [threat-platform] [           main] o.s.jdbc.core.JdbcTemplate               : Executing prepared SQL statement [INSERT INTO sys_permission (permission_code, permission_name, permission_type, path, status)
SELECT ?, ?, 'API', ?, 1
WHERE NOT EXISTS (SELECT 1 FROM sys_permission WHERE permission_code = ?)
]
2026-06-16T19:33:58.711+08:00 DEBUG 54320 --- [threat-platform] [           main] o.s.jdbc.core.JdbcTemplate               : Executing prepared SQL update
2026-06-16T19:33:58.712+08:00 DEBUG 54320 --- [threat-platform] [           main] o.s.jdbc.core.JdbcTemplate               : Executing prepared SQL statement [INSERT INTO sys_permission (permission_code, permission_name, permission_type, path, status)
SELECT ?, ?, 'API', ?, 1
WHERE NOT EXISTS (SELECT 1 FROM sys_permission WHERE permission_code = ?)
]
2026-06-16T19:33:58.712+08:00 DEBUG 54320 --- [threat-platform] [           main] o.s.jdbc.core.JdbcTemplate               : Executing prepared SQL update
2026-06-16T19:33:58.713+08:00 DEBUG 54320 --- [threat-platform] [           main] o.s.jdbc.core.JdbcTemplate               : Executing prepared SQL statement [INSERT INTO sys_permission (permission_code, permission_name, permission_type, path, status)
SELECT ?, ?, 'API', ?, 1
WHERE NOT EXISTS (SELECT 1 FROM sys_permission WHERE permission_code = ?)
]
2026-06-16T19:33:58.713+08:00 DEBUG 54320 --- [threat-platform] [           main] o.s.jdbc.core.JdbcTemplate               : Executing SQL query [SELECT COALESCE(MAX(sort_order), 0) FROM sys_menu]
2026-06-16T19:33:58.713+08:00 DEBUG 54320 --- [threat-platform] [           main] o.s.jdbc.core.JdbcTemplate               : Executing SQL query [SELECT id FROM sys_permission WHERE permission_code = 'asset:view']
2026-06-16T19:33:58.714+08:00 DEBUG 54320 --- [threat-platform] [           main] o.s.jdbc.core.JdbcTemplate               : Executing SQL update [UPDATE sys_menu SET menu_code = 'asset_parent', menu_name = '资产管理',
menu_path = '#', menu_icon = 'layui-icon-component'
WHERE menu_code = 'asset_overview' AND parent_id IS NULL
]
2026-06-16T19:33:58.715+08:00 DEBUG 54320 --- [threat-platform] [           main] o.s.jdbc.core.JdbcTemplate               : Executing prepared SQL update
2026-06-16T19:33:58.715+08:00 DEBUG 54320 --- [threat-platform] [           main] o.s.jdbc.core.JdbcTemplate               : Executing prepared SQL statement [INSERT INTO sys_menu (menu_code, menu_name, menu_path, menu_icon, permission_id, sort_order, status, parent_id)
SELECT 'asset_parent', '资产管理', '#', 'layui-icon-component', ?, ?, 1, NULL
WHERE NOT EXISTS (SELECT 1 FROM sys_menu WHERE menu_code = 'asset_parent')
]
2026-06-16T19:33:58.715+08:00 DEBUG 54320 --- [threat-platform] [           main] o.s.jdbc.core.JdbcTemplate               : Executing SQL query [SELECT id FROM sys_menu WHERE menu_code = 'asset_parent']
2026-06-16T19:33:58.717+08:00 DEBUG 54320 --- [threat-platform] [           main] o.s.jdbc.core.JdbcTemplate               : Executing SQL update [DELETE FROM sys_menu WHERE menu_code = 'asset_overview']
2026-06-16T19:33:58.717+08:00 DEBUG 54320 --- [threat-platform] [           main] o.s.jdbc.core.JdbcTemplate               : Executing prepared SQL update
2026-06-16T19:33:58.718+08:00 DEBUG 54320 --- [threat-platform] [           main] o.s.jdbc.core.JdbcTemplate               : Executing prepared SQL statement [INSERT INTO sys_menu (menu_code, menu_name, menu_path, menu_icon, permission_id, sort_order, status, parent_id)
SELECT ?, ?, ?, ?, ?, ?, 1, ?
WHERE NOT EXISTS (SELECT 1 FROM sys_menu WHERE menu_code = ?)
]
2026-06-16T19:33:58.718+08:00 DEBUG 54320 --- [threat-platform] [           main] o.s.jdbc.core.JdbcTemplate               : Executing prepared SQL update
2026-06-16T19:33:58.719+08:00 DEBUG 54320 --- [threat-platform] [           main] o.s.jdbc.core.JdbcTemplate               : Executing prepared SQL statement [INSERT INTO sys_menu (menu_code, menu_name, menu_path, menu_icon, permission_id, sort_order, status, parent_id)
SELECT ?, ?, ?, ?, ?, ?, 1, ?
WHERE NOT EXISTS (SELECT 1 FROM sys_menu WHERE menu_code = ?)
]
2026-06-16T19:33:58.719+08:00 DEBUG 54320 --- [threat-platform] [           main] o.s.jdbc.core.JdbcTemplate               : Executing prepared SQL update
2026-06-16T19:33:58.719+08:00 DEBUG 54320 --- [threat-platform] [           main] o.s.jdbc.core.JdbcTemplate               : Executing prepared SQL statement [INSERT INTO sys_menu (menu_code, menu_name, menu_path, menu_icon, permission_id, sort_order, status, parent_id)
SELECT ?, ?, ?, ?, ?, ?, 1, ?
WHERE NOT EXISTS (SELECT 1 FROM sys_menu WHERE menu_code = ?)
]
2026-06-16T19:33:58.720+08:00 DEBUG 54320 --- [threat-platform] [           main] o.s.jdbc.core.JdbcTemplate               : Executing prepared SQL update
2026-06-16T19:33:58.720+08:00 DEBUG 54320 --- [threat-platform] [           main] o.s.jdbc.core.JdbcTemplate               : Executing prepared SQL statement [INSERT INTO sys_menu (menu_code, menu_name, menu_path, menu_icon, permission_id, sort_order, status, parent_id)
SELECT ?, ?, ?, ?, ?, ?, 1, ?
WHERE NOT EXISTS (SELECT 1 FROM sys_menu WHERE menu_code = ?)
]
2026-06-16T19:33:58.720+08:00 DEBUG 54320 --- [threat-platform] [           main] o.s.jdbc.core.JdbcTemplate               : Executing prepared SQL update
2026-06-16T19:33:58.720+08:00 DEBUG 54320 --- [threat-platform] [           main] o.s.jdbc.core.JdbcTemplate               : Executing prepared SQL statement [UPDATE sys_menu SET parent_id = ? WHERE menu_code = ? AND parent_id IS NULL]
2026-06-16T19:33:58.721+08:00 DEBUG 54320 --- [threat-platform] [           main] o.s.jdbc.core.JdbcTemplate               : Executing prepared SQL update
2026-06-16T19:33:58.721+08:00 DEBUG 54320 --- [threat-platform] [           main] o.s.jdbc.core.JdbcTemplate               : Executing prepared SQL statement [UPDATE sys_menu SET parent_id = ? WHERE menu_code = ? AND parent_id IS NULL]
2026-06-16T19:33:58.722+08:00 DEBUG 54320 --- [threat-platform] [           main] o.s.jdbc.core.JdbcTemplate               : Executing prepared SQL update
2026-06-16T19:33:58.722+08:00 DEBUG 54320 --- [threat-platform] [           main] o.s.jdbc.core.JdbcTemplate               : Executing prepared SQL statement [UPDATE sys_menu SET parent_id = ? WHERE menu_code = ? AND parent_id IS NULL]
2026-06-16T19:33:58.723+08:00 DEBUG 54320 --- [threat-platform] [           main] o.s.jdbc.core.JdbcTemplate               : Executing prepared SQL update
2026-06-16T19:33:58.723+08:00 DEBUG 54320 --- [threat-platform] [           main] o.s.jdbc.core.JdbcTemplate               : Executing prepared SQL statement [UPDATE sys_menu SET parent_id = ? WHERE menu_code = ? AND parent_id IS NULL]
2026-06-16T19:33:58.724+08:00 DEBUG 54320 --- [threat-platform] [           main] o.s.jdbc.core.JdbcTemplate               : Executing prepared SQL update
2026-06-16T19:33:58.724+08:00 DEBUG 54320 --- [threat-platform] [           main] o.s.jdbc.core.JdbcTemplate               : Executing prepared SQL statement [INSERT INTO sys_role (role_code, role_name, status)
SELECT ?, ?, 1
WHERE NOT EXISTS (SELECT 1 FROM sys_role WHERE role_code = ?)
]
2026-06-16T19:33:58.725+08:00 DEBUG 54320 --- [threat-platform] [           main] o.s.jdbc.core.JdbcTemplate               : Executing prepared SQL update
2026-06-16T19:33:58.725+08:00 DEBUG 54320 --- [threat-platform] [           main] o.s.jdbc.core.JdbcTemplate               : Executing prepared SQL statement [INSERT INTO sys_role (role_code, role_name, status)
SELECT ?, ?, 1
WHERE NOT EXISTS (SELECT 1 FROM sys_role WHERE role_code = ?)
]
2026-06-16T19:33:58.725+08:00 DEBUG 54320 --- [threat-platform] [           main] o.s.jdbc.core.JdbcTemplate               : Executing prepared SQL update
2026-06-16T19:33:58.726+08:00 DEBUG 54320 --- [threat-platform] [           main] o.s.jdbc.core.JdbcTemplate               : Executing prepared SQL statement [INSERT INTO sys_role (role_code, role_name, status)
SELECT ?, ?, 1
WHERE NOT EXISTS (SELECT 1 FROM sys_role WHERE role_code = ?)
]
2026-06-16T19:33:58.727+08:00 DEBUG 54320 --- [threat-platform] [           main] o.s.jdbc.core.JdbcTemplate               : Executing prepared SQL update
2026-06-16T19:33:58.727+08:00 DEBUG 54320 --- [threat-platform] [           main] o.s.jdbc.core.JdbcTemplate               : Executing prepared SQL statement [INSERT INTO sys_role_permission (role_id, permission_id)
SELECT r.id, p.id
FROM sys_role r
         JOIN sys_permission p ON p.permission_code = ?
WHERE r.role_code = ?
  AND NOT EXISTS (
    SELECT 1 FROM sys_role_permission rp
    WHERE rp.role_id = r.id AND rp.permission_id = p.id
)
]
2026-06-16T19:33:58.728+08:00 DEBUG 54320 --- [threat-platform] [           main] o.s.jdbc.core.JdbcTemplate               : Executing prepared SQL update
2026-06-16T19:33:58.728+08:00 DEBUG 54320 --- [threat-platform] [           main] o.s.jdbc.core.JdbcTemplate               : Executing prepared SQL statement [INSERT INTO sys_role_permission (role_id, permission_id)
SELECT r.id, p.id
FROM sys_role r
         JOIN sys_permission p ON p.permission_code = ?
WHERE r.role_code = ?
  AND NOT EXISTS (
    SELECT 1 FROM sys_role_permission rp
    WHERE rp.role_id = r.id AND rp.permission_id = p.id
)
]
2026-06-16T19:33:58.728+08:00 DEBUG 54320 --- [threat-platform] [           main] o.s.jdbc.core.JdbcTemplate               : Executing prepared SQL update
2026-06-16T19:33:58.730+08:00 DEBUG 54320 --- [threat-platform] [           main] o.s.jdbc.core.JdbcTemplate               : Executing prepared SQL statement [INSERT INTO sys_role_permission (role_id, permission_id)
SELECT r.id, p.id
FROM sys_role r
         JOIN sys_permission p ON p.permission_code = ?
WHERE r.role_code = ?
  AND NOT EXISTS (
    SELECT 1 FROM sys_role_permission rp
    WHERE rp.role_id = r.id AND rp.permission_id = p.id
)
]
2026-06-16T19:33:58.730+08:00 DEBUG 54320 --- [threat-platform] [           main] o.s.jdbc.core.JdbcTemplate               : Executing prepared SQL update
2026-06-16T19:33:58.731+08:00 DEBUG 54320 --- [threat-platform] [           main] o.s.jdbc.core.JdbcTemplate               : Executing prepared SQL statement [INSERT INTO sys_role_permission (role_id, permission_id)
SELECT r.id, p.id
FROM sys_role r
         JOIN sys_permission p ON p.permission_code = ?
WHERE r.role_code = ?
  AND NOT EXISTS (
    SELECT 1 FROM sys_role_permission rp
    WHERE rp.role_id = r.id AND rp.permission_id = p.id
)
]
2026-06-16T19:33:58.731+08:00 DEBUG 54320 --- [threat-platform] [           main] o.s.jdbc.core.JdbcTemplate               : Executing prepared SQL update
2026-06-16T19:33:58.732+08:00 DEBUG 54320 --- [threat-platform] [           main] o.s.jdbc.core.JdbcTemplate               : Executing prepared SQL statement [INSERT INTO sys_role_permission (role_id, permission_id)
SELECT r.id, p.id
FROM sys_role r
         JOIN sys_permission p ON p.permission_code = ?
WHERE r.role_code = ?
  AND NOT EXISTS (
    SELECT 1 FROM sys_role_permission rp
    WHERE rp.role_id = r.id AND rp.permission_id = p.id
)
]
2026-06-16T19:33:58.733+08:00 DEBUG 54320 --- [threat-platform] [           main] o.s.jdbc.core.JdbcTemplate               : Executing prepared SQL update
2026-06-16T19:33:58.733+08:00 DEBUG 54320 --- [threat-platform] [           main] o.s.jdbc.core.JdbcTemplate               : Executing prepared SQL statement [INSERT INTO sys_role_permission (role_id, permission_id)
SELECT r.id, p.id
FROM sys_role r
         JOIN sys_permission p ON p.permission_code = ?
WHERE r.role_code = ?
  AND NOT EXISTS (
    SELECT 1 FROM sys_role_permission rp
    WHERE rp.role_id = r.id AND rp.permission_id = p.id
)
]
2026-06-16T19:33:58.734+08:00 DEBUG 54320 --- [threat-platform] [           main] o.s.jdbc.core.JdbcTemplate               : Executing prepared SQL update
2026-06-16T19:33:58.735+08:00 DEBUG 54320 --- [threat-platform] [           main] o.s.jdbc.core.JdbcTemplate               : Executing prepared SQL statement [INSERT INTO sys_role_permission (role_id, permission_id)
SELECT r.id, p.id
FROM sys_role r
         JOIN sys_permission p ON p.permission_code = ?
WHERE r.role_code = ?
  AND NOT EXISTS (
    SELECT 1 FROM sys_role_permission rp
    WHERE rp.role_id = r.id AND rp.permission_id = p.id
)
]
2026-06-16T19:33:58.735+08:00 DEBUG 54320 --- [threat-platform] [           main] o.s.jdbc.core.JdbcTemplate               : Executing prepared SQL update
2026-06-16T19:33:58.735+08:00 DEBUG 54320 --- [threat-platform] [           main] o.s.jdbc.core.JdbcTemplate               : Executing prepared SQL statement [INSERT INTO sys_role_permission (role_id, permission_id)
SELECT r.id, p.id
FROM sys_role r
         JOIN sys_permission p ON p.permission_code = ?
WHERE r.role_code = ?
  AND NOT EXISTS (
    SELECT 1 FROM sys_role_permission rp
    WHERE rp.role_id = r.id AND rp.permission_id = p.id
)
]
2026-06-16T19:33:58.736+08:00 DEBUG 54320 --- [threat-platform] [           main] o.s.jdbc.core.JdbcTemplate               : Executing prepared SQL update
2026-06-16T19:33:58.736+08:00 DEBUG 54320 --- [threat-platform] [           main] o.s.jdbc.core.JdbcTemplate               : Executing prepared SQL statement [INSERT INTO sys_role_permission (role_id, permission_id)
SELECT r.id, p.id
FROM sys_role r
         JOIN sys_permission p ON p.permission_code = ?
WHERE r.role_code = ?
  AND NOT EXISTS (
    SELECT 1 FROM sys_role_permission rp
    WHERE rp.role_id = r.id AND rp.permission_id = p.id
)
]
2026-06-16T19:33:58.737+08:00 DEBUG 54320 --- [threat-platform] [           main] o.s.jdbc.core.JdbcTemplate               : Executing prepared SQL update
2026-06-16T19:33:58.737+08:00 DEBUG 54320 --- [threat-platform] [           main] o.s.jdbc.core.JdbcTemplate               : Executing prepared SQL statement [INSERT INTO sys_role_permission (role_id, permission_id)
SELECT r.id, p.id
FROM sys_role r
         JOIN sys_permission p ON p.permission_code = ?
WHERE r.role_code = ?
  AND NOT EXISTS (
    SELECT 1 FROM sys_role_permission rp
    WHERE rp.role_id = r.id AND rp.permission_id = p.id
)
]
2026-06-16T19:33:58.738+08:00 DEBUG 54320 --- [threat-platform] [           main] o.s.jdbc.core.JdbcTemplate               : Executing prepared SQL update
2026-06-16T19:33:58.738+08:00 DEBUG 54320 --- [threat-platform] [           main] o.s.jdbc.core.JdbcTemplate               : Executing prepared SQL statement [INSERT INTO sys_role_permission (role_id, permission_id)
SELECT r.id, p.id
FROM sys_role r
         JOIN sys_permission p ON p.permission_code = ?
WHERE r.role_code = ?
  AND NOT EXISTS (
    SELECT 1 FROM sys_role_permission rp
    WHERE rp.role_id = r.id AND rp.permission_id = p.id
)
]
2026-06-16T19:33:58.739+08:00 DEBUG 54320 --- [threat-platform] [           main] o.s.jdbc.core.JdbcTemplate               : Executing prepared SQL update
2026-06-16T19:33:58.739+08:00 DEBUG 54320 --- [threat-platform] [           main] o.s.jdbc.core.JdbcTemplate               : Executing prepared SQL statement [INSERT INTO sys_role_permission (role_id, permission_id)
SELECT r.id, p.id
FROM sys_role r
         JOIN sys_permission p ON p.permission_code = ?
WHERE r.role_code = ?
  AND NOT EXISTS (
    SELECT 1 FROM sys_role_permission rp
    WHERE rp.role_id = r.id AND rp.permission_id = p.id
)
]
2026-06-16T19:33:58.740+08:00 DEBUG 54320 --- [threat-platform] [           main] o.s.jdbc.core.JdbcTemplate               : Executing prepared SQL update
2026-06-16T19:33:58.741+08:00 DEBUG 54320 --- [threat-platform] [           main] o.s.jdbc.core.JdbcTemplate               : Executing prepared SQL statement [INSERT INTO sys_role_permission (role_id, permission_id)
SELECT r.id, p.id
FROM sys_role r
         JOIN sys_permission p ON p.permission_code = ?
WHERE r.role_code = ?
  AND NOT EXISTS (
    SELECT 1 FROM sys_role_permission rp
    WHERE rp.role_id = r.id AND rp.permission_id = p.id
)
]
2026-06-16T19:33:58.742+08:00 DEBUG 54320 --- [threat-platform] [           main] o.s.jdbc.core.JdbcTemplate               : Executing prepared SQL update
2026-06-16T19:33:58.742+08:00 DEBUG 54320 --- [threat-platform] [           main] o.s.jdbc.core.JdbcTemplate               : Executing prepared SQL statement [INSERT INTO sys_role_permission (role_id, permission_id)
SELECT r.id, p.id
FROM sys_role r
         JOIN sys_permission p ON p.permission_code = ?
WHERE r.role_code = ?
  AND NOT EXISTS (
    SELECT 1 FROM sys_role_permission rp
    WHERE rp.role_id = r.id AND rp.permission_id = p.id
)
]
2026-06-16T19:33:58.743+08:00 DEBUG 54320 --- [threat-platform] [           main] o.s.jdbc.core.JdbcTemplate               : Executing prepared SQL update
2026-06-16T19:33:58.743+08:00 DEBUG 54320 --- [threat-platform] [           main] o.s.jdbc.core.JdbcTemplate               : Executing prepared SQL statement [INSERT INTO sys_role_permission (role_id, permission_id)
SELECT r.id, p.id
FROM sys_role r
         JOIN sys_permission p ON p.permission_code = ?
WHERE r.role_code = ?
  AND NOT EXISTS (
    SELECT 1 FROM sys_role_permission rp
    WHERE rp.role_id = r.id AND rp.permission_id = p.id
)
]
2026-06-16T19:33:58.744+08:00 DEBUG 54320 --- [threat-platform] [           main] o.s.jdbc.core.JdbcTemplate               : Executing prepared SQL update
2026-06-16T19:33:58.745+08:00 DEBUG 54320 --- [threat-platform] [           main] o.s.jdbc.core.JdbcTemplate               : Executing prepared SQL statement [INSERT INTO sys_role_permission (role_id, permission_id)
SELECT r.id, p.id
FROM sys_role r
         JOIN sys_permission p ON p.permission_code = ?
WHERE r.role_code = ?
  AND NOT EXISTS (
    SELECT 1 FROM sys_role_permission rp
    WHERE rp.role_id = r.id AND rp.permission_id = p.id
)
]
2026-06-16T19:33:58.745+08:00 DEBUG 54320 --- [threat-platform] [           main] o.s.jdbc.core.JdbcTemplate               : Executing prepared SQL update
2026-06-16T19:33:58.745+08:00 DEBUG 54320 --- [threat-platform] [           main] o.s.jdbc.core.JdbcTemplate               : Executing prepared SQL statement [INSERT INTO sys_role_permission (role_id, permission_id)
SELECT r.id, p.id
FROM sys_role r
         JOIN sys_permission p ON p.permission_code = ?
WHERE r.role_code = ?
  AND NOT EXISTS (
    SELECT 1 FROM sys_role_permission rp
    WHERE rp.role_id = r.id AND rp.permission_id = p.id
)
]
2026-06-16T19:33:58.746+08:00 DEBUG 54320 --- [threat-platform] [           main] o.s.jdbc.core.JdbcTemplate               : Executing prepared SQL update
2026-06-16T19:33:58.746+08:00 DEBUG 54320 --- [threat-platform] [           main] o.s.jdbc.core.JdbcTemplate               : Executing prepared SQL statement [INSERT INTO sys_role_permission (role_id, permission_id)
SELECT r.id, p.id
FROM sys_role r
         JOIN sys_permission p ON p.permission_code = ?
WHERE r.role_code = ?
  AND NOT EXISTS (
    SELECT 1 FROM sys_role_permission rp
    WHERE rp.role_id = r.id AND rp.permission_id = p.id
)
]
2026-06-16T19:33:58.747+08:00 DEBUG 54320 --- [threat-platform] [           main] o.s.jdbc.core.JdbcTemplate               : Executing prepared SQL update
2026-06-16T19:33:58.748+08:00 DEBUG 54320 --- [threat-platform] [           main] o.s.jdbc.core.JdbcTemplate               : Executing prepared SQL statement [INSERT INTO sys_role_permission (role_id, permission_id)
SELECT r.id, p.id
FROM sys_role r
         JOIN sys_permission p ON p.permission_code = ?
WHERE r.role_code = ?
  AND NOT EXISTS (
    SELECT 1 FROM sys_role_permission rp
    WHERE rp.role_id = r.id AND rp.permission_id = p.id
)
]
2026-06-16T19:33:58.749+08:00 DEBUG 54320 --- [threat-platform] [           main] o.s.jdbc.core.JdbcTemplate               : Executing prepared SQL update
2026-06-16T19:33:58.749+08:00 DEBUG 54320 --- [threat-platform] [           main] o.s.jdbc.core.JdbcTemplate               : Executing prepared SQL statement [INSERT INTO sys_role_permission (role_id, permission_id)
SELECT r.id, p.id
FROM sys_role r
         JOIN sys_permission p ON p.permission_code = ?
WHERE r.role_code = ?
  AND NOT EXISTS (
    SELECT 1 FROM sys_role_permission rp
    WHERE rp.role_id = r.id AND rp.permission_id = p.id
)
]
2026-06-16T19:33:58.750+08:00 DEBUG 54320 --- [threat-platform] [           main] o.s.jdbc.core.JdbcTemplate               : Executing prepared SQL update
2026-06-16T19:33:58.751+08:00 DEBUG 54320 --- [threat-platform] [           main] o.s.jdbc.core.JdbcTemplate               : Executing prepared SQL statement [INSERT INTO sys_role_permission (role_id, permission_id)
SELECT r.id, p.id
FROM sys_role r
         JOIN sys_permission p ON p.permission_code = ?
WHERE r.role_code = ?
  AND NOT EXISTS (
    SELECT 1 FROM sys_role_permission rp
    WHERE rp.role_id = r.id AND rp.permission_id = p.id
)
]
2026-06-16T19:33:58.751+08:00 DEBUG 54320 --- [threat-platform] [           main] o.s.jdbc.core.JdbcTemplate               : Executing prepared SQL update
2026-06-16T19:33:58.751+08:00 DEBUG 54320 --- [threat-platform] [           main] o.s.jdbc.core.JdbcTemplate               : Executing prepared SQL statement [INSERT INTO sys_role_permission (role_id, permission_id)
SELECT r.id, p.id
FROM sys_role r
         JOIN sys_permission p ON p.permission_code = ?
WHERE r.role_code = ?
  AND NOT EXISTS (
    SELECT 1 FROM sys_role_permission rp
    WHERE rp.role_id = r.id AND rp.permission_id = p.id
)
]
2026-06-16T19:33:58.752+08:00 DEBUG 54320 --- [threat-platform] [           main] o.s.jdbc.core.JdbcTemplate               : Executing prepared SQL update
2026-06-16T19:33:58.752+08:00 DEBUG 54320 --- [threat-platform] [           main] o.s.jdbc.core.JdbcTemplate               : Executing prepared SQL statement [INSERT INTO sys_role_permission (role_id, permission_id)
SELECT r.id, p.id
FROM sys_role r
         JOIN sys_permission p ON p.permission_code = ?
WHERE r.role_code = ?
  AND NOT EXISTS (
    SELECT 1 FROM sys_role_permission rp
    WHERE rp.role_id = r.id AND rp.permission_id = p.id
)
]
2026-06-16T19:33:58.753+08:00 DEBUG 54320 --- [threat-platform] [           main] o.s.jdbc.core.JdbcTemplate               : Executing prepared SQL update
2026-06-16T19:33:58.753+08:00 DEBUG 54320 --- [threat-platform] [           main] o.s.jdbc.core.JdbcTemplate               : Executing prepared SQL statement [INSERT INTO sys_role_permission (role_id, permission_id)
SELECT r.id, p.id
FROM sys_role r
         JOIN sys_permission p ON p.permission_code = ?
WHERE r.role_code = ?
  AND NOT EXISTS (
    SELECT 1 FROM sys_role_permission rp
    WHERE rp.role_id = r.id AND rp.permission_id = p.id
)
]
2026-06-16T19:33:58.753+08:00 DEBUG 54320 --- [threat-platform] [           main] o.s.jdbc.core.JdbcTemplate               : Executing prepared SQL update
2026-06-16T19:33:58.753+08:00 DEBUG 54320 --- [threat-platform] [           main] o.s.jdbc.core.JdbcTemplate               : Executing prepared SQL statement [INSERT INTO sys_role_permission (role_id, permission_id)
SELECT r.id, p.id
FROM sys_role r
         JOIN sys_permission p ON p.permission_code = ?
WHERE r.role_code = ?
  AND NOT EXISTS (
    SELECT 1 FROM sys_role_permission rp
    WHERE rp.role_id = r.id AND rp.permission_id = p.id
)
]
2026-06-16T19:33:58.754+08:00 DEBUG 54320 --- [threat-platform] [           main] o.s.jdbc.core.JdbcTemplate               : Executing prepared SQL update
2026-06-16T19:33:58.754+08:00 DEBUG 54320 --- [threat-platform] [           main] o.s.jdbc.core.JdbcTemplate               : Executing prepared SQL statement [INSERT INTO sys_role_permission (role_id, permission_id)
SELECT r.id, p.id
FROM sys_role r
         JOIN sys_permission p ON p.permission_code = ?
WHERE r.role_code = ?
  AND NOT EXISTS (
    SELECT 1 FROM sys_role_permission rp
    WHERE rp.role_id = r.id AND rp.permission_id = p.id
)
]
2026-06-16T19:33:58.755+08:00 DEBUG 54320 --- [threat-platform] [           main] o.s.jdbc.core.JdbcTemplate               : Executing prepared SQL update
2026-06-16T19:33:58.756+08:00 DEBUG 54320 --- [threat-platform] [           main] o.s.jdbc.core.JdbcTemplate               : Executing prepared SQL statement [INSERT INTO sys_role_permission (role_id, permission_id)
SELECT r.id, p.id
FROM sys_role r
         JOIN sys_permission p ON p.permission_code = ?
WHERE r.role_code = ?
  AND NOT EXISTS (
    SELECT 1 FROM sys_role_permission rp
    WHERE rp.role_id = r.id AND rp.permission_id = p.id
)
]
2026-06-16T19:33:58.757+08:00 DEBUG 54320 --- [threat-platform] [           main] o.s.jdbc.core.JdbcTemplate               : Executing prepared SQL update
2026-06-16T19:33:58.758+08:00 DEBUG 54320 --- [threat-platform] [           main] o.s.jdbc.core.JdbcTemplate               : Executing prepared SQL statement [INSERT INTO sys_role_permission (role_id, permission_id)
SELECT r.id, p.id
FROM sys_role r
         JOIN sys_permission p ON p.permission_code = ?
WHERE r.role_code = ?
  AND NOT EXISTS (
    SELECT 1 FROM sys_role_permission rp
    WHERE rp.role_id = r.id AND rp.permission_id = p.id
)
]
2026-06-16T19:33:58.759+08:00 DEBUG 54320 --- [threat-platform] [           main] o.s.jdbc.core.JdbcTemplate               : Executing prepared SQL update
2026-06-16T19:33:58.759+08:00 DEBUG 54320 --- [threat-platform] [           main] o.s.jdbc.core.JdbcTemplate               : Executing prepared SQL statement [INSERT INTO user (user_name, user_pwd, status)
SELECT ?, ?, 1
WHERE NOT EXISTS (SELECT 1 FROM user WHERE user_name = ?)
]
2026-06-16T19:33:58.759+08:00 DEBUG 54320 --- [threat-platform] [           main] o.s.jdbc.core.JdbcTemplate               : Executing prepared SQL update
2026-06-16T19:33:58.761+08:00 DEBUG 54320 --- [threat-platform] [           main] o.s.jdbc.core.JdbcTemplate               : Executing prepared SQL statement [INSERT INTO sys_user_role (user_id, role_id)
SELECT u.id, r.id
FROM user u
         JOIN sys_role r ON r.role_code = ?
WHERE u.user_name = ?
  AND NOT EXISTS (
    SELECT 1 FROM sys_user_role ur WHERE ur.user_id = u.id AND ur.role_id = r.id
)
]
2026-06-16T19:33:58.762+08:00 DEBUG 54320 --- [threat-platform] [           main] o.s.jdbc.core.JdbcTemplate               : Executing prepared SQL update
2026-06-16T19:33:58.762+08:00 DEBUG 54320 --- [threat-platform] [           main] o.s.jdbc.core.JdbcTemplate               : Executing prepared SQL statement [INSERT INTO user (user_name, user_pwd, status)
SELECT ?, ?, 1
WHERE NOT EXISTS (SELECT 1 FROM user WHERE user_name = ?)
]
2026-06-16T19:33:58.763+08:00 DEBUG 54320 --- [threat-platform] [           main] o.s.jdbc.core.JdbcTemplate               : Executing prepared SQL update
2026-06-16T19:33:58.763+08:00 DEBUG 54320 --- [threat-platform] [           main] o.s.jdbc.core.JdbcTemplate               : Executing prepared SQL statement [INSERT INTO sys_user_role (user_id, role_id)
SELECT u.id, r.id
FROM user u
         JOIN sys_role r ON r.role_code = ?
WHERE u.user_name = ?
  AND NOT EXISTS (
    SELECT 1 FROM sys_user_role ur WHERE ur.user_id = u.id AND ur.role_id = r.id
)
]
2026-06-16T19:33:58.764+08:00 DEBUG 54320 --- [threat-platform] [           main] o.s.jdbc.core.JdbcTemplate               : Executing prepared SQL update
2026-06-16T19:33:58.764+08:00 DEBUG 54320 --- [threat-platform] [           main] o.s.jdbc.core.JdbcTemplate               : Executing prepared SQL statement [INSERT INTO user (user_name, user_pwd, status)
SELECT ?, ?, 1
WHERE NOT EXISTS (SELECT 1 FROM user WHERE user_name = ?)
]
2026-06-16T19:33:58.765+08:00 DEBUG 54320 --- [threat-platform] [           main] o.s.jdbc.core.JdbcTemplate               : Executing prepared SQL update
2026-06-16T19:33:58.766+08:00 DEBUG 54320 --- [threat-platform] [           main] o.s.jdbc.core.JdbcTemplate               : Executing prepared SQL statement [INSERT INTO sys_user_role (user_id, role_id)
SELECT u.id, r.id
FROM user u
         JOIN sys_role r ON r.role_code = ?
WHERE u.user_name = ?
  AND NOT EXISTS (
    SELECT 1 FROM sys_user_role ur WHERE ur.user_id = u.id AND ur.role_id = r.id
)
]
2026-06-16T19:33:58.767+08:00 DEBUG 54320 --- [threat-platform] [           main] o.s.jdbc.core.JdbcTemplate               : Executing SQL statement [CREATE TABLE IF NOT EXISTS vuln_rule (
    id BIGINT PRIMARY KEY AUTO_INCREMENT,
    rule_code VARCHAR(64),
    cve_id VARCHAR(64),
    category VARCHAR(32),
    product_type VARCHAR(32) NOT NULL,
    product_name VARCHAR(255) NOT NULL,
    match_type VARCHAR(32) NOT NULL,
    affected_version_expr VARCHAR(512),
    severity VARCHAR(32),
    title VARCHAR(255) NOT NULL,
    description VARCHAR(2000),
    suggestion TEXT,
    verify_type VARCHAR(32),
    verify_rule LONGTEXT,
    enabled TINYINT DEFAULT 1,
    created_at DATETIME DEFAULT CURRENT_TIMESTAMP,
    updated_at DATETIME DEFAULT CURRENT_TIMESTAMP ON UPDATE CURRENT_TIMESTAMP,
    INDEX idx_vuln_rule_enabled_type_name (enabled, product_type, product_name)
)
]
2026-06-16T19:33:58.768+08:00 DEBUG 54320 --- [threat-platform] [           main] o.s.jdbc.core.JdbcTemplate               : SQLWarning ignored: SQL state '42S01', error code '1050', message [Table 'vuln_rule' already exists]
2026-06-16T19:33:58.768+08:00 DEBUG 54320 --- [threat-platform] [           main] o.s.jdbc.core.JdbcTemplate               : Executing SQL statement [CREATE TABLE IF NOT EXISTS host_vuln_result (
    id BIGINT PRIMARY KEY AUTO_INCREMENT,
    task_id BIGINT DEFAULT 0,
    host_id BIGINT NOT NULL,
    rule_id BIGINT NOT NULL,
    severity VARCHAR(32),
    vuln_name VARCHAR(255),
    product_name VARCHAR(255),
    product_version VARCHAR(255),
    suggestion TEXT,
    status TINYINT DEFAULT 1,
    verify_status VARCHAR(32) DEFAULT 'PENDING',
    evidence_json LONGTEXT,
    created_at DATETIME DEFAULT CURRENT_TIMESTAMP,
    updated_at DATETIME DEFAULT CURRENT_TIMESTAMP ON UPDATE CURRENT_TIMESTAMP,
    INDEX idx_host_vuln_result_host_status (host_id, status),
    INDEX idx_host_vuln_result_rule (rule_id)
)
]
2026-06-16T19:33:58.770+08:00 DEBUG 54320 --- [threat-platform] [           main] o.s.jdbc.core.JdbcTemplate               : SQLWarning ignored: SQL state '42S01', error code '1050', message [Table 'host_vuln_result' already exists]
2026-06-16T19:33:58.770+08:00 DEBUG 54320 --- [threat-platform] [           main] o.s.jdbc.core.JdbcTemplate               : Executing SQL statement [CREATE TABLE IF NOT EXISTS host_vuln_task (
    id BIGINT PRIMARY KEY AUTO_INCREMENT,
    task_name VARCHAR(255),
    task_type VARCHAR(32) NOT NULL DEFAULT 'VULN',
    host_id BIGINT NOT NULL,
    mac_address VARCHAR(64) NOT NULL,
    scan_mode VARCHAR(32) NOT NULL DEFAULT 'SNAPSHOT',
    rule_count INT DEFAULT 0,
    status TINYINT NOT NULL DEFAULT 0,
    triggered_by VARCHAR(64),
    started_at DATETIME,
    finished_at DATETIME,
    summary_json LONGTEXT,
    created_at DATETIME NOT NULL DEFAULT CURRENT_TIMESTAMP,
    INDEX idx_host_vuln_task_host_status (host_id, status),
    INDEX idx_host_vuln_task_mac_status (mac_address, status),
    INDEX idx_host_vuln_task_created (created_at)
)
]
2026-06-16T19:33:58.771+08:00 DEBUG 54320 --- [threat-platform] [           main] o.s.jdbc.core.JdbcTemplate               : SQLWarning ignored: SQL state '42S01', error code '1050', message [Table 'host_vuln_task' already exists]
2026-06-16T19:33:58.772+08:00 DEBUG 54320 --- [threat-platform] [           main] o.s.jdbc.core.JdbcTemplate               : Executing SQL statement [ALTER TABLE vuln_rule ADD COLUMN rule_code VARCHAR(64)]
2026-06-16T19:33:58.777+08:00 DEBUG 54320 --- [threat-platform] [           main] o.s.jdbc.core.JdbcTemplate               : Executing SQL statement [ALTER TABLE vuln_rule ADD COLUMN cve_id VARCHAR(64)]
2026-06-16T19:33:58.782+08:00 DEBUG 54320 --- [threat-platform] [           main] o.s.jdbc.core.JdbcTemplate               : Executing SQL statement [ALTER TABLE vuln_rule ADD COLUMN category VARCHAR(32)]
2026-06-16T19:33:58.786+08:00 DEBUG 54320 --- [threat-platform] [           main] o.s.jdbc.core.JdbcTemplate               : Executing SQL statement [ALTER TABLE vuln_rule ADD COLUMN description VARCHAR(2000)]
2026-06-16T19:33:58.791+08:00 DEBUG 54320 --- [threat-platform] [           main] o.s.jdbc.core.JdbcTemplate               : Executing SQL statement [ALTER TABLE vuln_rule ADD COLUMN verify_type VARCHAR(32)]
2026-06-16T19:33:58.797+08:00 DEBUG 54320 --- [threat-platform] [           main] o.s.jdbc.core.JdbcTemplate               : Executing SQL statement [ALTER TABLE vuln_rule ADD COLUMN verify_rule LONGTEXT]
2026-06-16T19:33:58.802+08:00 DEBUG 54320 --- [threat-platform] [           main] o.s.jdbc.core.JdbcTemplate               : Executing SQL statement [ALTER TABLE host_vuln_result ADD COLUMN verify_status VARCHAR(32) DEFAULT 'PENDING']
2026-06-16T19:33:58.808+08:00 DEBUG 54320 --- [threat-platform] [           main] o.s.jdbc.core.JdbcTemplate               : Executing SQL statement [ALTER TABLE host_vuln_result ADD COLUMN evidence_json LONGTEXT]
2026-06-16T19:33:58.812+08:00 DEBUG 54320 --- [threat-platform] [           main] o.s.jdbc.core.JdbcTemplate               : Executing SQL statement [ALTER TABLE host_vuln_result ADD COLUMN task_id BIGINT DEFAULT 0]
2026-06-16T19:33:58.818+08:00 DEBUG 54320 --- [threat-platform] [           main] o.s.jdbc.core.JdbcTemplate               : Executing SQL statement [ALTER TABLE host_vuln_result ADD COLUMN created_at DATETIME DEFAULT CURRENT_TIMESTAMP]
2026-06-16T19:33:58.822+08:00 DEBUG 54320 --- [threat-platform] [           main] o.s.jdbc.core.JdbcTemplate               : Executing SQL statement [ALTER TABLE host_vuln_result ADD COLUMN updated_at DATETIME DEFAULT CURRENT_TIMESTAMP ON UPDATE CURRENT_TIMESTAMP]
2026-06-16T19:33:58.827+08:00 DEBUG 54320 --- [threat-platform] [           main] o.s.jdbc.core.JdbcTemplate               : Executing SQL statement [ALTER TABLE host_vuln_result MODIFY COLUMN task_id BIGINT DEFAULT 0]
2026-06-16T19:33:58.837+08:00 DEBUG 54320 --- [threat-platform] [           main] o.s.jdbc.core.JdbcTemplate               : Executing SQL statement [ALTER TABLE host_vuln_result MODIFY COLUMN created_at DATETIME DEFAULT CURRENT_TIMESTAMP]
2026-06-16T19:33:58.847+08:00 DEBUG 54320 --- [threat-platform] [           main] o.s.jdbc.core.JdbcTemplate               : Executing SQL statement [ALTER TABLE host_vuln_task ADD COLUMN summary_json LONGTEXT]
2026-06-16T19:33:58.852+08:00 DEBUG 54320 --- [threat-platform] [           main] o.s.jdbc.core.JdbcTemplate               : Executing SQL statement [ALTER TABLE host_vuln_task ADD COLUMN scan_mode VARCHAR(32) NOT NULL DEFAULT 'SNAPSHOT']
2026-06-16T19:33:58.857+08:00 DEBUG 54320 --- [threat-platform] [           main] o.s.jdbc.core.JdbcTemplate               : Executing SQL statement [ALTER TABLE host_vuln_task ADD COLUMN created_at DATETIME NOT NULL DEFAULT CURRENT_TIMESTAMP]
2026-06-16T19:33:58.861+08:00 DEBUG 54320 --- [threat-platform] [           main] o.s.jdbc.core.JdbcTemplate               : Executing prepared SQL update
2026-06-16T19:33:58.861+08:00 DEBUG 54320 --- [threat-platform] [           main] o.s.jdbc.core.JdbcTemplate               : Executing prepared SQL statement [INSERT INTO sys_permission (permission_code, permission_name, permission_type, path, status)
SELECT ?, ?, 'API', ?, 1
WHERE NOT EXISTS (SELECT 1 FROM sys_permission WHERE permission_code = ?)
]
2026-06-16T19:33:58.862+08:00 DEBUG 54320 --- [threat-platform] [           main] o.s.jdbc.core.JdbcTemplate               : Executing prepared SQL update
2026-06-16T19:33:58.862+08:00 DEBUG 54320 --- [threat-platform] [           main] o.s.jdbc.core.JdbcTemplate               : Executing prepared SQL statement [INSERT INTO sys_permission (permission_code, permission_name, permission_type, path, status)
SELECT ?, ?, 'API', ?, 1
WHERE NOT EXISTS (SELECT 1 FROM sys_permission WHERE permission_code = ?)
]
2026-06-16T19:33:58.863+08:00 DEBUG 54320 --- [threat-platform] [           main] o.s.jdbc.core.JdbcTemplate               : Executing prepared SQL update
2026-06-16T19:33:58.864+08:00 DEBUG 54320 --- [threat-platform] [           main] o.s.jdbc.core.JdbcTemplate               : Executing prepared SQL statement [INSERT INTO sys_role_permission (role_id, permission_id)
SELECT r.id, p.id
FROM sys_role r
JOIN sys_permission p ON p.permission_code = ?
WHERE r.role_code = ?
  AND NOT EXISTS (
      SELECT 1 FROM sys_role_permission rp
      WHERE rp.role_id = r.id AND rp.permission_id = p.id
  )
]
2026-06-16T19:33:58.865+08:00 DEBUG 54320 --- [threat-platform] [           main] o.s.jdbc.core.JdbcTemplate               : Executing prepared SQL update
2026-06-16T19:33:58.865+08:00 DEBUG 54320 --- [threat-platform] [           main] o.s.jdbc.core.JdbcTemplate               : Executing prepared SQL statement [INSERT INTO sys_role_permission (role_id, permission_id)
SELECT r.id, p.id
FROM sys_role r
JOIN sys_permission p ON p.permission_code = ?
WHERE r.role_code = ?
  AND NOT EXISTS (
      SELECT 1 FROM sys_role_permission rp
      WHERE rp.role_id = r.id AND rp.permission_id = p.id
  )
]
2026-06-16T19:33:58.866+08:00 DEBUG 54320 --- [threat-platform] [           main] o.s.jdbc.core.JdbcTemplate               : Executing prepared SQL update
2026-06-16T19:33:58.867+08:00 DEBUG 54320 --- [threat-platform] [           main] o.s.jdbc.core.JdbcTemplate               : Executing prepared SQL statement [INSERT INTO sys_role_permission (role_id, permission_id)
SELECT r.id, p.id
FROM sys_role r
JOIN sys_permission p ON p.permission_code = ?
WHERE r.role_code = ?
  AND NOT EXISTS (
      SELECT 1 FROM sys_role_permission rp
      WHERE rp.role_id = r.id AND rp.permission_id = p.id
  )
]
2026-06-16T19:33:58.867+08:00 DEBUG 54320 --- [threat-platform] [           main] o.s.jdbc.core.JdbcTemplate               : Executing prepared SQL update
2026-06-16T19:33:58.868+08:00 DEBUG 54320 --- [threat-platform] [           main] o.s.jdbc.core.JdbcTemplate               : Executing prepared SQL statement [INSERT INTO sys_role_permission (role_id, permission_id)
SELECT r.id, p.id
FROM sys_role r
JOIN sys_permission p ON p.permission_code = ?
WHERE r.role_code = ?
  AND NOT EXISTS (
      SELECT 1 FROM sys_role_permission rp
      WHERE rp.role_id = r.id AND rp.permission_id = p.id
  )
]
2026-06-16T19:33:58.868+08:00 DEBUG 54320 --- [threat-platform] [           main] o.s.jdbc.core.JdbcTemplate               : Executing prepared SQL update
2026-06-16T19:33:58.868+08:00 DEBUG 54320 --- [threat-platform] [           main] o.s.jdbc.core.JdbcTemplate               : Executing prepared SQL statement [INSERT INTO sys_role_permission (role_id, permission_id)
SELECT r.id, p.id
FROM sys_role r
JOIN sys_permission p ON p.permission_code = ?
WHERE r.role_code = ?
  AND NOT EXISTS (
      SELECT 1 FROM sys_role_permission rp
      WHERE rp.role_id = r.id AND rp.permission_id = p.id
  )
]
2026-06-16T19:33:58.868+08:00 DEBUG 54320 --- [threat-platform] [           main] o.s.jdbc.core.JdbcTemplate               : Executing prepared SQL update
2026-06-16T19:33:58.870+08:00 DEBUG 54320 --- [threat-platform] [           main] o.s.jdbc.core.JdbcTemplate               : Executing prepared SQL statement [INSERT INTO sys_role_permission (role_id, permission_id)
SELECT r.id, p.id
FROM sys_role r
JOIN sys_permission p ON p.permission_code = ?
WHERE r.role_code = ?
  AND NOT EXISTS (
      SELECT 1 FROM sys_role_permission rp
      WHERE rp.role_id = r.id AND rp.permission_id = p.id
  )
]
2026-06-16T19:33:58.870+08:00 DEBUG 54320 --- [threat-platform] [           main] o.s.jdbc.core.JdbcTemplate               : Executing prepared SQL update
2026-06-16T19:33:58.871+08:00 DEBUG 54320 --- [threat-platform] [           main] o.s.jdbc.core.JdbcTemplate               : Executing prepared SQL statement [INSERT INTO sys_permission (permission_code, permission_name, permission_type, path, status)
SELECT ?, ?, 'API', ?, 1
WHERE NOT EXISTS (SELECT 1 FROM sys_permission WHERE permission_code = ?)
]
2026-06-16T19:33:58.871+08:00 DEBUG 54320 --- [threat-platform] [           main] o.s.jdbc.core.JdbcTemplate               : Executing prepared SQL update
2026-06-16T19:33:58.871+08:00 DEBUG 54320 --- [threat-platform] [           main] o.s.jdbc.core.JdbcTemplate               : Executing prepared SQL statement [INSERT INTO sys_permission (permission_code, permission_name, permission_type, path, status)
SELECT ?, ?, 'API', ?, 1
WHERE NOT EXISTS (SELECT 1 FROM sys_permission WHERE permission_code = ?)
]
2026-06-16T19:33:58.872+08:00 DEBUG 54320 --- [threat-platform] [           main] o.s.jdbc.core.JdbcTemplate               : Executing prepared SQL update
2026-06-16T19:33:58.873+08:00 DEBUG 54320 --- [threat-platform] [           main] o.s.jdbc.core.JdbcTemplate               : Executing prepared SQL statement [INSERT INTO sys_permission (permission_code, permission_name, permission_type, path, status)
SELECT ?, ?, 'API', ?, 1
WHERE NOT EXISTS (SELECT 1 FROM sys_permission WHERE permission_code = ?)
]
2026-06-16T19:33:58.873+08:00 DEBUG 54320 --- [threat-platform] [           main] o.s.jdbc.core.JdbcTemplate               : Executing prepared SQL update
2026-06-16T19:33:58.873+08:00 DEBUG 54320 --- [threat-platform] [           main] o.s.jdbc.core.JdbcTemplate               : Executing prepared SQL statement [INSERT INTO sys_permission (permission_code, permission_name, permission_type, path, status)
SELECT ?, ?, 'API', ?, 1
WHERE NOT EXISTS (SELECT 1 FROM sys_permission WHERE permission_code = ?)
]
2026-06-16T19:33:58.874+08:00 DEBUG 54320 --- [threat-platform] [           main] o.s.jdbc.core.JdbcTemplate               : Executing prepared SQL update
2026-06-16T19:33:58.874+08:00 DEBUG 54320 --- [threat-platform] [           main] o.s.jdbc.core.JdbcTemplate               : Executing prepared SQL statement [INSERT INTO sys_permission (permission_code, permission_name, permission_type, path, status)
SELECT ?, ?, 'API', ?, 1
WHERE NOT EXISTS (SELECT 1 FROM sys_permission WHERE permission_code = ?)
]
2026-06-16T19:33:58.874+08:00 DEBUG 54320 --- [threat-platform] [           main] o.s.jdbc.core.JdbcTemplate               : Executing prepared SQL update
2026-06-16T19:33:58.874+08:00 DEBUG 54320 --- [threat-platform] [           main] o.s.jdbc.core.JdbcTemplate               : Executing prepared SQL statement [INSERT INTO sys_permission (permission_code, permission_name, permission_type, path, status)
SELECT ?, ?, 'API', ?, 1
WHERE NOT EXISTS (SELECT 1 FROM sys_permission WHERE permission_code = ?)
]
2026-06-16T19:33:58.876+08:00 DEBUG 54320 --- [threat-platform] [           main] o.s.jdbc.core.JdbcTemplate               : Executing prepared SQL update
2026-06-16T19:33:58.876+08:00 DEBUG 54320 --- [threat-platform] [           main] o.s.jdbc.core.JdbcTemplate               : Executing prepared SQL statement [INSERT INTO sys_permission (permission_code, permission_name, permission_type, path, status)
SELECT ?, ?, 'API', ?, 1
WHERE NOT EXISTS (SELECT 1 FROM sys_permission WHERE permission_code = ?)
]
2026-06-16T19:33:58.877+08:00 DEBUG 54320 --- [threat-platform] [           main] o.s.jdbc.core.JdbcTemplate               : Executing prepared SQL update
2026-06-16T19:33:58.877+08:00 DEBUG 54320 --- [threat-platform] [           main] o.s.jdbc.core.JdbcTemplate               : Executing prepared SQL statement [INSERT INTO sys_permission (permission_code, permission_name, permission_type, path, status)
SELECT ?, ?, 'API', ?, 1
WHERE NOT EXISTS (SELECT 1 FROM sys_permission WHERE permission_code = ?)
]
2026-06-16T19:33:58.877+08:00 DEBUG 54320 --- [threat-platform] [           main] o.s.jdbc.core.JdbcTemplate               : Executing prepared SQL update
2026-06-16T19:33:58.878+08:00 DEBUG 54320 --- [threat-platform] [           main] o.s.jdbc.core.JdbcTemplate               : Executing prepared SQL statement [INSERT INTO sys_permission (permission_code, permission_name, permission_type, path, status)
SELECT ?, ?, 'API', ?, 1
WHERE NOT EXISTS (SELECT 1 FROM sys_permission WHERE permission_code = ?)
]
2026-06-16T19:33:58.878+08:00 DEBUG 54320 --- [threat-platform] [           main] o.s.jdbc.core.JdbcTemplate               : Executing prepared SQL update
2026-06-16T19:33:58.878+08:00 DEBUG 54320 --- [threat-platform] [           main] o.s.jdbc.core.JdbcTemplate               : Executing prepared SQL statement [INSERT INTO sys_permission (permission_code, permission_name, permission_type, path, status)
SELECT ?, ?, 'API', ?, 1
WHERE NOT EXISTS (SELECT 1 FROM sys_permission WHERE permission_code = ?)
]
2026-06-16T19:33:58.879+08:00 DEBUG 54320 --- [threat-platform] [           main] o.s.jdbc.core.JdbcTemplate               : Executing prepared SQL update
2026-06-16T19:33:58.879+08:00 DEBUG 54320 --- [threat-platform] [           main] o.s.jdbc.core.JdbcTemplate               : Executing prepared SQL statement [INSERT INTO sys_permission (permission_code, permission_name, permission_type, path, status)
SELECT ?, ?, 'API', ?, 1
WHERE NOT EXISTS (SELECT 1 FROM sys_permission WHERE permission_code = ?)
]
2026-06-16T19:33:58.880+08:00 DEBUG 54320 --- [threat-platform] [           main] o.s.jdbc.core.JdbcTemplate               : Executing prepared SQL update
2026-06-16T19:33:58.880+08:00 DEBUG 54320 --- [threat-platform] [           main] o.s.jdbc.core.JdbcTemplate               : Executing prepared SQL statement [INSERT INTO sys_permission (permission_code, permission_name, permission_type, path, status)
SELECT ?, ?, 'API', ?, 1
WHERE NOT EXISTS (SELECT 1 FROM sys_permission WHERE permission_code = ?)
]
2026-06-16T19:33:58.880+08:00 DEBUG 54320 --- [threat-platform] [           main] o.s.jdbc.core.JdbcTemplate               : Executing prepared SQL update
2026-06-16T19:33:58.880+08:00 DEBUG 54320 --- [threat-platform] [           main] o.s.jdbc.core.JdbcTemplate               : Executing prepared SQL statement [INSERT INTO sys_permission (permission_code, permission_name, permission_type, path, status)
SELECT ?, ?, 'API', ?, 1
WHERE NOT EXISTS (SELECT 1 FROM sys_permission WHERE permission_code = ?)
]
2026-06-16T19:33:58.881+08:00 DEBUG 54320 --- [threat-platform] [           main] o.s.jdbc.core.JdbcTemplate               : Executing prepared SQL update
2026-06-16T19:33:58.881+08:00 DEBUG 54320 --- [threat-platform] [           main] o.s.jdbc.core.JdbcTemplate               : Executing prepared SQL statement [INSERT INTO sys_permission (permission_code, permission_name, permission_type, path, status)
SELECT ?, ?, 'API', ?, 1
WHERE NOT EXISTS (SELECT 1 FROM sys_permission WHERE permission_code = ?)
]
2026-06-16T19:33:58.882+08:00 DEBUG 54320 --- [threat-platform] [           main] o.s.jdbc.core.JdbcTemplate               : Executing prepared SQL update
2026-06-16T19:33:58.882+08:00 DEBUG 54320 --- [threat-platform] [           main] o.s.jdbc.core.JdbcTemplate               : Executing prepared SQL statement [INSERT INTO sys_permission (permission_code, permission_name, permission_type, path, status)
SELECT ?, ?, 'API', ?, 1
WHERE NOT EXISTS (SELECT 1 FROM sys_permission WHERE permission_code = ?)
]
2026-06-16T19:33:58.884+08:00 DEBUG 54320 --- [threat-platform] [           main] o.s.jdbc.core.JdbcTemplate               : Executing prepared SQL update
2026-06-16T19:33:58.884+08:00 DEBUG 54320 --- [threat-platform] [           main] o.s.jdbc.core.JdbcTemplate               : Executing prepared SQL statement [INSERT INTO sys_permission (permission_code, permission_name, permission_type, path, status)
SELECT ?, ?, 'API', ?, 1
WHERE NOT EXISTS (SELECT 1 FROM sys_permission WHERE permission_code = ?)
]
2026-06-16T19:33:58.885+08:00 DEBUG 54320 --- [threat-platform] [           main] o.s.jdbc.core.JdbcTemplate               : Executing prepared SQL update
2026-06-16T19:33:58.885+08:00 DEBUG 54320 --- [threat-platform] [           main] o.s.jdbc.core.JdbcTemplate               : Executing prepared SQL statement [INSERT INTO sys_permission (permission_code, permission_name, permission_type, path, status)
SELECT ?, ?, 'API', ?, 1
WHERE NOT EXISTS (SELECT 1 FROM sys_permission WHERE permission_code = ?)
]
2026-06-16T19:33:58.886+08:00 DEBUG 54320 --- [threat-platform] [           main] o.s.jdbc.core.JdbcTemplate               : Executing prepared SQL update
2026-06-16T19:33:58.887+08:00 DEBUG 54320 --- [threat-platform] [           main] o.s.jdbc.core.JdbcTemplate               : Executing prepared SQL statement [INSERT INTO sys_permission (permission_code, permission_name, permission_type, path, status)
SELECT ?, ?, 'API', ?, 1
WHERE NOT EXISTS (SELECT 1 FROM sys_permission WHERE permission_code = ?)
]
2026-06-16T19:33:58.888+08:00 DEBUG 54320 --- [threat-platform] [           main] o.s.jdbc.core.JdbcTemplate               : Executing SQL query [SELECT COALESCE(MAX(sort_order), 0) FROM sys_menu]
2026-06-16T19:33:58.888+08:00 DEBUG 54320 --- [threat-platform] [           main] o.s.jdbc.core.JdbcTemplate               : Executing prepared SQL query
2026-06-16T19:33:58.889+08:00 DEBUG 54320 --- [threat-platform] [           main] o.s.jdbc.core.JdbcTemplate               : Executing prepared SQL statement [SELECT id FROM sys_permission WHERE permission_code = ?]
2026-06-16T19:33:58.891+08:00 DEBUG 54320 --- [threat-platform] [           main] o.s.jdbc.core.JdbcTemplate               : Executing prepared SQL query
2026-06-16T19:33:58.891+08:00 DEBUG 54320 --- [threat-platform] [           main] o.s.jdbc.core.JdbcTemplate               : Executing prepared SQL statement [SELECT id FROM sys_permission WHERE permission_code = ?]
2026-06-16T19:33:58.892+08:00 DEBUG 54320 --- [threat-platform] [           main] o.s.jdbc.core.JdbcTemplate               : Executing prepared SQL query
2026-06-16T19:33:58.892+08:00 DEBUG 54320 --- [threat-platform] [           main] o.s.jdbc.core.JdbcTemplate               : Executing prepared SQL statement [SELECT id FROM sys_permission WHERE permission_code = ?]
2026-06-16T19:33:58.892+08:00 DEBUG 54320 --- [threat-platform] [           main] o.s.jdbc.core.JdbcTemplate               : Executing prepared SQL query
2026-06-16T19:33:58.893+08:00 DEBUG 54320 --- [threat-platform] [           main] o.s.jdbc.core.JdbcTemplate               : Executing prepared SQL statement [SELECT id FROM sys_permission WHERE permission_code = ?]
2026-06-16T19:33:58.893+08:00 DEBUG 54320 --- [threat-platform] [           main] o.s.jdbc.core.JdbcTemplate               : Executing prepared SQL query
2026-06-16T19:33:58.893+08:00 DEBUG 54320 --- [threat-platform] [           main] o.s.jdbc.core.JdbcTemplate               : Executing prepared SQL statement [SELECT id FROM sys_permission WHERE permission_code = ?]
2026-06-16T19:33:58.895+08:00 DEBUG 54320 --- [threat-platform] [           main] o.s.jdbc.core.JdbcTemplate               : Executing prepared SQL query
2026-06-16T19:33:58.895+08:00 DEBUG 54320 --- [threat-platform] [           main] o.s.jdbc.core.JdbcTemplate               : Executing prepared SQL statement [SELECT id FROM sys_permission WHERE permission_code = ?]
2026-06-16T19:33:58.895+08:00 DEBUG 54320 --- [threat-platform] [           main] o.s.jdbc.core.JdbcTemplate               : Executing prepared SQL update
2026-06-16T19:33:58.895+08:00 DEBUG 54320 --- [threat-platform] [           main] o.s.jdbc.core.JdbcTemplate               : Executing prepared SQL statement [INSERT INTO sys_menu (menu_code, menu_name, menu_path, menu_icon, permission_id, sort_order, status, parent_id)
SELECT 'risk_discovery', '风险发现', '#', 'layui-icon-vercode', ?, ?, 1, NULL
WHERE NOT EXISTS (SELECT 1 FROM sys_menu WHERE menu_code = 'risk_discovery')
]
2026-06-16T19:33:58.896+08:00 DEBUG 54320 --- [threat-platform] [           main] o.s.jdbc.core.JdbcTemplate               : Executing prepared SQL query
2026-06-16T19:33:58.896+08:00 DEBUG 54320 --- [threat-platform] [           main] o.s.jdbc.core.JdbcTemplate               : Executing prepared SQL statement [SELECT id FROM sys_menu WHERE menu_code = ?]
2026-06-16T19:33:58.896+08:00 DEBUG 54320 --- [threat-platform] [           main] o.s.jdbc.core.JdbcTemplate               : Executing prepared SQL update
2026-06-16T19:33:58.896+08:00 DEBUG 54320 --- [threat-platform] [           main] o.s.jdbc.core.JdbcTemplate               : Executing prepared SQL statement [INSERT INTO sys_menu (menu_code, menu_name, menu_path, menu_icon, permission_id, sort_order, status, parent_id)
SELECT ?, ?, ?, ?, ?, ?, 1, ?
WHERE NOT EXISTS (SELECT 1 FROM sys_menu WHERE menu_code = ?)
]
2026-06-16T19:33:58.897+08:00 DEBUG 54320 --- [threat-platform] [           main] o.s.jdbc.core.JdbcTemplate               : Executing prepared SQL update
2026-06-16T19:33:58.898+08:00 DEBUG 54320 --- [threat-platform] [           main] o.s.jdbc.core.JdbcTemplate               : Executing prepared SQL statement [INSERT INTO sys_menu (menu_code, menu_name, menu_path, menu_icon, permission_id, sort_order, status, parent_id)
SELECT ?, ?, ?, ?, ?, ?, 1, ?
WHERE NOT EXISTS (SELECT 1 FROM sys_menu WHERE menu_code = ?)
]
2026-06-16T19:33:58.898+08:00 DEBUG 54320 --- [threat-platform] [           main] o.s.jdbc.core.JdbcTemplate               : Executing prepared SQL update
2026-06-16T19:33:58.898+08:00 DEBUG 54320 --- [threat-platform] [           main] o.s.jdbc.core.JdbcTemplate               : Executing prepared SQL statement [INSERT INTO sys_menu (menu_code, menu_name, menu_path, menu_icon, permission_id, sort_order, status, parent_id)
SELECT ?, ?, ?, ?, ?, ?, 1, ?
WHERE NOT EXISTS (SELECT 1 FROM sys_menu WHERE menu_code = ?)
]
2026-06-16T19:33:58.899+08:00 DEBUG 54320 --- [threat-platform] [           main] o.s.jdbc.core.JdbcTemplate               : Executing prepared SQL update
2026-06-16T19:33:58.899+08:00 DEBUG 54320 --- [threat-platform] [           main] o.s.jdbc.core.JdbcTemplate               : Executing prepared SQL statement [INSERT INTO sys_menu (menu_code, menu_name, menu_path, menu_icon, permission_id, sort_order, status, parent_id)
SELECT ?, ?, ?, ?, ?, ?, 1, ?
WHERE NOT EXISTS (SELECT 1 FROM sys_menu WHERE menu_code = ?)
]
2026-06-16T19:33:58.900+08:00 DEBUG 54320 --- [threat-platform] [           main] o.s.jdbc.core.JdbcTemplate               : Executing prepared SQL update
2026-06-16T19:33:58.900+08:00 DEBUG 54320 --- [threat-platform] [           main] o.s.jdbc.core.JdbcTemplate               : Executing prepared SQL statement [INSERT INTO sys_menu (menu_code, menu_name, menu_path, menu_icon, permission_id, sort_order, status, parent_id)
SELECT ?, ?, ?, ?, ?, ?, 1, ?
WHERE NOT EXISTS (SELECT 1 FROM sys_menu WHERE menu_code = ?)
]
2026-06-16T19:33:58.901+08:00 DEBUG 54320 --- [threat-platform] [           main] o.s.jdbc.core.JdbcTemplate               : Executing prepared SQL update
2026-06-16T19:33:58.901+08:00 DEBUG 54320 --- [threat-platform] [           main] o.s.jdbc.core.JdbcTemplate               : Executing prepared SQL statement [INSERT INTO sys_menu (menu_code, menu_name, menu_path, menu_icon, permission_id, sort_order, status, parent_id)
SELECT ?, ?, ?, ?, ?, ?, 1, ?
WHERE NOT EXISTS (SELECT 1 FROM sys_menu WHERE menu_code = ?)
]
2026-06-16T19:33:58.901+08:00 DEBUG 54320 --- [threat-platform] [           main] o.s.jdbc.core.JdbcTemplate               : Executing prepared SQL update
2026-06-16T19:33:58.902+08:00 DEBUG 54320 --- [threat-platform] [           main] o.s.jdbc.core.JdbcTemplate               : Executing prepared SQL statement [UPDATE sys_menu
SET parent_id = ?, menu_path = ?, permission_id = ?
WHERE menu_code = ?
]
2026-06-16T19:33:58.902+08:00 DEBUG 54320 --- [threat-platform] [           main] o.s.jdbc.core.JdbcTemplate               : Executing prepared SQL update
2026-06-16T19:33:58.902+08:00 DEBUG 54320 --- [threat-platform] [           main] o.s.jdbc.core.JdbcTemplate               : Executing prepared SQL statement [UPDATE sys_menu
SET parent_id = ?, menu_path = ?, permission_id = ?
WHERE menu_code = ?
]
2026-06-16T19:33:58.902+08:00 DEBUG 54320 --- [threat-platform] [           main] o.s.jdbc.core.JdbcTemplate               : Executing prepared SQL update
2026-06-16T19:33:58.902+08:00 DEBUG 54320 --- [threat-platform] [           main] o.s.jdbc.core.JdbcTemplate               : Executing prepared SQL statement [UPDATE sys_menu
SET parent_id = ?, menu_path = ?, permission_id = ?
WHERE menu_code = ?
]
2026-06-16T19:33:58.904+08:00 DEBUG 54320 --- [threat-platform] [           main] o.s.jdbc.core.JdbcTemplate               : Executing prepared SQL update
2026-06-16T19:33:58.904+08:00 DEBUG 54320 --- [threat-platform] [           main] o.s.jdbc.core.JdbcTemplate               : Executing prepared SQL statement [UPDATE sys_menu
SET parent_id = ?, menu_path = ?, permission_id = ?
WHERE menu_code = ?
]
2026-06-16T19:33:58.904+08:00 DEBUG 54320 --- [threat-platform] [           main] o.s.jdbc.core.JdbcTemplate               : Executing prepared SQL update
2026-06-16T19:33:58.904+08:00 DEBUG 54320 --- [threat-platform] [           main] o.s.jdbc.core.JdbcTemplate               : Executing prepared SQL statement [UPDATE sys_menu
SET parent_id = ?, menu_path = ?, permission_id = ?
WHERE menu_code = ?
]
2026-06-16T19:33:58.905+08:00 DEBUG 54320 --- [threat-platform] [           main] o.s.jdbc.core.JdbcTemplate               : Executing prepared SQL update
2026-06-16T19:33:58.905+08:00 DEBUG 54320 --- [threat-platform] [           main] o.s.jdbc.core.JdbcTemplate               : Executing prepared SQL statement [UPDATE sys_menu
SET parent_id = ?, menu_path = ?, permission_id = ?
WHERE menu_code = ?
]
2026-06-16T19:33:58.905+08:00 DEBUG 54320 --- [threat-platform] [           main] o.s.jdbc.core.JdbcTemplate               : Executing prepared SQL update
2026-06-16T19:33:58.905+08:00 DEBUG 54320 --- [threat-platform] [           main] o.s.jdbc.core.JdbcTemplate               : Executing prepared SQL statement [INSERT INTO sys_role_permission (role_id, permission_id)
SELECT r.id, p.id
FROM sys_role r
JOIN sys_permission p ON p.permission_code = ?
WHERE r.role_code = ?
  AND NOT EXISTS (
    SELECT 1 FROM sys_role_permission rp
    WHERE rp.role_id = r.id AND rp.permission_id = p.id
)
]
2026-06-16T19:33:58.906+08:00 DEBUG 54320 --- [threat-platform] [           main] o.s.jdbc.core.JdbcTemplate               : Executing prepared SQL update
2026-06-16T19:33:58.906+08:00 DEBUG 54320 --- [threat-platform] [           main] o.s.jdbc.core.JdbcTemplate               : Executing prepared SQL statement [INSERT INTO sys_role_permission (role_id, permission_id)
SELECT r.id, p.id
FROM sys_role r
JOIN sys_permission p ON p.permission_code = ?
WHERE r.role_code = ?
  AND NOT EXISTS (
    SELECT 1 FROM sys_role_permission rp
    WHERE rp.role_id = r.id AND rp.permission_id = p.id
)
]
2026-06-16T19:33:58.908+08:00 DEBUG 54320 --- [threat-platform] [           main] o.s.jdbc.core.JdbcTemplate               : Executing prepared SQL update
2026-06-16T19:33:58.908+08:00 DEBUG 54320 --- [threat-platform] [           main] o.s.jdbc.core.JdbcTemplate               : Executing prepared SQL statement [INSERT INTO sys_role_permission (role_id, permission_id)
SELECT r.id, p.id
FROM sys_role r
JOIN sys_permission p ON p.permission_code = ?
WHERE r.role_code = ?
  AND NOT EXISTS (
    SELECT 1 FROM sys_role_permission rp
    WHERE rp.role_id = r.id AND rp.permission_id = p.id
)
]
2026-06-16T19:33:58.909+08:00 DEBUG 54320 --- [threat-platform] [           main] o.s.jdbc.core.JdbcTemplate               : Executing prepared SQL update
2026-06-16T19:33:58.909+08:00 DEBUG 54320 --- [threat-platform] [           main] o.s.jdbc.core.JdbcTemplate               : Executing prepared SQL statement [INSERT INTO sys_role_permission (role_id, permission_id)
SELECT r.id, p.id
FROM sys_role r
JOIN sys_permission p ON p.permission_code = ?
WHERE r.role_code = ?
  AND NOT EXISTS (
    SELECT 1 FROM sys_role_permission rp
    WHERE rp.role_id = r.id AND rp.permission_id = p.id
)
]
2026-06-16T19:33:58.910+08:00 DEBUG 54320 --- [threat-platform] [           main] o.s.jdbc.core.JdbcTemplate               : Executing prepared SQL update
2026-06-16T19:33:58.910+08:00 DEBUG 54320 --- [threat-platform] [           main] o.s.jdbc.core.JdbcTemplate               : Executing prepared SQL statement [INSERT INTO sys_role_permission (role_id, permission_id)
SELECT r.id, p.id
FROM sys_role r
JOIN sys_permission p ON p.permission_code = ?
WHERE r.role_code = ?
  AND NOT EXISTS (
    SELECT 1 FROM sys_role_permission rp
    WHERE rp.role_id = r.id AND rp.permission_id = p.id
)
]
2026-06-16T19:33:58.910+08:00 DEBUG 54320 --- [threat-platform] [           main] o.s.jdbc.core.JdbcTemplate               : Executing prepared SQL update
2026-06-16T19:33:58.910+08:00 DEBUG 54320 --- [threat-platform] [           main] o.s.jdbc.core.JdbcTemplate               : Executing prepared SQL statement [INSERT INTO sys_role_permission (role_id, permission_id)
SELECT r.id, p.id
FROM sys_role r
JOIN sys_permission p ON p.permission_code = ?
WHERE r.role_code = ?
  AND NOT EXISTS (
    SELECT 1 FROM sys_role_permission rp
    WHERE rp.role_id = r.id AND rp.permission_id = p.id
)
]
2026-06-16T19:33:58.911+08:00 DEBUG 54320 --- [threat-platform] [           main] o.s.jdbc.core.JdbcTemplate               : Executing prepared SQL update
2026-06-16T19:33:58.911+08:00 DEBUG 54320 --- [threat-platform] [           main] o.s.jdbc.core.JdbcTemplate               : Executing prepared SQL statement [INSERT INTO sys_role_permission (role_id, permission_id)
SELECT r.id, p.id
FROM sys_role r
JOIN sys_permission p ON p.permission_code = ?
WHERE r.role_code = ?
  AND NOT EXISTS (
    SELECT 1 FROM sys_role_permission rp
    WHERE rp.role_id = r.id AND rp.permission_id = p.id
)
]
2026-06-16T19:33:58.911+08:00 DEBUG 54320 --- [threat-platform] [           main] o.s.jdbc.core.JdbcTemplate               : Executing prepared SQL update
2026-06-16T19:33:58.912+08:00 DEBUG 54320 --- [threat-platform] [           main] o.s.jdbc.core.JdbcTemplate               : Executing prepared SQL statement [INSERT INTO sys_role_permission (role_id, permission_id)
SELECT r.id, p.id
FROM sys_role r
JOIN sys_permission p ON p.permission_code = ?
WHERE r.role_code = ?
  AND NOT EXISTS (
    SELECT 1 FROM sys_role_permission rp
    WHERE rp.role_id = r.id AND rp.permission_id = p.id
)
]
2026-06-16T19:33:58.912+08:00 DEBUG 54320 --- [threat-platform] [           main] o.s.jdbc.core.JdbcTemplate               : Executing prepared SQL update
2026-06-16T19:33:58.912+08:00 DEBUG 54320 --- [threat-platform] [           main] o.s.jdbc.core.JdbcTemplate               : Executing prepared SQL statement [INSERT INTO sys_role_permission (role_id, permission_id)
SELECT r.id, p.id
FROM sys_role r
JOIN sys_permission p ON p.permission_code = ?
WHERE r.role_code = ?
  AND NOT EXISTS (
    SELECT 1 FROM sys_role_permission rp
    WHERE rp.role_id = r.id AND rp.permission_id = p.id
)
]
2026-06-16T19:33:58.913+08:00 DEBUG 54320 --- [threat-platform] [           main] o.s.jdbc.core.JdbcTemplate               : Executing prepared SQL update
2026-06-16T19:33:58.913+08:00 DEBUG 54320 --- [threat-platform] [           main] o.s.jdbc.core.JdbcTemplate               : Executing prepared SQL statement [INSERT INTO sys_role_permission (role_id, permission_id)
SELECT r.id, p.id
FROM sys_role r
JOIN sys_permission p ON p.permission_code = ?
WHERE r.role_code = ?
  AND NOT EXISTS (
    SELECT 1 FROM sys_role_permission rp
    WHERE rp.role_id = r.id AND rp.permission_id = p.id
)
]
2026-06-16T19:33:58.914+08:00 DEBUG 54320 --- [threat-platform] [           main] o.s.jdbc.core.JdbcTemplate               : Executing prepared SQL update
2026-06-16T19:33:58.914+08:00 DEBUG 54320 --- [threat-platform] [           main] o.s.jdbc.core.JdbcTemplate               : Executing prepared SQL statement [INSERT INTO sys_role_permission (role_id, permission_id)
SELECT r.id, p.id
FROM sys_role r
JOIN sys_permission p ON p.permission_code = ?
WHERE r.role_code = ?
  AND NOT EXISTS (
    SELECT 1 FROM sys_role_permission rp
    WHERE rp.role_id = r.id AND rp.permission_id = p.id
)
]
2026-06-16T19:33:58.915+08:00 DEBUG 54320 --- [threat-platform] [           main] o.s.jdbc.core.JdbcTemplate               : Executing prepared SQL update
2026-06-16T19:33:58.915+08:00 DEBUG 54320 --- [threat-platform] [           main] o.s.jdbc.core.JdbcTemplate               : Executing prepared SQL statement [INSERT INTO sys_role_permission (role_id, permission_id)
SELECT r.id, p.id
FROM sys_role r
JOIN sys_permission p ON p.permission_code = ?
WHERE r.role_code = ?
  AND NOT EXISTS (
    SELECT 1 FROM sys_role_permission rp
    WHERE rp.role_id = r.id AND rp.permission_id = p.id
)
]
2026-06-16T19:33:58.917+08:00 DEBUG 54320 --- [threat-platform] [           main] o.s.jdbc.core.JdbcTemplate               : Executing prepared SQL update
2026-06-16T19:33:58.917+08:00 DEBUG 54320 --- [threat-platform] [           main] o.s.jdbc.core.JdbcTemplate               : Executing prepared SQL statement [INSERT INTO sys_role_permission (role_id, permission_id)
SELECT r.id, p.id
FROM sys_role r
JOIN sys_permission p ON p.permission_code = ?
WHERE r.role_code = ?
  AND NOT EXISTS (
    SELECT 1 FROM sys_role_permission rp
    WHERE rp.role_id = r.id AND rp.permission_id = p.id
)
]
2026-06-16T19:33:58.917+08:00 DEBUG 54320 --- [threat-platform] [           main] o.s.jdbc.core.JdbcTemplate               : Executing prepared SQL update
2026-06-16T19:33:58.918+08:00 DEBUG 54320 --- [threat-platform] [           main] o.s.jdbc.core.JdbcTemplate               : Executing prepared SQL statement [INSERT INTO sys_role_permission (role_id, permission_id)
SELECT r.id, p.id
FROM sys_role r
JOIN sys_permission p ON p.permission_code = ?
WHERE r.role_code = ?
  AND NOT EXISTS (
    SELECT 1 FROM sys_role_permission rp
    WHERE rp.role_id = r.id AND rp.permission_id = p.id
)
]
2026-06-16T19:33:58.918+08:00 DEBUG 54320 --- [threat-platform] [           main] o.s.jdbc.core.JdbcTemplate               : Executing prepared SQL update
2026-06-16T19:33:58.918+08:00 DEBUG 54320 --- [threat-platform] [           main] o.s.jdbc.core.JdbcTemplate               : Executing prepared SQL statement [INSERT INTO sys_role_permission (role_id, permission_id)
SELECT r.id, p.id
FROM sys_role r
JOIN sys_permission p ON p.permission_code = ?
WHERE r.role_code = ?
  AND NOT EXISTS (
    SELECT 1 FROM sys_role_permission rp
    WHERE rp.role_id = r.id AND rp.permission_id = p.id
)
]
2026-06-16T19:33:58.919+08:00 DEBUG 54320 --- [threat-platform] [           main] o.s.jdbc.core.JdbcTemplate               : Executing prepared SQL update
2026-06-16T19:33:58.919+08:00 DEBUG 54320 --- [threat-platform] [           main] o.s.jdbc.core.JdbcTemplate               : Executing prepared SQL statement [INSERT INTO sys_role_permission (role_id, permission_id)
SELECT r.id, p.id
FROM sys_role r
JOIN sys_permission p ON p.permission_code = ?
WHERE r.role_code = ?
  AND NOT EXISTS (
    SELECT 1 FROM sys_role_permission rp
    WHERE rp.role_id = r.id AND rp.permission_id = p.id
)
]
2026-06-16T19:33:58.920+08:00 DEBUG 54320 --- [threat-platform] [           main] o.s.jdbc.core.JdbcTemplate               : Executing prepared SQL update
2026-06-16T19:33:58.920+08:00 DEBUG 54320 --- [threat-platform] [           main] o.s.jdbc.core.JdbcTemplate               : Executing prepared SQL statement [INSERT INTO sys_role_permission (role_id, permission_id)
SELECT r.id, p.id
FROM sys_role r
JOIN sys_permission p ON p.permission_code = ?
WHERE r.role_code = ?
  AND NOT EXISTS (
    SELECT 1 FROM sys_role_permission rp
    WHERE rp.role_id = r.id AND rp.permission_id = p.id
)
]
2026-06-16T19:33:58.920+08:00 DEBUG 54320 --- [threat-platform] [           main] o.s.jdbc.core.JdbcTemplate               : Executing prepared SQL update
2026-06-16T19:33:58.921+08:00 DEBUG 54320 --- [threat-platform] [           main] o.s.jdbc.core.JdbcTemplate               : Executing prepared SQL statement [INSERT INTO sys_role_permission (role_id, permission_id)
SELECT r.id, p.id
FROM sys_role r
JOIN sys_permission p ON p.permission_code = ?
WHERE r.role_code = ?
  AND NOT EXISTS (
    SELECT 1 FROM sys_role_permission rp
    WHERE rp.role_id = r.id AND rp.permission_id = p.id
)
]
2026-06-16T19:33:58.921+08:00 DEBUG 54320 --- [threat-platform] [           main] o.s.jdbc.core.JdbcTemplate               : Executing prepared SQL update
2026-06-16T19:33:58.921+08:00 DEBUG 54320 --- [threat-platform] [           main] o.s.jdbc.core.JdbcTemplate               : Executing prepared SQL statement [INSERT INTO sys_role_permission (role_id, permission_id)
SELECT r.id, p.id
FROM sys_role r
JOIN sys_permission p ON p.permission_code = ?
WHERE r.role_code = ?
  AND NOT EXISTS (
    SELECT 1 FROM sys_role_permission rp
    WHERE rp.role_id = r.id AND rp.permission_id = p.id
)
]
2026-06-16T19:33:58.922+08:00 DEBUG 54320 --- [threat-platform] [           main] o.s.jdbc.core.JdbcTemplate               : Executing prepared SQL update
2026-06-16T19:33:58.922+08:00 DEBUG 54320 --- [threat-platform] [           main] o.s.jdbc.core.JdbcTemplate               : Executing prepared SQL statement [INSERT INTO sys_role_permission (role_id, permission_id)
SELECT r.id, p.id
FROM sys_role r
JOIN sys_permission p ON p.permission_code = ?
WHERE r.role_code = ?
  AND NOT EXISTS (
    SELECT 1 FROM sys_role_permission rp
    WHERE rp.role_id = r.id AND rp.permission_id = p.id
)
]
2026-06-16T19:33:58.923+08:00 DEBUG 54320 --- [threat-platform] [           main] o.s.jdbc.core.JdbcTemplate               : Executing prepared SQL update
2026-06-16T19:33:58.924+08:00 DEBUG 54320 --- [threat-platform] [           main] o.s.jdbc.core.JdbcTemplate               : Executing prepared SQL statement [INSERT INTO sys_role_permission (role_id, permission_id)
SELECT r.id, p.id
FROM sys_role r
JOIN sys_permission p ON p.permission_code = ?
WHERE r.role_code = ?
  AND NOT EXISTS (
    SELECT 1 FROM sys_role_permission rp
    WHERE rp.role_id = r.id AND rp.permission_id = p.id
)
]
2026-06-16T19:33:58.924+08:00 DEBUG 54320 --- [threat-platform] [           main] o.s.jdbc.core.JdbcTemplate               : Executing prepared SQL update
2026-06-16T19:33:58.924+08:00 DEBUG 54320 --- [threat-platform] [           main] o.s.jdbc.core.JdbcTemplate               : Executing prepared SQL statement [INSERT INTO sys_role_permission (role_id, permission_id)
SELECT r.id, p.id
FROM sys_role r
JOIN sys_permission p ON p.permission_code = ?
WHERE r.role_code = ?
  AND NOT EXISTS (
    SELECT 1 FROM sys_role_permission rp
    WHERE rp.role_id = r.id AND rp.permission_id = p.id
)
]
2026-06-16T19:33:58.925+08:00 DEBUG 54320 --- [threat-platform] [           main] o.s.jdbc.core.JdbcTemplate               : Executing prepared SQL update
2026-06-16T19:33:58.925+08:00 DEBUG 54320 --- [threat-platform] [           main] o.s.jdbc.core.JdbcTemplate               : Executing prepared SQL statement [INSERT INTO sys_role_permission (role_id, permission_id)
SELECT r.id, p.id
FROM sys_role r
JOIN sys_permission p ON p.permission_code = ?
WHERE r.role_code = ?
  AND NOT EXISTS (
    SELECT 1 FROM sys_role_permission rp
    WHERE rp.role_id = r.id AND rp.permission_id = p.id
)
]
2026-06-16T19:33:58.926+08:00 DEBUG 54320 --- [threat-platform] [           main] o.s.jdbc.core.JdbcTemplate               : Executing prepared SQL update
2026-06-16T19:33:58.926+08:00 DEBUG 54320 --- [threat-platform] [           main] o.s.jdbc.core.JdbcTemplate               : Executing prepared SQL statement [INSERT INTO sys_role_permission (role_id, permission_id)
SELECT r.id, p.id
FROM sys_role r
JOIN sys_permission p ON p.permission_code = ?
WHERE r.role_code = ?
  AND NOT EXISTS (
    SELECT 1 FROM sys_role_permission rp
    WHERE rp.role_id = r.id AND rp.permission_id = p.id
)
]
2026-06-16T19:33:58.926+08:00 DEBUG 54320 --- [threat-platform] [           main] o.s.jdbc.core.JdbcTemplate               : Executing prepared SQL update
2026-06-16T19:33:58.926+08:00 DEBUG 54320 --- [threat-platform] [           main] o.s.jdbc.core.JdbcTemplate               : Executing prepared SQL statement [INSERT INTO sys_role_permission (role_id, permission_id)
SELECT r.id, p.id
FROM sys_role r
JOIN sys_permission p ON p.permission_code = ?
WHERE r.role_code = ?
  AND NOT EXISTS (
    SELECT 1 FROM sys_role_permission rp
    WHERE rp.role_id = r.id AND rp.permission_id = p.id
)
]
2026-06-16T19:33:58.928+08:00 DEBUG 54320 --- [threat-platform] [           main] o.s.jdbc.core.JdbcTemplate               : Executing prepared SQL update
2026-06-16T19:33:58.928+08:00 DEBUG 54320 --- [threat-platform] [           main] o.s.jdbc.core.JdbcTemplate               : Executing prepared SQL statement [INSERT INTO sys_role_permission (role_id, permission_id)
SELECT r.id, p.id
FROM sys_role r
JOIN sys_permission p ON p.permission_code = ?
WHERE r.role_code = ?
  AND NOT EXISTS (
    SELECT 1 FROM sys_role_permission rp
    WHERE rp.role_id = r.id AND rp.permission_id = p.id
)
]
2026-06-16T19:33:58.929+08:00 DEBUG 54320 --- [threat-platform] [           main] o.s.jdbc.core.JdbcTemplate               : Executing prepared SQL update
2026-06-16T19:33:58.930+08:00 DEBUG 54320 --- [threat-platform] [           main] o.s.jdbc.core.JdbcTemplate               : Executing prepared SQL statement [INSERT INTO sys_role_permission (role_id, permission_id)
SELECT r.id, p.id
FROM sys_role r
JOIN sys_permission p ON p.permission_code = ?
WHERE r.role_code = ?
  AND NOT EXISTS (
    SELECT 1 FROM sys_role_permission rp
    WHERE rp.role_id = r.id AND rp.permission_id = p.id
)
]
2026-06-16T19:33:58.930+08:00 DEBUG 54320 --- [threat-platform] [           main] o.s.jdbc.core.JdbcTemplate               : Executing prepared SQL update
2026-06-16T19:33:58.931+08:00 DEBUG 54320 --- [threat-platform] [           main] o.s.jdbc.core.JdbcTemplate               : Executing prepared SQL statement [INSERT INTO sys_role_permission (role_id, permission_id)
SELECT r.id, p.id
FROM sys_role r
JOIN sys_permission p ON p.permission_code = ?
WHERE r.role_code = ?
  AND NOT EXISTS (
    SELECT 1 FROM sys_role_permission rp
    WHERE rp.role_id = r.id AND rp.permission_id = p.id
)
]
2026-06-16T19:33:58.932+08:00 DEBUG 54320 --- [threat-platform] [           main] o.s.jdbc.core.JdbcTemplate               : Executing prepared SQL update
2026-06-16T19:33:58.932+08:00 DEBUG 54320 --- [threat-platform] [           main] o.s.jdbc.core.JdbcTemplate               : Executing prepared SQL statement [INSERT INTO sys_role_permission (role_id, permission_id)
SELECT r.id, p.id
FROM sys_role r
JOIN sys_permission p ON p.permission_code = ?
WHERE r.role_code = ?
  AND NOT EXISTS (
    SELECT 1 FROM sys_role_permission rp
    WHERE rp.role_id = r.id AND rp.permission_id = p.id
)
]
2026-06-16T19:33:58.933+08:00 DEBUG 54320 --- [threat-platform] [           main] o.s.jdbc.core.JdbcTemplate               : Executing prepared SQL update
2026-06-16T19:33:58.933+08:00 DEBUG 54320 --- [threat-platform] [           main] o.s.jdbc.core.JdbcTemplate               : Executing prepared SQL statement [INSERT INTO sys_role_permission (role_id, permission_id)
SELECT r.id, p.id
FROM sys_role r
JOIN sys_permission p ON p.permission_code = ?
WHERE r.role_code = ?
  AND NOT EXISTS (
    SELECT 1 FROM sys_role_permission rp
    WHERE rp.role_id = r.id AND rp.permission_id = p.id
)
]
2026-06-16T19:33:58.933+08:00 DEBUG 54320 --- [threat-platform] [           main] o.s.jdbc.core.JdbcTemplate               : Executing prepared SQL update
2026-06-16T19:33:58.933+08:00 DEBUG 54320 --- [threat-platform] [           main] o.s.jdbc.core.JdbcTemplate               : Executing prepared SQL statement [INSERT INTO sys_role_permission (role_id, permission_id)
SELECT r.id, p.id
FROM sys_role r
JOIN sys_permission p ON p.permission_code = ?
WHERE r.role_code = ?
  AND NOT EXISTS (
    SELECT 1 FROM sys_role_permission rp
    WHERE rp.role_id = r.id AND rp.permission_id = p.id
)
]
2026-06-16T19:33:58.933+08:00 DEBUG 54320 --- [threat-platform] [           main] o.s.jdbc.core.JdbcTemplate               : Executing prepared SQL update
2026-06-16T19:33:58.934+08:00 DEBUG 54320 --- [threat-platform] [           main] o.s.jdbc.core.JdbcTemplate               : Executing prepared SQL statement [INSERT INTO sys_role_permission (role_id, permission_id)
SELECT r.id, p.id
FROM sys_role r
JOIN sys_permission p ON p.permission_code = ?
WHERE r.role_code = ?
  AND NOT EXISTS (
    SELECT 1 FROM sys_role_permission rp
    WHERE rp.role_id = r.id AND rp.permission_id = p.id
)
]
2026-06-16T19:33:58.934+08:00 DEBUG 54320 --- [threat-platform] [           main] o.s.jdbc.core.JdbcTemplate               : Executing prepared SQL update
2026-06-16T19:33:58.934+08:00 DEBUG 54320 --- [threat-platform] [           main] o.s.jdbc.core.JdbcTemplate               : Executing prepared SQL statement [INSERT INTO sys_role_permission (role_id, permission_id)
SELECT r.id, p.id
FROM sys_role r
JOIN sys_permission p ON p.permission_code = ?
WHERE r.role_code = ?
  AND NOT EXISTS (
    SELECT 1 FROM sys_role_permission rp
    WHERE rp.role_id = r.id AND rp.permission_id = p.id
)
]
2026-06-16T19:33:58.935+08:00 DEBUG 54320 --- [threat-platform] [           main] o.s.jdbc.core.JdbcTemplate               : Executing prepared SQL update
2026-06-16T19:33:58.935+08:00 DEBUG 54320 --- [threat-platform] [           main] o.s.jdbc.core.JdbcTemplate               : Executing prepared SQL statement [INSERT INTO sys_role_permission (role_id, permission_id)
SELECT r.id, p.id
FROM sys_role r
JOIN sys_permission p ON p.permission_code = ?
WHERE r.role_code = ?
  AND NOT EXISTS (
    SELECT 1 FROM sys_role_permission rp
    WHERE rp.role_id = r.id AND rp.permission_id = p.id
)
]
2026-06-16T19:33:58.936+08:00 DEBUG 54320 --- [threat-platform] [           main] o.s.jdbc.core.JdbcTemplate               : Executing prepared SQL update
2026-06-16T19:33:58.936+08:00 DEBUG 54320 --- [threat-platform] [           main] o.s.jdbc.core.JdbcTemplate               : Executing prepared SQL statement [INSERT INTO sys_role_permission (role_id, permission_id)
SELECT r.id, p.id
FROM sys_role r
JOIN sys_permission p ON p.permission_code = ?
WHERE r.role_code = ?
  AND NOT EXISTS (
    SELECT 1 FROM sys_role_permission rp
    WHERE rp.role_id = r.id AND rp.permission_id = p.id
)
]
2026-06-16T19:33:58.936+08:00 DEBUG 54320 --- [threat-platform] [           main] o.s.jdbc.core.JdbcTemplate               : Executing prepared SQL update
2026-06-16T19:33:58.937+08:00 DEBUG 54320 --- [threat-platform] [           main] o.s.jdbc.core.JdbcTemplate               : Executing prepared SQL statement [INSERT INTO sys_role_permission (role_id, permission_id)
SELECT r.id, p.id
FROM sys_role r
JOIN sys_permission p ON p.permission_code = ?
WHERE r.role_code = ?
  AND NOT EXISTS (
    SELECT 1 FROM sys_role_permission rp
    WHERE rp.role_id = r.id AND rp.permission_id = p.id
)
]
2026-06-16T19:33:58.937+08:00 DEBUG 54320 --- [threat-platform] [           main] o.s.jdbc.core.JdbcTemplate               : Executing prepared SQL update
2026-06-16T19:33:58.937+08:00 DEBUG 54320 --- [threat-platform] [           main] o.s.jdbc.core.JdbcTemplate               : Executing prepared SQL statement [INSERT INTO sys_role_permission (role_id, permission_id)
SELECT r.id, p.id
FROM sys_role r
JOIN sys_permission p ON p.permission_code = ?
WHERE r.role_code = ?
  AND NOT EXISTS (
    SELECT 1 FROM sys_role_permission rp
    WHERE rp.role_id = r.id AND rp.permission_id = p.id
)
]
2026-06-16T19:33:58.938+08:00 DEBUG 54320 --- [threat-platform] [           main] o.s.jdbc.core.JdbcTemplate               : Executing prepared SQL update
2026-06-16T19:33:58.938+08:00 DEBUG 54320 --- [threat-platform] [           main] o.s.jdbc.core.JdbcTemplate               : Executing prepared SQL statement [INSERT INTO sys_role_permission (role_id, permission_id)
SELECT r.id, p.id
FROM sys_role r
JOIN sys_permission p ON p.permission_code = ?
WHERE r.role_code = ?
  AND NOT EXISTS (
    SELECT 1 FROM sys_role_permission rp
    WHERE rp.role_id = r.id AND rp.permission_id = p.id
)
]
2026-06-16T19:33:58.938+08:00 DEBUG 54320 --- [threat-platform] [           main] o.s.jdbc.core.JdbcTemplate               : Executing prepared SQL update
2026-06-16T19:33:58.939+08:00 DEBUG 54320 --- [threat-platform] [           main] o.s.jdbc.core.JdbcTemplate               : Executing prepared SQL statement [INSERT INTO sys_role_permission (role_id, permission_id)
SELECT r.id, p.id
FROM sys_role r
JOIN sys_permission p ON p.permission_code = ?
WHERE r.role_code = ?
  AND NOT EXISTS (
    SELECT 1 FROM sys_role_permission rp
    WHERE rp.role_id = r.id AND rp.permission_id = p.id
)
]
2026-06-16T19:33:58.939+08:00 DEBUG 54320 --- [threat-platform] [           main] o.s.jdbc.core.JdbcTemplate               : Executing SQL statement [CREATE TABLE IF NOT EXISTS security_alerts (
    id BIGINT NOT NULL AUTO_INCREMENT,
    source_log_id BIGINT NOT NULL COMMENT '对应 windows_event_logs.id',
    host_id BIGINT NOT NULL,
    event_id INT NOT NULL,
    rule_code VARCHAR(64) DEFAULT NULL,
    dedup_key VARCHAR(255) DEFAULT NULL,
    alert_name VARCHAR(255) NOT NULL,
    level VARCHAR(20) NOT NULL COMMENT 'Critical/High/Medium/Low',
    risk_score INT DEFAULT 0,
    description VARCHAR(1000) DEFAULT NULL,
    evidence_json LONGTEXT,
    status VARCHAR(20) DEFAULT 'new' COMMENT 'new/acked/resolved/ignored',
    event_time DATETIME NOT NULL,
    create_time DATETIME DEFAULT CURRENT_TIMESTAMP,
    PRIMARY KEY (id),
    KEY idx_host_time (host_id, event_time),
    KEY idx_level (level),
    KEY idx_status (status),
    KEY idx_source_log (source_log_id),
    KEY idx_rule_code (rule_code),
    UNIQUE KEY uk_source_rule (source_log_id, rule_code),
    KEY idx_dedup_status_time (dedup_key, status, create_time)
)
]
2026-06-16T19:33:58.940+08:00 DEBUG 54320 --- [threat-platform] [           main] o.s.jdbc.core.JdbcTemplate               : SQLWarning ignored: SQL state '42S01', error code '1050', message [Table 'security_alerts' already exists]
2026-06-16T19:33:58.941+08:00 DEBUG 54320 --- [threat-platform] [           main] o.s.jdbc.core.JdbcTemplate               : Executing SQL statement [ALTER TABLE security_alerts ADD COLUMN rule_code VARCHAR(64) DEFAULT NULL]
2026-06-16T19:33:58.945+08:00 DEBUG 54320 --- [threat-platform] [           main] o.s.jdbc.core.JdbcTemplate               : Executing SQL statement [ALTER TABLE security_alerts ADD COLUMN dedup_key VARCHAR(255) DEFAULT NULL]
2026-06-16T19:33:58.950+08:00 DEBUG 54320 --- [threat-platform] [           main] o.s.jdbc.core.JdbcTemplate               : Executing SQL statement [ALTER TABLE security_alerts ADD COLUMN risk_score INT DEFAULT 0]
2026-06-16T19:33:58.954+08:00 DEBUG 54320 --- [threat-platform] [           main] o.s.jdbc.core.JdbcTemplate               : Executing SQL statement [ALTER TABLE security_alerts ADD COLUMN evidence_json LONGTEXT]
2026-06-16T19:33:58.959+08:00 DEBUG 54320 --- [threat-platform] [           main] o.s.jdbc.core.JdbcTemplate               : Executing SQL statement [ALTER TABLE security_alerts ADD INDEX idx_rule_code (rule_code)]
2026-06-16T19:33:58.963+08:00 DEBUG 54320 --- [threat-platform] [           main] o.s.jdbc.core.JdbcTemplate               : Executing SQL statement [ALTER TABLE security_alerts ADD UNIQUE INDEX uk_source_rule (source_log_id, rule_code)]
2026-06-16T19:33:58.968+08:00 DEBUG 54320 --- [threat-platform] [           main] o.s.jdbc.core.JdbcTemplate               : Executing SQL statement [ALTER TABLE security_alerts ADD INDEX idx_dedup_status_time (dedup_key, status, create_time)]
2026-06-16T19:33:58.971+08:00 DEBUG 54320 --- [threat-platform] [           main] o.s.jdbc.core.JdbcTemplate               : Executing SQL statement [CREATE TABLE IF NOT EXISTS baseline_workorder (
    id BIGINT NOT NULL AUTO_INCREMENT,
    result_id BIGINT DEFAULT NULL,
    host_id BIGINT NOT NULL,
    rule_id BIGINT DEFAULT NULL,
    title VARCHAR(255) DEFAULT NULL,
    advice TEXT DEFAULT NULL,
    assignee_id BIGINT DEFAULT NULL,
    priority VARCHAR(20) DEFAULT 'MEDIUM',
    status VARCHAR(32) NOT NULL DEFAULT 'OPEN',
    close_remark TEXT DEFAULT NULL,
    create_by BIGINT DEFAULT NULL,
    create_time DATETIME NOT NULL DEFAULT CURRENT_TIMESTAMP,
    start_time DATETIME DEFAULT NULL,
    finish_time DATETIME DEFAULT NULL,
    update_time DATETIME NOT NULL DEFAULT CURRENT_TIMESTAMP ON UPDATE CURRENT_TIMESTAMP,
    PRIMARY KEY (id),
    KEY idx_workorder_host (host_id),
    KEY idx_workorder_result (result_id),
    KEY idx_workorder_assignee (assignee_id)
) ENGINE=InnoDB DEFAULT CHARSET=utf8mb4 COMMENT='基线整改工单'
]
2026-06-16T19:33:58.973+08:00 DEBUG 54320 --- [threat-platform] [           main] o.s.jdbc.core.JdbcTemplate               : SQLWarning ignored: SQL state '42S01', error code '1050', message [Table 'baseline_workorder' already exists]
2026-06-16T19:33:58.974+08:00 DEBUG 54320 --- [threat-platform] [           main] o.s.jdbc.core.JdbcTemplate               : Executing prepared SQL query
2026-06-16T19:33:58.975+08:00 DEBUG 54320 --- [threat-platform] [           main] o.s.jdbc.core.JdbcTemplate               : Executing prepared SQL statement [SELECT COUNT(*)
FROM information_schema.COLUMNS
WHERE TABLE_SCHEMA = DATABASE()
  AND TABLE_NAME = ?
  AND COLUMN_NAME = ?
]
2026-06-16T19:33:58.991+08:00 DEBUG 54320 --- [threat-platform] [           main] o.s.jdbc.core.JdbcTemplate               : Executing prepared SQL query
2026-06-16T19:33:58.992+08:00 DEBUG 54320 --- [threat-platform] [           main] o.s.jdbc.core.JdbcTemplate               : Executing prepared SQL statement [SELECT COUNT(*)
FROM information_schema.COLUMNS
WHERE TABLE_SCHEMA = DATABASE()
  AND TABLE_NAME = ?
  AND COLUMN_NAME = ?
]
2026-06-16T19:33:58.997+08:00 DEBUG 54320 --- [threat-platform] [           main] o.s.jdbc.core.JdbcTemplate               : Executing prepared SQL query
2026-06-16T19:33:58.998+08:00 DEBUG 54320 --- [threat-platform] [           main] o.s.jdbc.core.JdbcTemplate               : Executing prepared SQL statement [SELECT COUNT(*)
FROM information_schema.COLUMNS
WHERE TABLE_SCHEMA = DATABASE()
  AND TABLE_NAME = ?
  AND COLUMN_NAME = ?
]
2026-06-16T19:33:59.003+08:00 DEBUG 54320 --- [threat-platform] [           main] o.s.jdbc.core.JdbcTemplate               : Executing prepared SQL query
2026-06-16T19:33:59.003+08:00 DEBUG 54320 --- [threat-platform] [           main] o.s.jdbc.core.JdbcTemplate               : Executing prepared SQL statement [SELECT COUNT(*)
FROM information_schema.COLUMNS
WHERE TABLE_SCHEMA = DATABASE()
  AND TABLE_NAME = ?
  AND COLUMN_NAME = ?
]
2026-06-16T19:33:59.017+08:00 DEBUG 54320 --- [threat-platform] [           main] o.s.jdbc.core.JdbcTemplate               : Executing prepared SQL query
2026-06-16T19:33:59.017+08:00 DEBUG 54320 --- [threat-platform] [           main] o.s.jdbc.core.JdbcTemplate               : Executing prepared SQL statement [SELECT COUNT(*)
FROM information_schema.COLUMNS
WHERE TABLE_SCHEMA = DATABASE()
  AND TABLE_NAME = ?
  AND COLUMN_NAME = ?
]
2026-06-16T19:33:59.022+08:00 DEBUG 54320 --- [threat-platform] [           main] o.s.jdbc.core.JdbcTemplate               : Executing prepared SQL query
2026-06-16T19:33:59.023+08:00 DEBUG 54320 --- [threat-platform] [           main] o.s.jdbc.core.JdbcTemplate               : Executing prepared SQL statement [SELECT COUNT(*)
FROM information_schema.COLUMNS
WHERE TABLE_SCHEMA = DATABASE()
  AND TABLE_NAME = ?
  AND COLUMN_NAME = ?
]
2026-06-16T19:33:59.027+08:00 DEBUG 54320 --- [threat-platform] [           main] o.s.jdbc.core.JdbcTemplate               : Executing prepared SQL query
2026-06-16T19:33:59.027+08:00 DEBUG 54320 --- [threat-platform] [           main] o.s.jdbc.core.JdbcTemplate               : Executing prepared SQL statement [SELECT COUNT(*)
FROM information_schema.COLUMNS
WHERE TABLE_SCHEMA = DATABASE()
  AND TABLE_NAME = ?
  AND COLUMN_NAME = ?
]
2026-06-16T19:33:59.033+08:00 DEBUG 54320 --- [threat-platform] [           main] o.s.jdbc.core.JdbcTemplate               : Executing prepared SQL query
2026-06-16T19:33:59.033+08:00 DEBUG 54320 --- [threat-platform] [           main] o.s.jdbc.core.JdbcTemplate               : Executing prepared SQL statement [SELECT COUNT(*)
FROM information_schema.COLUMNS
WHERE TABLE_SCHEMA = DATABASE()
  AND TABLE_NAME = ?
  AND COLUMN_NAME = ?
]
2026-06-16T19:33:59.037+08:00 DEBUG 54320 --- [threat-platform] [           main] o.s.jdbc.core.JdbcTemplate               : Executing prepared SQL query
2026-06-16T19:33:59.038+08:00 DEBUG 54320 --- [threat-platform] [           main] o.s.jdbc.core.JdbcTemplate               : Executing prepared SQL statement [SELECT COUNT(*)
FROM information_schema.COLUMNS
WHERE TABLE_SCHEMA = DATABASE()
  AND TABLE_NAME = ?
  AND COLUMN_NAME = ?
]
2026-06-16T19:33:59.043+08:00 DEBUG 54320 --- [threat-platform] [           main] o.s.jdbc.core.JdbcTemplate               : Executing prepared SQL query
2026-06-16T19:33:59.043+08:00 DEBUG 54320 --- [threat-platform] [           main] o.s.jdbc.core.JdbcTemplate               : Executing prepared SQL statement [SELECT COUNT(*)
FROM information_schema.COLUMNS
WHERE TABLE_SCHEMA = DATABASE()
  AND TABLE_NAME = ?
  AND COLUMN_NAME = ?
]
2026-06-16T19:33:59.047+08:00 DEBUG 54320 --- [threat-platform] [           main] o.s.jdbc.core.JdbcTemplate               : Executing prepared SQL query
2026-06-16T19:33:59.048+08:00 DEBUG 54320 --- [threat-platform] [           main] o.s.jdbc.core.JdbcTemplate               : Executing prepared SQL statement [SELECT COUNT(*)
FROM information_schema.COLUMNS
WHERE TABLE_SCHEMA = DATABASE()
  AND TABLE_NAME = ?
  AND COLUMN_NAME = ?
]
2026-06-16T19:33:59.053+08:00 DEBUG 54320 --- [threat-platform] [           main] o.s.jdbc.core.JdbcTemplate               : Executing prepared SQL query
2026-06-16T19:33:59.053+08:00 DEBUG 54320 --- [threat-platform] [           main] o.s.jdbc.core.JdbcTemplate               : Executing prepared SQL statement [SELECT COUNT(*)
FROM information_schema.COLUMNS
WHERE TABLE_SCHEMA = DATABASE()
  AND TABLE_NAME = ?
  AND COLUMN_NAME = ?
]
2026-06-16T19:33:59.058+08:00 DEBUG 54320 --- [threat-platform] [           main] o.s.jdbc.core.JdbcTemplate               : Executing prepared SQL update
2026-06-16T19:33:59.059+08:00 DEBUG 54320 --- [threat-platform] [           main] o.s.jdbc.core.JdbcTemplate               : Executing prepared SQL statement [INSERT INTO sys_permission (permission_code, permission_name, permission_type, path, status)
SELECT ?, ?, 'API', ?, 1
WHERE NOT EXISTS (SELECT 1 FROM sys_permission WHERE permission_code = ?)
]
2026-06-16T19:33:59.060+08:00 DEBUG 54320 --- [threat-platform] [           main] o.s.jdbc.core.JdbcTemplate               : Executing prepared SQL update
2026-06-16T19:33:59.060+08:00 DEBUG 54320 --- [threat-platform] [           main] o.s.jdbc.core.JdbcTemplate               : Executing prepared SQL statement [INSERT INTO sys_permission (permission_code, permission_name, permission_type, path, status)
SELECT ?, ?, 'API', ?, 1
WHERE NOT EXISTS (SELECT 1 FROM sys_permission WHERE permission_code = ?)
]
2026-06-16T19:33:59.060+08:00 DEBUG 54320 --- [threat-platform] [           main] o.s.jdbc.core.JdbcTemplate               : Executing prepared SQL update
2026-06-16T19:33:59.060+08:00 DEBUG 54320 --- [threat-platform] [           main] o.s.jdbc.core.JdbcTemplate               : Executing prepared SQL statement [INSERT INTO sys_permission (permission_code, permission_name, permission_type, path, status)
SELECT ?, ?, 'API', ?, 1
WHERE NOT EXISTS (SELECT 1 FROM sys_permission WHERE permission_code = ?)
]
2026-06-16T19:33:59.061+08:00 DEBUG 54320 --- [threat-platform] [           main] o.s.jdbc.core.JdbcTemplate               : Executing prepared SQL update
2026-06-16T19:33:59.061+08:00 DEBUG 54320 --- [threat-platform] [           main] o.s.jdbc.core.JdbcTemplate               : Executing prepared SQL statement [INSERT INTO sys_permission (permission_code, permission_name, permission_type, path, status)
SELECT ?, ?, 'API', ?, 1
WHERE NOT EXISTS (SELECT 1 FROM sys_permission WHERE permission_code = ?)
]
2026-06-16T19:33:59.062+08:00 DEBUG 54320 --- [threat-platform] [           main] o.s.jdbc.core.JdbcTemplate               : Executing prepared SQL update
2026-06-16T19:33:59.062+08:00 DEBUG 54320 --- [threat-platform] [           main] o.s.jdbc.core.JdbcTemplate               : Executing prepared SQL statement [INSERT INTO sys_permission (permission_code, permission_name, permission_type, path, status)
SELECT ?, ?, 'API', ?, 1
WHERE NOT EXISTS (SELECT 1 FROM sys_permission WHERE permission_code = ?)
]
2026-06-16T19:33:59.062+08:00 DEBUG 54320 --- [threat-platform] [           main] o.s.jdbc.core.JdbcTemplate               : Executing prepared SQL update
2026-06-16T19:33:59.062+08:00 DEBUG 54320 --- [threat-platform] [           main] o.s.jdbc.core.JdbcTemplate               : Executing prepared SQL statement [INSERT INTO sys_permission (permission_code, permission_name, permission_type, path, status)
SELECT ?, ?, 'API', ?, 1
WHERE NOT EXISTS (SELECT 1 FROM sys_permission WHERE permission_code = ?)
]
2026-06-16T19:33:59.064+08:00 DEBUG 54320 --- [threat-platform] [           main] o.s.jdbc.core.JdbcTemplate               : Executing prepared SQL update
2026-06-16T19:33:59.064+08:00 DEBUG 54320 --- [threat-platform] [           main] o.s.jdbc.core.JdbcTemplate               : Executing prepared SQL statement [INSERT INTO sys_permission (permission_code, permission_name, permission_type, path, status)
SELECT ?, ?, 'API', ?, 1
WHERE NOT EXISTS (SELECT 1 FROM sys_permission WHERE permission_code = ?)
]
2026-06-16T19:33:59.064+08:00 DEBUG 54320 --- [threat-platform] [           main] o.s.jdbc.core.JdbcTemplate               : Executing prepared SQL update
2026-06-16T19:33:59.064+08:00 DEBUG 54320 --- [threat-platform] [           main] o.s.jdbc.core.JdbcTemplate               : Executing prepared SQL statement [INSERT INTO sys_permission (permission_code, permission_name, permission_type, path, status)
SELECT ?, ?, 'API', ?, 1
WHERE NOT EXISTS (SELECT 1 FROM sys_permission WHERE permission_code = ?)
]
2026-06-16T19:33:59.065+08:00 DEBUG 54320 --- [threat-platform] [           main] o.s.jdbc.core.JdbcTemplate               : Executing prepared SQL update
2026-06-16T19:33:59.065+08:00 DEBUG 54320 --- [threat-platform] [           main] o.s.jdbc.core.JdbcTemplate               : Executing prepared SQL statement [INSERT INTO sys_permission (permission_code, permission_name, permission_type, path, status)
SELECT ?, ?, 'API', ?, 1
WHERE NOT EXISTS (SELECT 1 FROM sys_permission WHERE permission_code = ?)
]
2026-06-16T19:33:59.066+08:00 DEBUG 54320 --- [threat-platform] [           main] o.s.jdbc.core.JdbcTemplate               : Executing prepared SQL update
2026-06-16T19:33:59.066+08:00 DEBUG 54320 --- [threat-platform] [           main] o.s.jdbc.core.JdbcTemplate               : Executing prepared SQL statement [INSERT INTO sys_permission (permission_code, permission_name, permission_type, path, status)
SELECT ?, ?, 'API', ?, 1
WHERE NOT EXISTS (SELECT 1 FROM sys_permission WHERE permission_code = ?)
]
2026-06-16T19:33:59.066+08:00 DEBUG 54320 --- [threat-platform] [           main] o.s.jdbc.core.JdbcTemplate               : Executing prepared SQL update
2026-06-16T19:33:59.067+08:00 DEBUG 54320 --- [threat-platform] [           main] o.s.jdbc.core.JdbcTemplate               : Executing prepared SQL statement [INSERT INTO sys_role (role_code, role_name, status)
SELECT ?, ?, 1
WHERE NOT EXISTS (SELECT 1 FROM sys_role WHERE role_code = ?)
]
2026-06-16T19:33:59.067+08:00 DEBUG 54320 --- [threat-platform] [           main] o.s.jdbc.core.JdbcTemplate               : Executing prepared SQL update
2026-06-16T19:33:59.067+08:00 DEBUG 54320 --- [threat-platform] [           main] o.s.jdbc.core.JdbcTemplate               : Executing prepared SQL statement [INSERT INTO user (user_name, user_pwd, status)
SELECT ?, ?, 1
WHERE NOT EXISTS (SELECT 1 FROM user WHERE user_name = ?)
]
2026-06-16T19:33:59.068+08:00 DEBUG 54320 --- [threat-platform] [           main] o.s.jdbc.core.JdbcTemplate               : Executing prepared SQL update
2026-06-16T19:33:59.068+08:00 DEBUG 54320 --- [threat-platform] [           main] o.s.jdbc.core.JdbcTemplate               : Executing prepared SQL statement [INSERT INTO sys_user_role (user_id, role_id)
SELECT u.id, r.id
FROM user u
JOIN sys_role r ON r.role_code = ?
WHERE u.user_name = ?
  AND NOT EXISTS (
    SELECT 1 FROM sys_user_role ur WHERE ur.user_id = u.id AND ur.role_id = r.id
  )
]
2026-06-16T19:33:59.069+08:00 DEBUG 54320 --- [threat-platform] [           main] o.s.jdbc.core.JdbcTemplate               : Executing SQL query [SELECT COALESCE(MAX(sort_order), 0) FROM sys_menu]
2026-06-16T19:33:59.070+08:00 DEBUG 54320 --- [threat-platform] [           main] o.s.jdbc.core.JdbcTemplate               : Executing prepared SQL query
2026-06-16T19:33:59.070+08:00 DEBUG 54320 --- [threat-platform] [           main] o.s.jdbc.core.JdbcTemplate               : Executing prepared SQL statement [SELECT id FROM sys_permission WHERE permission_code = ?]
2026-06-16T19:33:59.071+08:00 DEBUG 54320 --- [threat-platform] [           main] o.s.jdbc.core.JdbcTemplate               : Executing prepared SQL update
2026-06-16T19:33:59.071+08:00 DEBUG 54320 --- [threat-platform] [           main] o.s.jdbc.core.JdbcTemplate               : Executing prepared SQL statement [INSERT INTO sys_menu (menu_code, menu_name, menu_path, menu_icon, permission_id, sort_order, status, parent_id)
SELECT 'baseline_module', '合规基线', '#', 'layui-icon-component', ?, ?, 1, NULL
WHERE NOT EXISTS (SELECT 1 FROM sys_menu WHERE menu_code = 'baseline_module')
]
2026-06-16T19:33:59.071+08:00 DEBUG 54320 --- [threat-platform] [           main] o.s.jdbc.core.JdbcTemplate               : Executing prepared SQL query
2026-06-16T19:33:59.072+08:00 DEBUG 54320 --- [threat-platform] [           main] o.s.jdbc.core.JdbcTemplate               : Executing prepared SQL statement [SELECT id FROM sys_menu WHERE menu_code = ?]
2026-06-16T19:33:59.072+08:00 DEBUG 54320 --- [threat-platform] [           main] o.s.jdbc.core.JdbcTemplate               : Executing prepared SQL update
2026-06-16T19:33:59.073+08:00 DEBUG 54320 --- [threat-platform] [           main] o.s.jdbc.core.JdbcTemplate               : Executing prepared SQL statement [INSERT INTO sys_menu (menu_code, menu_name, menu_path, menu_icon, permission_id, sort_order, status, parent_id)
SELECT ?, ?, ?, ?, ?, ?, 1, ?
WHERE NOT EXISTS (SELECT 1 FROM sys_menu WHERE menu_code = ?)
]
2026-06-16T19:33:59.073+08:00 DEBUG 54320 --- [threat-platform] [           main] o.s.jdbc.core.JdbcTemplate               : Executing prepared SQL update
2026-06-16T19:33:59.073+08:00 DEBUG 54320 --- [threat-platform] [           main] o.s.jdbc.core.JdbcTemplate               : Executing prepared SQL statement [UPDATE sys_menu
SET parent_id = ?, menu_path = ?, permission_id = ?
WHERE menu_code = ?
]
2026-06-16T19:33:59.074+08:00 DEBUG 54320 --- [threat-platform] [           main] o.s.jdbc.core.JdbcTemplate               : Executing prepared SQL update
2026-06-16T19:33:59.074+08:00 DEBUG 54320 --- [threat-platform] [           main] o.s.jdbc.core.JdbcTemplate               : Executing prepared SQL statement [INSERT INTO sys_menu (menu_code, menu_name, menu_path, menu_icon, permission_id, sort_order, status, parent_id)
SELECT ?, ?, ?, ?, ?, ?, 1, ?
WHERE NOT EXISTS (SELECT 1 FROM sys_menu WHERE menu_code = ?)
]
2026-06-16T19:33:59.075+08:00 DEBUG 54320 --- [threat-platform] [           main] o.s.jdbc.core.JdbcTemplate               : Executing prepared SQL update
2026-06-16T19:33:59.075+08:00 DEBUG 54320 --- [threat-platform] [           main] o.s.jdbc.core.JdbcTemplate               : Executing prepared SQL statement [UPDATE sys_menu
SET parent_id = ?, menu_path = ?, permission_id = ?
WHERE menu_code = ?
]
2026-06-16T19:33:59.075+08:00 DEBUG 54320 --- [threat-platform] [           main] o.s.jdbc.core.JdbcTemplate               : Executing prepared SQL query
2026-06-16T19:33:59.076+08:00 DEBUG 54320 --- [threat-platform] [           main] o.s.jdbc.core.JdbcTemplate               : Executing prepared SQL statement [SELECT id FROM sys_permission WHERE permission_code = ?]
2026-06-16T19:33:59.076+08:00 DEBUG 54320 --- [threat-platform] [           main] o.s.jdbc.core.JdbcTemplate               : Executing prepared SQL update
2026-06-16T19:33:59.076+08:00 DEBUG 54320 --- [threat-platform] [           main] o.s.jdbc.core.JdbcTemplate               : Executing prepared SQL statement [INSERT INTO sys_menu (menu_code, menu_name, menu_path, menu_icon, permission_id, sort_order, status, parent_id)
SELECT ?, ?, ?, ?, ?, ?, 1, ?
WHERE NOT EXISTS (SELECT 1 FROM sys_menu WHERE menu_code = ?)
]
2026-06-16T19:33:59.077+08:00 DEBUG 54320 --- [threat-platform] [           main] o.s.jdbc.core.JdbcTemplate               : Executing prepared SQL update
2026-06-16T19:33:59.077+08:00 DEBUG 54320 --- [threat-platform] [           main] o.s.jdbc.core.JdbcTemplate               : Executing prepared SQL statement [UPDATE sys_menu
SET parent_id = ?, menu_path = ?, permission_id = ?
WHERE menu_code = ?
]
2026-06-16T19:33:59.078+08:00 DEBUG 54320 --- [threat-platform] [           main] o.s.jdbc.core.JdbcTemplate               : Executing prepared SQL query
2026-06-16T19:33:59.078+08:00 DEBUG 54320 --- [threat-platform] [           main] o.s.jdbc.core.JdbcTemplate               : Executing prepared SQL statement [SELECT id FROM sys_permission WHERE permission_code = ?]
2026-06-16T19:33:59.079+08:00 DEBUG 54320 --- [threat-platform] [           main] o.s.jdbc.core.JdbcTemplate               : Executing prepared SQL update
2026-06-16T19:33:59.079+08:00 DEBUG 54320 --- [threat-platform] [           main] o.s.jdbc.core.JdbcTemplate               : Executing prepared SQL statement [INSERT INTO sys_menu (menu_code, menu_name, menu_path, menu_icon, permission_id, sort_order, status, parent_id)
SELECT ?, ?, ?, ?, ?, ?, 1, ?
WHERE NOT EXISTS (SELECT 1 FROM sys_menu WHERE menu_code = ?)
]
2026-06-16T19:33:59.079+08:00 DEBUG 54320 --- [threat-platform] [           main] o.s.jdbc.core.JdbcTemplate               : Executing prepared SQL update
2026-06-16T19:33:59.080+08:00 DEBUG 54320 --- [threat-platform] [           main] o.s.jdbc.core.JdbcTemplate               : Executing prepared SQL statement [UPDATE sys_menu
SET parent_id = ?, menu_path = ?, permission_id = ?
WHERE menu_code = ?
]
2026-06-16T19:33:59.081+08:00 DEBUG 54320 --- [threat-platform] [           main] o.s.jdbc.core.JdbcTemplate               : Executing prepared SQL update
2026-06-16T19:33:59.081+08:00 DEBUG 54320 --- [threat-platform] [           main] o.s.jdbc.core.JdbcTemplate               : Executing prepared SQL statement [INSERT INTO sys_role_permission (role_id, permission_id)
SELECT r.id, p.id
FROM sys_role r
JOIN sys_permission p ON p.permission_code = ?
WHERE r.role_code = ?
  AND NOT EXISTS (
    SELECT 1 FROM sys_role_permission rp
    WHERE rp.role_id = r.id AND rp.permission_id = p.id
)
]
2026-06-16T19:33:59.082+08:00 DEBUG 54320 --- [threat-platform] [           main] o.s.jdbc.core.JdbcTemplate               : Executing prepared SQL update
2026-06-16T19:33:59.082+08:00 DEBUG 54320 --- [threat-platform] [           main] o.s.jdbc.core.JdbcTemplate               : Executing prepared SQL statement [INSERT INTO sys_role_permission (role_id, permission_id)
SELECT r.id, p.id
FROM sys_role r
JOIN sys_permission p ON p.permission_code = ?
WHERE r.role_code = ?
  AND NOT EXISTS (
    SELECT 1 FROM sys_role_permission rp
    WHERE rp.role_id = r.id AND rp.permission_id = p.id
)
]
2026-06-16T19:33:59.083+08:00 DEBUG 54320 --- [threat-platform] [           main] o.s.jdbc.core.JdbcTemplate               : Executing prepared SQL update
2026-06-16T19:33:59.083+08:00 DEBUG 54320 --- [threat-platform] [           main] o.s.jdbc.core.JdbcTemplate               : Executing prepared SQL statement [INSERT INTO sys_role_permission (role_id, permission_id)
SELECT r.id, p.id
FROM sys_role r
JOIN sys_permission p ON p.permission_code = ?
WHERE r.role_code = ?
  AND NOT EXISTS (
    SELECT 1 FROM sys_role_permission rp
    WHERE rp.role_id = r.id AND rp.permission_id = p.id
)
]
2026-06-16T19:33:59.084+08:00 DEBUG 54320 --- [threat-platform] [           main] o.s.jdbc.core.JdbcTemplate               : Executing prepared SQL update
2026-06-16T19:33:59.084+08:00 DEBUG 54320 --- [threat-platform] [           main] o.s.jdbc.core.JdbcTemplate               : Executing prepared SQL statement [INSERT INTO sys_role_permission (role_id, permission_id)
SELECT r.id, p.id
FROM sys_role r
JOIN sys_permission p ON p.permission_code = ?
WHERE r.role_code = ?
  AND NOT EXISTS (
    SELECT 1 FROM sys_role_permission rp
    WHERE rp.role_id = r.id AND rp.permission_id = p.id
)
]
2026-06-16T19:33:59.085+08:00 DEBUG 54320 --- [threat-platform] [           main] o.s.jdbc.core.JdbcTemplate               : Executing prepared SQL update
2026-06-16T19:33:59.085+08:00 DEBUG 54320 --- [threat-platform] [           main] o.s.jdbc.core.JdbcTemplate               : Executing prepared SQL statement [INSERT INTO sys_role_permission (role_id, permission_id)
SELECT r.id, p.id
FROM sys_role r
JOIN sys_permission p ON p.permission_code = ?
WHERE r.role_code = ?
  AND NOT EXISTS (
    SELECT 1 FROM sys_role_permission rp
    WHERE rp.role_id = r.id AND rp.permission_id = p.id
)
]
2026-06-16T19:33:59.085+08:00 DEBUG 54320 --- [threat-platform] [           main] o.s.jdbc.core.JdbcTemplate               : Executing prepared SQL update
2026-06-16T19:33:59.085+08:00 DEBUG 54320 --- [threat-platform] [           main] o.s.jdbc.core.JdbcTemplate               : Executing prepared SQL statement [INSERT INTO sys_role_permission (role_id, permission_id)
SELECT r.id, p.id
FROM sys_role r
JOIN sys_permission p ON p.permission_code = ?
WHERE r.role_code = ?
  AND NOT EXISTS (
    SELECT 1 FROM sys_role_permission rp
    WHERE rp.role_id = r.id AND rp.permission_id = p.id
)
]
2026-06-16T19:33:59.085+08:00 DEBUG 54320 --- [threat-platform] [           main] o.s.jdbc.core.JdbcTemplate               : Executing prepared SQL update
2026-06-16T19:33:59.087+08:00 DEBUG 54320 --- [threat-platform] [           main] o.s.jdbc.core.JdbcTemplate               : Executing prepared SQL statement [INSERT INTO sys_role_permission (role_id, permission_id)
SELECT r.id, p.id
FROM sys_role r
JOIN sys_permission p ON p.permission_code = ?
WHERE r.role_code = ?
  AND NOT EXISTS (
    SELECT 1 FROM sys_role_permission rp
    WHERE rp.role_id = r.id AND rp.permission_id = p.id
)
]
2026-06-16T19:33:59.087+08:00 DEBUG 54320 --- [threat-platform] [           main] o.s.jdbc.core.JdbcTemplate               : Executing prepared SQL update
2026-06-16T19:33:59.087+08:00 DEBUG 54320 --- [threat-platform] [           main] o.s.jdbc.core.JdbcTemplate               : Executing prepared SQL statement [INSERT INTO sys_role_permission (role_id, permission_id)
SELECT r.id, p.id
FROM sys_role r
JOIN sys_permission p ON p.permission_code = ?
WHERE r.role_code = ?
  AND NOT EXISTS (
    SELECT 1 FROM sys_role_permission rp
    WHERE rp.role_id = r.id AND rp.permission_id = p.id
)
]
2026-06-16T19:33:59.088+08:00 DEBUG 54320 --- [threat-platform] [           main] o.s.jdbc.core.JdbcTemplate               : Executing prepared SQL update
2026-06-16T19:33:59.088+08:00 DEBUG 54320 --- [threat-platform] [           main] o.s.jdbc.core.JdbcTemplate               : Executing prepared SQL statement [INSERT INTO sys_role_permission (role_id, permission_id)
SELECT r.id, p.id
FROM sys_role r
JOIN sys_permission p ON p.permission_code = ?
WHERE r.role_code = ?
  AND NOT EXISTS (
    SELECT 1 FROM sys_role_permission rp
    WHERE rp.role_id = r.id AND rp.permission_id = p.id
)
]
2026-06-16T19:33:59.088+08:00 DEBUG 54320 --- [threat-platform] [           main] o.s.jdbc.core.JdbcTemplate               : Executing prepared SQL update
2026-06-16T19:33:59.088+08:00 DEBUG 54320 --- [threat-platform] [           main] o.s.jdbc.core.JdbcTemplate               : Executing prepared SQL statement [INSERT INTO sys_role_permission (role_id, permission_id)
SELECT r.id, p.id
FROM sys_role r
JOIN sys_permission p ON p.permission_code = ?
WHERE r.role_code = ?
  AND NOT EXISTS (
    SELECT 1 FROM sys_role_permission rp
    WHERE rp.role_id = r.id AND rp.permission_id = p.id
)
]
2026-06-16T19:33:59.089+08:00 DEBUG 54320 --- [threat-platform] [           main] o.s.jdbc.core.JdbcTemplate               : Executing prepared SQL update
2026-06-16T19:33:59.089+08:00 DEBUG 54320 --- [threat-platform] [           main] o.s.jdbc.core.JdbcTemplate               : Executing prepared SQL statement [INSERT INTO sys_role_permission (role_id, permission_id)
SELECT r.id, p.id
FROM sys_role r
JOIN sys_permission p ON p.permission_code = ?
WHERE r.role_code = ?
  AND NOT EXISTS (
    SELECT 1 FROM sys_role_permission rp
    WHERE rp.role_id = r.id AND rp.permission_id = p.id
)
]
2026-06-16T19:33:59.090+08:00 DEBUG 54320 --- [threat-platform] [           main] o.s.jdbc.core.JdbcTemplate               : Executing prepared SQL update
2026-06-16T19:33:59.090+08:00 DEBUG 54320 --- [threat-platform] [           main] o.s.jdbc.core.JdbcTemplate               : Executing prepared SQL statement [INSERT INTO sys_role_permission (role_id, permission_id)
SELECT r.id, p.id
FROM sys_role r
JOIN sys_permission p ON p.permission_code = ?
WHERE r.role_code = ?
  AND NOT EXISTS (
    SELECT 1 FROM sys_role_permission rp
    WHERE rp.role_id = r.id AND rp.permission_id = p.id
)
]
2026-06-16T19:33:59.091+08:00 DEBUG 54320 --- [threat-platform] [           main] o.s.jdbc.core.JdbcTemplate               : Executing prepared SQL update
2026-06-16T19:33:59.091+08:00 DEBUG 54320 --- [threat-platform] [           main] o.s.jdbc.core.JdbcTemplate               : Executing prepared SQL statement [INSERT INTO sys_role_permission (role_id, permission_id)
SELECT r.id, p.id
FROM sys_role r
JOIN sys_permission p ON p.permission_code = ?
WHERE r.role_code = ?
  AND NOT EXISTS (
    SELECT 1 FROM sys_role_permission rp
    WHERE rp.role_id = r.id AND rp.permission_id = p.id
)
]
2026-06-16T19:33:59.092+08:00 DEBUG 54320 --- [threat-platform] [           main] o.s.jdbc.core.JdbcTemplate               : Executing prepared SQL update
2026-06-16T19:33:59.092+08:00 DEBUG 54320 --- [threat-platform] [           main] o.s.jdbc.core.JdbcTemplate               : Executing prepared SQL statement [INSERT INTO sys_role_permission (role_id, permission_id)
SELECT r.id, p.id
FROM sys_role r
JOIN sys_permission p ON p.permission_code = ?
WHERE r.role_code = ?
  AND NOT EXISTS (
    SELECT 1 FROM sys_role_permission rp
    WHERE rp.role_id = r.id AND rp.permission_id = p.id
)
]
2026-06-16T19:33:59.092+08:00 DEBUG 54320 --- [threat-platform] [           main] o.s.jdbc.core.JdbcTemplate               : Executing prepared SQL update
2026-06-16T19:33:59.093+08:00 DEBUG 54320 --- [threat-platform] [           main] o.s.jdbc.core.JdbcTemplate               : Executing prepared SQL statement [INSERT INTO sys_role_permission (role_id, permission_id)
SELECT r.id, p.id
FROM sys_role r
JOIN sys_permission p ON p.permission_code = ?
WHERE r.role_code = ?
  AND NOT EXISTS (
    SELECT 1 FROM sys_role_permission rp
    WHERE rp.role_id = r.id AND rp.permission_id = p.id
)
]
2026-06-16T19:33:59.093+08:00 DEBUG 54320 --- [threat-platform] [           main] o.s.jdbc.core.JdbcTemplate               : Executing prepared SQL update
2026-06-16T19:33:59.093+08:00 DEBUG 54320 --- [threat-platform] [           main] o.s.jdbc.core.JdbcTemplate               : Executing prepared SQL statement [INSERT INTO sys_role_permission (role_id, permission_id)
SELECT r.id, p.id
FROM sys_role r
JOIN sys_permission p ON p.permission_code = ?
WHERE r.role_code = ?
  AND NOT EXISTS (
    SELECT 1 FROM sys_role_permission rp
    WHERE rp.role_id = r.id AND rp.permission_id = p.id
)
]
2026-06-16T19:33:59.094+08:00 DEBUG 54320 --- [threat-platform] [           main] o.s.jdbc.core.JdbcTemplate               : Executing prepared SQL update
2026-06-16T19:33:59.094+08:00 DEBUG 54320 --- [threat-platform] [           main] o.s.jdbc.core.JdbcTemplate               : Executing prepared SQL statement [INSERT INTO sys_role_permission (role_id, permission_id)
SELECT r.id, p.id
FROM sys_role r
JOIN sys_permission p ON p.permission_code = ?
WHERE r.role_code = ?
  AND NOT EXISTS (
    SELECT 1 FROM sys_role_permission rp
    WHERE rp.role_id = r.id AND rp.permission_id = p.id
)
]
2026-06-16T19:33:59.094+08:00 DEBUG 54320 --- [threat-platform] [           main] o.s.jdbc.core.JdbcTemplate               : Executing prepared SQL update
2026-06-16T19:33:59.095+08:00 DEBUG 54320 --- [threat-platform] [           main] o.s.jdbc.core.JdbcTemplate               : Executing prepared SQL statement [INSERT INTO sys_permission (permission_code, permission_name, permission_type, path, status)
SELECT ?, ?, 'API', ?, 1
WHERE NOT EXISTS (SELECT 1 FROM sys_permission WHERE permission_code = ?)
]
2026-06-16T19:33:59.096+08:00 DEBUG 54320 --- [threat-platform] [           main] o.s.jdbc.core.JdbcTemplate               : Executing prepared SQL update
2026-06-16T19:33:59.096+08:00 DEBUG 54320 --- [threat-platform] [           main] o.s.jdbc.core.JdbcTemplate               : Executing prepared SQL statement [INSERT INTO sys_permission (permission_code, permission_name, permission_type, path, status)
SELECT ?, ?, 'API', ?, 1
WHERE NOT EXISTS (SELECT 1 FROM sys_permission WHERE permission_code = ?)
]
2026-06-16T19:33:59.096+08:00 DEBUG 54320 --- [threat-platform] [           main] o.s.jdbc.core.JdbcTemplate               : Executing prepared SQL update
2026-06-16T19:33:59.097+08:00 DEBUG 54320 --- [threat-platform] [           main] o.s.jdbc.core.JdbcTemplate               : Executing prepared SQL statement [INSERT INTO sys_permission (permission_code, permission_name, permission_type, path, status)
SELECT ?, ?, 'API', ?, 1
WHERE NOT EXISTS (SELECT 1 FROM sys_permission WHERE permission_code = ?)
]
2026-06-16T19:33:59.097+08:00 DEBUG 54320 --- [threat-platform] [           main] o.s.jdbc.core.JdbcTemplate               : Executing prepared SQL query
2026-06-16T19:33:59.097+08:00 DEBUG 54320 --- [threat-platform] [           main] o.s.jdbc.core.JdbcTemplate               : Executing prepared SQL statement [SELECT id FROM sys_permission WHERE permission_code = ?]
2026-06-16T19:33:59.098+08:00 DEBUG 54320 --- [threat-platform] [           main] o.s.jdbc.core.JdbcTemplate               : Executing SQL query [SELECT COALESCE(MAX(sort_order), 0) FROM sys_menu]
2026-06-16T19:33:59.099+08:00 DEBUG 54320 --- [threat-platform] [           main] o.s.jdbc.core.JdbcTemplate               : Executing prepared SQL update
2026-06-16T19:33:59.100+08:00 DEBUG 54320 --- [threat-platform] [           main] o.s.jdbc.core.JdbcTemplate               : Executing prepared SQL statement [INSERT INTO sys_menu (menu_code, menu_name, menu_path, menu_icon, permission_id, sort_order, status, parent_id)
SELECT 'security_log_parent', '安全日志', '#', 'layui-icon-log', ?, ?, 1, NULL
WHERE NOT EXISTS (SELECT 1 FROM sys_menu WHERE menu_code = 'security_log_parent')
]
2026-06-16T19:33:59.100+08:00 DEBUG 54320 --- [threat-platform] [           main] o.s.jdbc.core.JdbcTemplate               : Executing prepared SQL query
2026-06-16T19:33:59.101+08:00 DEBUG 54320 --- [threat-platform] [           main] o.s.jdbc.core.JdbcTemplate               : Executing prepared SQL statement [SELECT id FROM sys_menu WHERE menu_code = ?]
2026-06-16T19:33:59.102+08:00 DEBUG 54320 --- [threat-platform] [           main] o.s.jdbc.core.JdbcTemplate               : Executing SQL query [SELECT COALESCE(MAX(sort_order), 0) FROM sys_menu]
2026-06-16T19:33:59.103+08:00 DEBUG 54320 --- [threat-platform] [           main] o.s.jdbc.core.JdbcTemplate               : Executing prepared SQL update
2026-06-16T19:33:59.103+08:00 DEBUG 54320 --- [threat-platform] [           main] o.s.jdbc.core.JdbcTemplate               : Executing prepared SQL statement [INSERT INTO sys_menu (menu_code, menu_name, menu_path, menu_icon, permission_id, sort_order, status, parent_id)
SELECT ?, ?, ?, ?, ?, ?, 1, ?
WHERE NOT EXISTS (SELECT 1 FROM sys_menu WHERE menu_code = ?)
]
2026-06-16T19:33:59.103+08:00 DEBUG 54320 --- [threat-platform] [           main] o.s.jdbc.core.JdbcTemplate               : Executing prepared SQL update
2026-06-16T19:33:59.103+08:00 DEBUG 54320 --- [threat-platform] [           main] o.s.jdbc.core.JdbcTemplate               : Executing prepared SQL statement [UPDATE sys_menu
SET parent_id = ?, menu_path = './pages/security-event.html', permission_id = ?
WHERE menu_code = 'security_event'
]
2026-06-16T19:33:59.104+08:00 DEBUG 54320 --- [threat-platform] [           main] o.s.jdbc.core.JdbcTemplate               : Executing prepared SQL update
2026-06-16T19:33:59.105+08:00 DEBUG 54320 --- [threat-platform] [           main] o.s.jdbc.core.JdbcTemplate               : Executing prepared SQL statement [INSERT INTO sys_role_permission (role_id, permission_id)
SELECT r.id, p.id
FROM sys_role r
JOIN sys_permission p ON p.permission_code = ?
WHERE r.role_code = ?
  AND NOT EXISTS (
    SELECT 1 FROM sys_role_permission rp
    WHERE rp.role_id = r.id AND rp.permission_id = p.id
)
]
2026-06-16T19:33:59.106+08:00 DEBUG 54320 --- [threat-platform] [           main] o.s.jdbc.core.JdbcTemplate               : Executing prepared SQL update
2026-06-16T19:33:59.106+08:00 DEBUG 54320 --- [threat-platform] [           main] o.s.jdbc.core.JdbcTemplate               : Executing prepared SQL statement [INSERT INTO sys_role_permission (role_id, permission_id)
SELECT r.id, p.id
FROM sys_role r
JOIN sys_permission p ON p.permission_code = ?
WHERE r.role_code = ?
  AND NOT EXISTS (
    SELECT 1 FROM sys_role_permission rp
    WHERE rp.role_id = r.id AND rp.permission_id = p.id
)
]
2026-06-16T19:33:59.107+08:00 DEBUG 54320 --- [threat-platform] [           main] o.s.jdbc.core.JdbcTemplate               : Executing prepared SQL update
2026-06-16T19:33:59.107+08:00 DEBUG 54320 --- [threat-platform] [           main] o.s.jdbc.core.JdbcTemplate               : Executing prepared SQL statement [INSERT INTO sys_role_permission (role_id, permission_id)
SELECT r.id, p.id
FROM sys_role r
JOIN sys_permission p ON p.permission_code = ?
WHERE r.role_code = ?
  AND NOT EXISTS (
    SELECT 1 FROM sys_role_permission rp
    WHERE rp.role_id = r.id AND rp.permission_id = p.id
)
]
2026-06-16T19:33:59.108+08:00 DEBUG 54320 --- [threat-platform] [           main] o.s.jdbc.core.JdbcTemplate               : Executing prepared SQL update
2026-06-16T19:33:59.108+08:00 DEBUG 54320 --- [threat-platform] [           main] o.s.jdbc.core.JdbcTemplate               : Executing prepared SQL statement [INSERT INTO sys_role_permission (role_id, permission_id)
SELECT r.id, p.id
FROM sys_role r
JOIN sys_permission p ON p.permission_code = ?
WHERE r.role_code = ?
  AND NOT EXISTS (
    SELECT 1 FROM sys_role_permission rp
    WHERE rp.role_id = r.id AND rp.permission_id = p.id
)
]
2026-06-16T19:33:59.109+08:00 DEBUG 54320 --- [threat-platform] [           main] o.s.jdbc.core.JdbcTemplate               : Executing prepared SQL update
2026-06-16T19:33:59.109+08:00 DEBUG 54320 --- [threat-platform] [           main] o.s.jdbc.core.JdbcTemplate               : Executing prepared SQL statement [INSERT INTO sys_role_permission (role_id, permission_id)
SELECT r.id, p.id
FROM sys_role r
JOIN sys_permission p ON p.permission_code = ?
WHERE r.role_code = ?
  AND NOT EXISTS (
    SELECT 1 FROM sys_role_permission rp
    WHERE rp.role_id = r.id AND rp.permission_id = p.id
)
]
2026-06-16T19:33:59.109+08:00 DEBUG 54320 --- [threat-platform] [           main] o.s.jdbc.core.JdbcTemplate               : Executing prepared SQL update
2026-06-16T19:33:59.109+08:00 DEBUG 54320 --- [threat-platform] [           main] o.s.jdbc.core.JdbcTemplate               : Executing prepared SQL statement [INSERT INTO sys_role_permission (role_id, permission_id)
SELECT r.id, p.id
FROM sys_role r
JOIN sys_permission p ON p.permission_code = ?
WHERE r.role_code = ?
  AND NOT EXISTS (
    SELECT 1 FROM sys_role_permission rp
    WHERE rp.role_id = r.id AND rp.permission_id = p.id
)
]
2026-06-16T19:33:59.110+08:00 DEBUG 54320 --- [threat-platform] [           main] o.s.jdbc.core.JdbcTemplate               : Executing prepared SQL update
2026-06-16T19:33:59.110+08:00 DEBUG 54320 --- [threat-platform] [           main] o.s.jdbc.core.JdbcTemplate               : Executing prepared SQL statement [INSERT INTO sys_role_permission (role_id, permission_id)
SELECT r.id, p.id
FROM sys_role r
JOIN sys_permission p ON p.permission_code = ?
WHERE r.role_code = ?
  AND NOT EXISTS (
    SELECT 1 FROM sys_role_permission rp
    WHERE rp.role_id = r.id AND rp.permission_id = p.id
)
]
2026-06-16T19:33:59.110+08:00 DEBUG 54320 --- [threat-platform] [           main] o.s.jdbc.core.JdbcTemplate               : Executing prepared SQL update
2026-06-16T19:33:59.111+08:00 DEBUG 54320 --- [threat-platform] [           main] o.s.jdbc.core.JdbcTemplate               : Executing prepared SQL statement [INSERT INTO sys_role_permission (role_id, permission_id)
SELECT r.id, p.id
FROM sys_role r
JOIN sys_permission p ON p.permission_code = ?
WHERE r.role_code = ?
  AND NOT EXISTS (
    SELECT 1 FROM sys_role_permission rp
    WHERE rp.role_id = r.id AND rp.permission_id = p.id
)
]
2026-06-16T19:33:59.111+08:00 DEBUG 54320 --- [threat-platform] [           main] o.s.jdbc.core.JdbcTemplate               : Executing prepared SQL update
2026-06-16T19:33:59.111+08:00 DEBUG 54320 --- [threat-platform] [           main] o.s.jdbc.core.JdbcTemplate               : Executing prepared SQL statement [INSERT INTO sys_permission (permission_code, permission_name, permission_type, path, status)
SELECT ?, ?, 'API', ?, 1
WHERE NOT EXISTS (SELECT 1 FROM sys_permission WHERE permission_code = ?)
]
2026-06-16T19:33:59.111+08:00 DEBUG 54320 --- [threat-platform] [           main] o.s.jdbc.core.JdbcTemplate               : Executing prepared SQL update
2026-06-16T19:33:59.111+08:00 DEBUG 54320 --- [threat-platform] [           main] o.s.jdbc.core.JdbcTemplate               : Executing prepared SQL statement [INSERT INTO sys_permission (permission_code, permission_name, permission_type, path, status)
SELECT ?, ?, 'API', ?, 1
WHERE NOT EXISTS (SELECT 1 FROM sys_permission WHERE permission_code = ?)
]
2026-06-16T19:33:59.112+08:00 DEBUG 54320 --- [threat-platform] [           main] o.s.jdbc.core.JdbcTemplate               : Executing prepared SQL query
2026-06-16T19:33:59.112+08:00 DEBUG 54320 --- [threat-platform] [           main] o.s.jdbc.core.JdbcTemplate               : Executing prepared SQL statement [SELECT id FROM sys_permission WHERE permission_code = ?]
2026-06-16T19:33:59.112+08:00 DEBUG 54320 --- [threat-platform] [           main] o.s.jdbc.core.JdbcTemplate               : Executing prepared SQL query
2026-06-16T19:33:59.112+08:00 DEBUG 54320 --- [threat-platform] [           main] o.s.jdbc.core.JdbcTemplate               : Executing prepared SQL statement [SELECT id FROM sys_permission WHERE permission_code = ?]
2026-06-16T19:33:59.113+08:00 DEBUG 54320 --- [threat-platform] [           main] o.s.jdbc.core.JdbcTemplate               : Executing SQL query [SELECT COALESCE(MAX(sort_order), 0) FROM sys_menu]
2026-06-16T19:33:59.113+08:00 DEBUG 54320 --- [threat-platform] [           main] o.s.jdbc.core.JdbcTemplate               : Executing prepared SQL update
2026-06-16T19:33:59.114+08:00 DEBUG 54320 --- [threat-platform] [           main] o.s.jdbc.core.JdbcTemplate               : Executing prepared SQL statement [INSERT INTO sys_menu (menu_code, menu_name, menu_path, menu_icon, permission_id, sort_order, status, parent_id)
SELECT 'security_log_parent', '安全日志', '#', 'layui-icon-log', ?, ?, 1, NULL
WHERE NOT EXISTS (SELECT 1 FROM sys_menu WHERE menu_code = 'security_log_parent')
]
2026-06-16T19:33:59.115+08:00 DEBUG 54320 --- [threat-platform] [           main] o.s.jdbc.core.JdbcTemplate               : Executing prepared SQL query
2026-06-16T19:33:59.115+08:00 DEBUG 54320 --- [threat-platform] [           main] o.s.jdbc.core.JdbcTemplate               : Executing prepared SQL statement [SELECT id FROM sys_menu WHERE menu_code = ?]
2026-06-16T19:33:59.117+08:00 DEBUG 54320 --- [threat-platform] [           main] o.s.jdbc.core.JdbcTemplate               : Executing SQL query [SELECT COALESCE(MAX(sort_order), 0) FROM sys_menu]
2026-06-16T19:33:59.117+08:00 DEBUG 54320 --- [threat-platform] [           main] o.s.jdbc.core.JdbcTemplate               : Executing prepared SQL update
2026-06-16T19:33:59.117+08:00 DEBUG 54320 --- [threat-platform] [           main] o.s.jdbc.core.JdbcTemplate               : Executing prepared SQL statement [INSERT INTO sys_menu (menu_code, menu_name, menu_path, menu_icon, permission_id, sort_order, status, parent_id)
SELECT ?, ?, ?, ?, ?, ?, 1, ?
WHERE NOT EXISTS (SELECT 1 FROM sys_menu WHERE menu_code = ?)
]
2026-06-16T19:33:59.118+08:00 DEBUG 54320 --- [threat-platform] [           main] o.s.jdbc.core.JdbcTemplate               : Executing prepared SQL update
2026-06-16T19:33:59.118+08:00 DEBUG 54320 --- [threat-platform] [           main] o.s.jdbc.core.JdbcTemplate               : Executing prepared SQL statement [UPDATE sys_menu
SET parent_id = ?, menu_path = './pages/login-security-log.html', permission_id = ?
WHERE menu_code = 'login_security_log'
]
2026-06-16T19:33:59.119+08:00 DEBUG 54320 --- [threat-platform] [           main] o.s.jdbc.core.JdbcTemplate               : Executing SQL query [SELECT COALESCE(MAX(sort_order), 0) FROM sys_menu]
2026-06-16T19:33:59.119+08:00 DEBUG 54320 --- [threat-platform] [           main] o.s.jdbc.core.JdbcTemplate               : Executing prepared SQL update
2026-06-16T19:33:59.119+08:00 DEBUG 54320 --- [threat-platform] [           main] o.s.jdbc.core.JdbcTemplate               : Executing prepared SQL statement [INSERT INTO sys_menu (menu_code, menu_name, menu_path, menu_icon, permission_id, sort_order, status, parent_id)
SELECT ?, ?, ?, ?, ?, ?, 1, ?
WHERE NOT EXISTS (SELECT 1 FROM sys_menu WHERE menu_code = ?)
]
2026-06-16T19:33:59.120+08:00 DEBUG 54320 --- [threat-platform] [           main] o.s.jdbc.core.JdbcTemplate               : Executing prepared SQL update
2026-06-16T19:33:59.120+08:00 DEBUG 54320 --- [threat-platform] [           main] o.s.jdbc.core.JdbcTemplate               : Executing prepared SQL statement [UPDATE sys_menu
SET parent_id = ?, menu_path = './pages/account-change-log.html', permission_id = ?
WHERE menu_code = 'account_change_log'
]
2026-06-16T19:33:59.120+08:00 DEBUG 54320 --- [threat-platform] [           main] o.s.jdbc.core.JdbcTemplate               : Executing prepared SQL update
2026-06-16T19:33:59.120+08:00 DEBUG 54320 --- [threat-platform] [           main] o.s.jdbc.core.JdbcTemplate               : Executing prepared SQL statement [INSERT INTO sys_role_permission (role_id, permission_id)
SELECT r.id, p.id
FROM sys_role r
JOIN sys_permission p ON p.permission_code = ?
WHERE r.role_code = ?
  AND NOT EXISTS (
    SELECT 1 FROM sys_role_permission rp
    WHERE rp.role_id = r.id AND rp.permission_id = p.id
)
]
2026-06-16T19:33:59.121+08:00 DEBUG 54320 --- [threat-platform] [           main] o.s.jdbc.core.JdbcTemplate               : Executing prepared SQL update
2026-06-16T19:33:59.121+08:00 DEBUG 54320 --- [threat-platform] [           main] o.s.jdbc.core.JdbcTemplate               : Executing prepared SQL statement [INSERT INTO sys_role_permission (role_id, permission_id)
SELECT r.id, p.id
FROM sys_role r
JOIN sys_permission p ON p.permission_code = ?
WHERE r.role_code = ?
  AND NOT EXISTS (
    SELECT 1 FROM sys_role_permission rp
    WHERE rp.role_id = r.id AND rp.permission_id = p.id
)
]
2026-06-16T19:33:59.121+08:00 DEBUG 54320 --- [threat-platform] [           main] o.s.jdbc.core.JdbcTemplate               : Executing prepared SQL update
2026-06-16T19:33:59.122+08:00 DEBUG 54320 --- [threat-platform] [           main] o.s.jdbc.core.JdbcTemplate               : Executing prepared SQL statement [INSERT INTO sys_role_permission (role_id, permission_id)
SELECT r.id, p.id
FROM sys_role r
JOIN sys_permission p ON p.permission_code = ?
WHERE r.role_code = ?
  AND NOT EXISTS (
    SELECT 1 FROM sys_role_permission rp
    WHERE rp.role_id = r.id AND rp.permission_id = p.id
)
]
2026-06-16T19:33:59.122+08:00 DEBUG 54320 --- [threat-platform] [           main] o.s.jdbc.core.JdbcTemplate               : Executing prepared SQL update
2026-06-16T19:33:59.122+08:00 DEBUG 54320 --- [threat-platform] [           main] o.s.jdbc.core.JdbcTemplate               : Executing prepared SQL statement [INSERT INTO sys_role_permission (role_id, permission_id)
SELECT r.id, p.id
FROM sys_role r
JOIN sys_permission p ON p.permission_code = ?
WHERE r.role_code = ?
  AND NOT EXISTS (
    SELECT 1 FROM sys_role_permission rp
    WHERE rp.role_id = r.id AND rp.permission_id = p.id
)
]
2026-06-16T19:33:59.123+08:00 DEBUG 54320 --- [threat-platform] [           main] o.s.jdbc.core.JdbcTemplate               : Executing prepared SQL update
2026-06-16T19:33:59.123+08:00 DEBUG 54320 --- [threat-platform] [           main] o.s.jdbc.core.JdbcTemplate               : Executing prepared SQL statement [INSERT INTO sys_role_permission (role_id, permission_id)
SELECT r.id, p.id
FROM sys_role r
JOIN sys_permission p ON p.permission_code = ?
WHERE r.role_code = ?
  AND NOT EXISTS (
    SELECT 1 FROM sys_role_permission rp
    WHERE rp.role_id = r.id AND rp.permission_id = p.id
)
]
2026-06-16T19:33:59.123+08:00 DEBUG 54320 --- [threat-platform] [           main] o.s.jdbc.core.JdbcTemplate               : Executing prepared SQL update
2026-06-16T19:33:59.124+08:00 DEBUG 54320 --- [threat-platform] [           main] o.s.jdbc.core.JdbcTemplate               : Executing prepared SQL statement [INSERT INTO sys_role_permission (role_id, permission_id)
SELECT r.id, p.id
FROM sys_role r
JOIN sys_permission p ON p.permission_code = ?
WHERE r.role_code = ?
  AND NOT EXISTS (
    SELECT 1 FROM sys_role_permission rp
    WHERE rp.role_id = r.id AND rp.permission_id = p.id
)
]
2026-06-16T19:33:59.124+08:00 DEBUG 54320 --- [threat-platform] [           main] o.s.jdbc.core.JdbcTemplate               : Executing prepared SQL update
2026-06-16T19:33:59.124+08:00 DEBUG 54320 --- [threat-platform] [           main] o.s.jdbc.core.JdbcTemplate               : Executing prepared SQL statement [INSERT INTO sys_permission (permission_code, permission_name, permission_type, path, status)
SELECT ?, ?, 'API', ?, 1
WHERE NOT EXISTS (SELECT 1 FROM sys_permission WHERE permission_code = ?)
]
2026-06-16T19:33:59.125+08:00 DEBUG 54320 --- [threat-platform] [           main] o.s.jdbc.core.JdbcTemplate               : Executing prepared SQL query
2026-06-16T19:33:59.125+08:00 DEBUG 54320 --- [threat-platform] [           main] o.s.jdbc.core.JdbcTemplate               : Executing prepared SQL statement [SELECT id FROM sys_permission WHERE permission_code = ?]
2026-06-16T19:33:59.126+08:00 DEBUG 54320 --- [threat-platform] [           main] o.s.jdbc.core.JdbcTemplate               : Executing SQL query [SELECT COALESCE(MAX(sort_order), 0) FROM sys_menu]
2026-06-16T19:33:59.127+08:00 DEBUG 54320 --- [threat-platform] [           main] o.s.jdbc.core.JdbcTemplate               : Executing prepared SQL update
2026-06-16T19:33:59.127+08:00 DEBUG 54320 --- [threat-platform] [           main] o.s.jdbc.core.JdbcTemplate               : Executing prepared SQL statement [INSERT INTO sys_menu (menu_code, menu_name, menu_path, menu_icon, permission_id, sort_order, status, parent_id)
SELECT 'security_log_parent', '安全日志', '#', 'layui-icon-log', ?, ?, 1, NULL
WHERE NOT EXISTS (SELECT 1 FROM sys_menu WHERE menu_code = 'security_log_parent')
]
2026-06-16T19:33:59.127+08:00 DEBUG 54320 --- [threat-platform] [           main] o.s.jdbc.core.JdbcTemplate               : Executing prepared SQL query
2026-06-16T19:33:59.127+08:00 DEBUG 54320 --- [threat-platform] [           main] o.s.jdbc.core.JdbcTemplate               : Executing prepared SQL statement [SELECT id FROM sys_menu WHERE menu_code = ?]
2026-06-16T19:33:59.128+08:00 DEBUG 54320 --- [threat-platform] [           main] o.s.jdbc.core.JdbcTemplate               : Executing SQL query [SELECT COALESCE(MAX(sort_order), 0) FROM sys_menu]
2026-06-16T19:33:59.128+08:00 DEBUG 54320 --- [threat-platform] [           main] o.s.jdbc.core.JdbcTemplate               : Executing prepared SQL update
2026-06-16T19:33:59.128+08:00 DEBUG 54320 --- [threat-platform] [           main] o.s.jdbc.core.JdbcTemplate               : Executing prepared SQL statement [INSERT INTO sys_menu (menu_code, menu_name, menu_path, menu_icon, permission_id, sort_order, status, parent_id)
SELECT ?, ?, ?, ?, ?, ?, 1, ?
WHERE NOT EXISTS (SELECT 1 FROM sys_menu WHERE menu_code = ?)
]
2026-06-16T19:33:59.129+08:00 DEBUG 54320 --- [threat-platform] [           main] o.s.jdbc.core.JdbcTemplate               : Executing prepared SQL update
2026-06-16T19:33:59.129+08:00 DEBUG 54320 --- [threat-platform] [           main] o.s.jdbc.core.JdbcTemplate               : Executing prepared SQL statement [UPDATE sys_menu
SET parent_id = ?, menu_path = './pages/host-log.html', permission_id = ?
WHERE menu_code = 'host_log'
]
2026-06-16T19:33:59.130+08:00 DEBUG 54320 --- [threat-platform] [           main] o.s.jdbc.core.JdbcTemplate               : Executing prepared SQL update
2026-06-16T19:33:59.130+08:00 DEBUG 54320 --- [threat-platform] [           main] o.s.jdbc.core.JdbcTemplate               : Executing prepared SQL statement [INSERT INTO sys_role_permission (role_id, permission_id)
SELECT r.id, p.id
FROM sys_role r
JOIN sys_permission p ON p.permission_code = ?
WHERE r.role_code = ?
  AND NOT EXISTS (
    SELECT 1 FROM sys_role_permission rp
    WHERE rp.role_id = r.id AND rp.permission_id = p.id
)
]
2026-06-16T19:33:59.131+08:00 DEBUG 54320 --- [threat-platform] [           main] o.s.jdbc.core.JdbcTemplate               : Executing prepared SQL update
2026-06-16T19:33:59.131+08:00 DEBUG 54320 --- [threat-platform] [           main] o.s.jdbc.core.JdbcTemplate               : Executing prepared SQL statement [INSERT INTO sys_role_permission (role_id, permission_id)
SELECT r.id, p.id
FROM sys_role r
JOIN sys_permission p ON p.permission_code = ?
WHERE r.role_code = ?
  AND NOT EXISTS (
    SELECT 1 FROM sys_role_permission rp
    WHERE rp.role_id = r.id AND rp.permission_id = p.id
)
]
2026-06-16T19:33:59.132+08:00 DEBUG 54320 --- [threat-platform] [           main] o.s.jdbc.core.JdbcTemplate               : Executing prepared SQL update
2026-06-16T19:33:59.132+08:00 DEBUG 54320 --- [threat-platform] [           main] o.s.jdbc.core.JdbcTemplate               : Executing prepared SQL statement [INSERT INTO sys_role_permission (role_id, permission_id)
SELECT r.id, p.id
FROM sys_role r
JOIN sys_permission p ON p.permission_code = ?
WHERE r.role_code = ?
  AND NOT EXISTS (
    SELECT 1 FROM sys_role_permission rp
    WHERE rp.role_id = r.id AND rp.permission_id = p.id
)
]
2026-06-16T19:33:59.132+08:00 DEBUG 54320 --- [threat-platform] [           main] o.s.jdbc.core.JdbcTemplate               : Executing SQL statement [CREATE TABLE IF NOT EXISTS sys_menu (
    id BIGINT PRIMARY KEY AUTO_INCREMENT,
    menu_code VARCHAR(50) NOT NULL UNIQUE,
    menu_name VARCHAR(100) NOT NULL,
    menu_path VARCHAR(255) NOT NULL,
    menu_icon VARCHAR(100),
    permission_id BIGINT,
    parent_id BIGINT DEFAULT NULL,
    sort_order INT DEFAULT 0,
    status TINYINT DEFAULT 1
)
]
2026-06-16T19:33:59.133+08:00 DEBUG 54320 --- [threat-platform] [           main] o.s.jdbc.core.JdbcTemplate               : SQLWarning ignored: SQL state '42S01', error code '1050', message [Table 'sys_menu' already exists]
2026-06-16T19:33:59.134+08:00 DEBUG 54320 --- [threat-platform] [           main] o.s.jdbc.core.JdbcTemplate               : Executing SQL statement [ALTER TABLE sys_menu ADD COLUMN parent_id BIGINT DEFAULT NULL]
2026-06-16T19:33:59.138+08:00 DEBUG 54320 --- [threat-platform] [           main] o.s.jdbc.core.JdbcTemplate               : Executing prepared SQL update
2026-06-16T19:33:59.138+08:00 DEBUG 54320 --- [threat-platform] [           main] o.s.jdbc.core.JdbcTemplate               : Executing prepared SQL statement [INSERT INTO sys_menu (menu_code, menu_name, menu_path, menu_icon, permission_id, sort_order, status)
SELECT ?, ?, ?, ?, p.id, ?, 1
FROM sys_permission p
WHERE p.permission_code = ?
  AND NOT EXISTS (SELECT 1 FROM sys_menu WHERE menu_code = ?)
]
2026-06-16T19:33:59.138+08:00 DEBUG 54320 --- [threat-platform] [           main] o.s.jdbc.core.JdbcTemplate               : Executing prepared SQL update
2026-06-16T19:33:59.139+08:00 DEBUG 54320 --- [threat-platform] [           main] o.s.jdbc.core.JdbcTemplate               : Executing prepared SQL statement [INSERT INTO sys_menu (menu_code, menu_name, menu_path, menu_icon, permission_id, sort_order, status)
SELECT ?, ?, ?, ?, p.id, ?, 1
FROM sys_permission p
WHERE p.permission_code = ?
  AND NOT EXISTS (SELECT 1 FROM sys_menu WHERE menu_code = ?)
]
2026-06-16T19:33:59.140+08:00 DEBUG 54320 --- [threat-platform] [           main] o.s.jdbc.core.JdbcTemplate               : Executing prepared SQL update
2026-06-16T19:33:59.140+08:00 DEBUG 54320 --- [threat-platform] [           main] o.s.jdbc.core.JdbcTemplate               : Executing prepared SQL statement [INSERT INTO sys_menu (menu_code, menu_name, menu_path, menu_icon, permission_id, sort_order, status)
SELECT ?, ?, ?, ?, p.id, ?, 1
FROM sys_permission p
WHERE p.permission_code = ?
  AND NOT EXISTS (SELECT 1 FROM sys_menu WHERE menu_code = ?)
]
2026-06-16T19:33:59.140+08:00 DEBUG 54320 --- [threat-platform] [           main] o.s.jdbc.core.JdbcTemplate               : Executing prepared SQL update
2026-06-16T19:33:59.141+08:00 DEBUG 54320 --- [threat-platform] [           main] o.s.jdbc.core.JdbcTemplate               : Executing prepared SQL statement [INSERT INTO sys_menu (menu_code, menu_name, menu_path, menu_icon, permission_id, sort_order, status)
SELECT ?, ?, ?, ?, NULL, ?, 1
WHERE NOT EXISTS (SELECT 1 FROM sys_menu WHERE menu_code = ?)
]
2026-06-16T19:33:59.141+08:00 DEBUG 54320 --- [threat-platform] [           main] o.s.jdbc.core.JdbcTemplate               : Executing prepared SQL update
2026-06-16T19:33:59.141+08:00 DEBUG 54320 --- [threat-platform] [           main] o.s.jdbc.core.JdbcTemplate               : Executing prepared SQL statement [INSERT INTO sys_menu (menu_code, menu_name, menu_path, menu_icon, permission_id, sort_order, status)
SELECT ?, ?, ?, ?, p.id, ?, 1
FROM sys_permission p
WHERE p.permission_code = ?
  AND NOT EXISTS (SELECT 1 FROM sys_menu WHERE menu_code = ?)
]
2026-06-16T19:33:59.142+08:00 DEBUG 54320 --- [threat-platform] [           main] o.s.jdbc.core.JdbcTemplate               : Executing prepared SQL update
2026-06-16T19:33:59.142+08:00 DEBUG 54320 --- [threat-platform] [           main] o.s.jdbc.core.JdbcTemplate               : Executing prepared SQL statement [INSERT INTO sys_menu (menu_code, menu_name, menu_path, menu_icon, permission_id, sort_order, status)
SELECT ?, ?, ?, ?, p.id, ?, 1
FROM sys_permission p
WHERE p.permission_code = ?
  AND NOT EXISTS (SELECT 1 FROM sys_menu WHERE menu_code = ?)
]
2026-06-16T19:33:59.170+08:00  INFO 54320 --- [threat-platform] [           main] c.c.s.impl.VulnRuleCacheServiceImpl      : 漏洞规则缓存加载完成: enabledRules=257, cacheKeys=187
2026-06-16T19:33:59.171+08:00 DEBUG 54320 --- [threat-platform] [           main] o.s.b.a.ApplicationAvailabilityBean      : Application availability state ReadinessState changed to ACCEPTING_TRAFFIC
2026-06-16T19:35:36.396+08:00  INFO 54320 --- [threat-platform] [nio-8081-exec-1] o.a.c.c.C.[Tomcat].[localhost].[/]       : Initializing Spring DispatcherServlet 'dispatcherServlet'
2026-06-16T19:35:36.397+08:00  INFO 54320 --- [threat-platform] [nio-8081-exec-1] o.s.web.servlet.DispatcherServlet        : Initializing Servlet 'dispatcherServlet'
2026-06-16T19:35:36.397+08:00 DEBUG 54320 --- [threat-platform] [nio-8081-exec-1] o.s.web.servlet.DispatcherServlet        : Detected StandardServletMultipartResolver
2026-06-16T19:35:36.398+08:00 DEBUG 54320 --- [threat-platform] [nio-8081-exec-1] o.s.web.servlet.DispatcherServlet        : Detected AcceptHeaderLocaleResolver
2026-06-16T19:35:36.398+08:00 DEBUG 54320 --- [threat-platform] [nio-8081-exec-1] o.s.web.servlet.DispatcherServlet        : Detected FixedThemeResolver
2026-06-16T19:35:36.399+08:00 DEBUG 54320 --- [threat-platform] [nio-8081-exec-1] o.s.web.servlet.DispatcherServlet        : Detected org.springframework.web.servlet.view.DefaultRequestToViewNameTranslator@5f32ab17
2026-06-16T19:35:36.399+08:00 DEBUG 54320 --- [threat-platform] [nio-8081-exec-1] o.s.web.servlet.DispatcherServlet        : Detected org.springframework.web.servlet.support.SessionFlashMapManager@36349e29
2026-06-16T19:35:36.399+08:00 DEBUG 54320 --- [threat-platform] [nio-8081-exec-1] o.s.web.servlet.DispatcherServlet        : enableLoggingRequestDetails='false': request parameters and headers will be masked to prevent unsafe logging of potentially sensitive data
2026-06-16T19:35:36.400+08:00  INFO 54320 --- [threat-platform] [nio-8081-exec-1] o.s.web.servlet.DispatcherServlet        : Completed initialization in 3 ms
2026-06-16T19:35:36.421+08:00 DEBUG 54320 --- [threat-platform] [nio-8081-exec-1] o.s.web.servlet.DispatcherServlet        : POST "/api/user/login", parameters={}
2026-06-16T19:35:36.423+08:00 DEBUG 54320 --- [threat-platform] [nio-8081-exec-1] s.w.s.m.m.a.RequestMappingHandlerMapping : Mapped to com.cd.controller.UserController#login(UserLoginDTO, HttpServletRequest)
2026-06-16T19:35:36.504+08:00 DEBUG 54320 --- [threat-platform] [nio-8081-exec-1] m.m.a.RequestResponseBodyMethodProcessor : Read "application/json;charset=UTF-8" to [UserLoginDTO(tenantId=0, userName=admin, password=6L7ruYQeTEW8_Cb)]
2026-06-16T19:35:36.716+08:00 DEBUG 54320 --- [threat-platform] [nio-8081-exec-1] m.m.a.RequestResponseBodyMethodProcessor : Using 'application/json', given [*/*] and supported [application/json, application/*+json]
2026-06-16T19:35:36.717+08:00 DEBUG 54320 --- [threat-platform] [nio-8081-exec-1] m.m.a.RequestResponseBodyMethodProcessor : Writing [Result(code=200, message=success, data=UserLoginResponseDTO(token=eyJhbGciOiJIUzUxMiJ9.eyJzdWIiOiJhZ (truncated)...]
2026-06-16T19:35:36.725+08:00 DEBUG 54320 --- [threat-platform] [nio-8081-exec-1] o.s.web.servlet.DispatcherServlet        : Completed 200 OK
2026-06-16T19:35:36.777+08:00 DEBUG 54320 --- [threat-platform] [nio-8081-exec-2] o.s.web.servlet.DispatcherServlet        : GET "/api/license/current", parameters={}
2026-06-16T19:35:36.778+08:00 DEBUG 54320 --- [threat-platform] [nio-8081-exec-2] s.w.s.m.m.a.RequestMappingHandlerMapping : Mapped to com.cd.controller.LicenseActivationController#current()
2026-06-16T19:35:36.798+08:00 DEBUG 54320 --- [threat-platform] [nio-8081-exec-2] m.m.a.RequestResponseBodyMethodProcessor : Using 'application/json', given [*/*] and supported [application/json, application/*+json]
2026-06-16T19:35:36.802+08:00 DEBUG 54320 --- [threat-platform] [nio-8081-exec-2] m.m.a.RequestResponseBodyMethodProcessor : Writing [Result(code=200, message=success, data=LicenseCurrentDTO(tenantId=0, edition=PLATFORM, hostLimit=0,  (truncated)...]
2026-06-16T19:35:36.805+08:00 DEBUG 54320 --- [threat-platform] [nio-8081-exec-2] o.s.web.servlet.DispatcherServlet        : Completed 200 OK
2026-06-16T19:35:36.816+08:00 DEBUG 54320 --- [threat-platform] [nio-8081-exec-3] o.s.web.servlet.DispatcherServlet        : POST "/api/user/login", parameters={}
2026-06-16T19:35:36.817+08:00 DEBUG 54320 --- [threat-platform] [nio-8081-exec-3] s.w.s.m.m.a.RequestMappingHandlerMapping : Mapped to com.cd.controller.UserController#login(UserLoginDTO, HttpServletRequest)
2026-06-16T19:35:36.818+08:00 DEBUG 54320 --- [threat-platform] [nio-8081-exec-3] m.m.a.RequestResponseBodyMethodProcessor : Read "application/json;charset=UTF-8" to [UserLoginDTO(tenantId=0, userName=security, password=123456)]
2026-06-16T19:35:36.832+08:00 DEBUG 54320 --- [threat-platform] [nio-8081-exec-3] m.m.a.RequestResponseBodyMethodProcessor : Using 'application/json', given [*/*] and supported [application/json, application/*+json]
2026-06-16T19:35:36.832+08:00 DEBUG 54320 --- [threat-platform] [nio-8081-exec-3] m.m.a.RequestResponseBodyMethodProcessor : Writing [Result(code=200, message=success, data=UserLoginResponseDTO(token=eyJhbGciOiJIUzUxMiJ9.eyJzdWIiOiJzZ (truncated)...]
2026-06-16T19:35:36.833+08:00 DEBUG 54320 --- [threat-platform] [nio-8081-exec-3] o.s.web.servlet.DispatcherServlet        : Completed 200 OK
2026-06-16T19:35:36.841+08:00 DEBUG 54320 --- [threat-platform] [nio-8081-exec-4] o.s.web.servlet.DispatcherServlet        : GET "/api/license/current", parameters={}
2026-06-16T19:35:36.842+08:00 DEBUG 54320 --- [threat-platform] [nio-8081-exec-4] s.w.s.m.m.a.RequestMappingHandlerMapping : Mapped to com.cd.controller.LicenseActivationController#current()
2026-06-16T19:35:36.845+08:00 DEBUG 54320 --- [threat-platform] [nio-8081-exec-4] m.m.a.RequestResponseBodyMethodProcessor : Using 'application/json', given [*/*] and supported [application/json, application/*+json]
2026-06-16T19:35:36.846+08:00 DEBUG 54320 --- [threat-platform] [nio-8081-exec-4] m.m.a.RequestResponseBodyMethodProcessor : Writing [Result(code=200, message=success, data=LicenseCurrentDTO(tenantId=0, edition=NONE, hostLimit=0, host (truncated)...]
2026-06-16T19:35:36.847+08:00 DEBUG 54320 --- [threat-platform] [nio-8081-exec-4] o.s.web.servlet.DispatcherServlet        : Completed 200 OK
2026-06-16T19:35:36.856+08:00 DEBUG 54320 --- [threat-platform] [nio-8081-exec-5] o.s.web.servlet.DispatcherServlet        : POST "/api/platform/tenant", parameters={}
2026-06-16T19:35:36.857+08:00 DEBUG 54320 --- [threat-platform] [nio-8081-exec-5] s.w.s.m.m.a.RequestMappingHandlerMapping : Mapped to com.cd.controller.PlatformTenantController#create(TenantCreateDTO)
2026-06-16T19:35:36.863+08:00 DEBUG 54320 --- [threat-platform] [nio-8081-exec-5] m.m.a.RequestResponseBodyMethodProcessor : Read "application/json;charset=UTF-8" to [TenantCreateDTO(name=IT Guard Temp 20260616193536, contact=Guard verification, status=1, adminUserNa (truncated)...]
2026-06-16T19:35:36.899+08:00 DEBUG 54320 --- [threat-platform] [nio-8081-exec-5] m.m.a.RequestResponseBodyMethodProcessor : Using 'application/json', given [*/*] and supported [application/json, application/*+json]
2026-06-16T19:35:36.899+08:00 DEBUG 54320 --- [threat-platform] [nio-8081-exec-5] m.m.a.RequestResponseBodyMethodProcessor : Writing [Result(code=200, message=success, data=TenantResponseDTO(id=9914, name=IT Guard Temp 20260616193536, (truncated)...]
2026-06-16T19:35:36.901+08:00 DEBUG 54320 --- [threat-platform] [nio-8081-exec-5] o.s.web.servlet.DispatcherServlet        : Completed 200 OK
2026-06-16T19:35:36.917+08:00 DEBUG 54320 --- [threat-platform] [nio-8081-exec-6] o.s.web.servlet.DispatcherServlet        : POST "/api/platform/tenant/9914/licenses", parameters={}
2026-06-16T19:35:36.917+08:00 DEBUG 54320 --- [threat-platform] [nio-8081-exec-6] s.w.s.m.m.a.RequestMappingHandlerMapping : Mapped to com.cd.controller.PlatformTenantController#generateLicense(Long, LicenseGenerateDTO)
2026-06-16T19:35:36.924+08:00 DEBUG 54320 --- [threat-platform] [nio-8081-exec-6] m.m.a.RequestResponseBodyMethodProcessor : Read "application/json;charset=UTF-8" to [LicenseGenerateDTO(edition=null, planCode=STANDARD, hostLimit=1, userLimit=1, expireTime=2026-07-16T (truncated)...]
2026-06-16T19:35:36.959+08:00 DEBUG 54320 --- [threat-platform] [nio-8081-exec-6] m.m.a.RequestResponseBodyMethodProcessor : Using 'application/json', given [*/*] and supported [application/json, application/*+json]
2026-06-16T19:35:36.960+08:00 DEBUG 54320 --- [threat-platform] [nio-8081-exec-6] m.m.a.RequestResponseBodyMethodProcessor : Writing [Result(code=200, message=success, data=LicenseResponseDTO(id=26, licenseKey=LIC-C98191029E35464384FA (truncated)...]
2026-06-16T19:35:36.961+08:00 DEBUG 54320 --- [threat-platform] [nio-8081-exec-6] o.s.web.servlet.DispatcherServlet        : Completed 200 OK
2026-06-16T19:35:36.964+08:00 DEBUG 54320 --- [threat-platform] [nio-8081-exec-7] o.s.web.servlet.DispatcherServlet        : POST "/api/user/login", parameters={}
2026-06-16T19:35:36.965+08:00 DEBUG 54320 --- [threat-platform] [nio-8081-exec-7] s.w.s.m.m.a.RequestMappingHandlerMapping : Mapped to com.cd.controller.UserController#login(UserLoginDTO, HttpServletRequest)
2026-06-16T19:35:36.966+08:00 DEBUG 54320 --- [threat-platform] [nio-8081-exec-7] m.m.a.RequestResponseBodyMethodProcessor : Read "application/json;charset=UTF-8" to [UserLoginDTO(tenantId=9914, userName=guard_admin_20260616193536, password=Passw0rd1_20260616193536)]
2026-06-16T19:35:36.976+08:00 DEBUG 54320 --- [threat-platform] [nio-8081-exec-7] m.m.a.RequestResponseBodyMethodProcessor : Using 'application/json', given [*/*] and supported [application/json, application/*+json]
2026-06-16T19:35:36.976+08:00 DEBUG 54320 --- [threat-platform] [nio-8081-exec-7] m.m.a.RequestResponseBodyMethodProcessor : Writing [Result(code=200, message=success, data=UserLoginResponseDTO(token=eyJhbGciOiJIUzUxMiJ9.eyJzdWIiOiJnd (truncated)...]
2026-06-16T19:35:36.978+08:00 DEBUG 54320 --- [threat-platform] [nio-8081-exec-7] o.s.web.servlet.DispatcherServlet        : Completed 200 OK
2026-06-16T19:35:36.999+08:00 DEBUG 54320 --- [threat-platform] [nio-8081-exec-8] o.s.web.servlet.DispatcherServlet        : POST "/api/tenant-machines", parameters={}
2026-06-16T19:35:36.999+08:00 DEBUG 54320 --- [threat-platform] [nio-8081-exec-8] s.w.s.m.m.a.RequestMappingHandlerMapping : Mapped to com.cd.controller.TenantMachineController#create(TenantMachineCreateDTO)
2026-06-16T19:35:37.002+08:00 DEBUG 54320 --- [threat-platform] [nio-8081-exec-8] m.m.a.RequestResponseBodyMethodProcessor : Read "application/json;charset=utf-8" to [TenantMachineCreateDTO(machineId=GUARD-MID-20260616193536-1, macAddress=null, hostName=null, remark= (truncated)...]
2026-06-16T19:35:37.017+08:00 DEBUG 54320 --- [threat-platform] [nio-8081-exec-8] m.m.a.RequestResponseBodyMethodProcessor : Using 'application/json', given [*/*] and supported [application/json, application/*+json]
2026-06-16T19:35:37.020+08:00 DEBUG 54320 --- [threat-platform] [nio-8081-exec-8] m.m.a.RequestResponseBodyMethodProcessor : Writing [Result(code=200, message=success, data=TenantMachineResponseDTO(id=5, tenantId=9914, tenantName=IT G (truncated)...]
2026-06-16T19:35:37.023+08:00 DEBUG 54320 --- [threat-platform] [nio-8081-exec-8] o.s.web.servlet.DispatcherServlet        : Completed 200 OK
2026-06-16T19:35:37.036+08:00 DEBUG 54320 --- [threat-platform] [nio-8081-exec-9] o.s.web.servlet.DispatcherServlet        : POST "/api/tenant-machines", parameters={}
2026-06-16T19:35:37.037+08:00 DEBUG 54320 --- [threat-platform] [nio-8081-exec-9] s.w.s.m.m.a.RequestMappingHandlerMapping : Mapped to com.cd.controller.TenantMachineController#create(TenantMachineCreateDTO)
2026-06-16T19:35:37.038+08:00 DEBUG 54320 --- [threat-platform] [nio-8081-exec-9] m.m.a.RequestResponseBodyMethodProcessor : Read "application/json;charset=utf-8" to [TenantMachineCreateDTO(machineId=GUARD-MID-20260616193536-2, macAddress=null, hostName=null, remark= (truncated)...]
2026-06-16T19:35:37.045+08:00 DEBUG 54320 --- [threat-platform] [nio-8081-exec-9] .m.m.a.ExceptionHandlerExceptionResolver : Using @ExceptionHandler com.cd.common.handler.GlobalExceptionHandler#handleLicenseAccessDeniedException(LicenseAccessDeniedException)
2026-06-16T19:35:37.046+08:00 DEBUG 54320 --- [threat-platform] [nio-8081-exec-9] m.m.a.RequestResponseBodyMethodProcessor : Using 'application/json', given [*/*] and supported [application/json, application/*+json]
2026-06-16T19:35:37.046+08:00 DEBUG 54320 --- [threat-platform] [nio-8081-exec-9] m.m.a.RequestResponseBodyMethodProcessor : Writing [Result(code=403, message=Host quota exceeded, data=null)]
2026-06-16T19:35:37.048+08:00 DEBUG 54320 --- [threat-platform] [nio-8081-exec-9] .m.m.a.ExceptionHandlerExceptionResolver : Resolved [com.cd.common.exception.LicenseAccessDeniedException: Host quota exceeded]
2026-06-16T19:35:37.048+08:00 DEBUG 54320 --- [threat-platform] [nio-8081-exec-9] o.s.web.servlet.DispatcherServlet        : Completed 200 OK
2026-06-16T19:35:37.056+08:00 DEBUG 54320 --- [threat-platform] [io-8081-exec-10] o.s.web.servlet.DispatcherServlet        : GET "/api/ai/test", parameters={}
2026-06-16T19:35:37.056+08:00 DEBUG 54320 --- [threat-platform] [io-8081-exec-10] s.w.s.m.m.a.RequestMappingHandlerMapping : Mapped to com.cd.controller.AiController#test()
2026-06-16T19:35:37.059+08:00 DEBUG 54320 --- [threat-platform] [io-8081-exec-10] .m.m.a.ExceptionHandlerExceptionResolver : Using @ExceptionHandler com.cd.common.handler.GlobalExceptionHandler#handleLicenseAccessDeniedException(LicenseAccessDeniedException)
2026-06-16T19:35:37.060+08:00 DEBUG 54320 --- [threat-platform] [io-8081-exec-10] m.m.a.RequestResponseBodyMethodProcessor : Using 'application/json', given [*/*] and supported [application/json, application/*+json]
2026-06-16T19:35:37.060+08:00 DEBUG 54320 --- [threat-platform] [io-8081-exec-10] m.m.a.RequestResponseBodyMethodProcessor : Writing [Result(code=403, message=License feature not allowed: AI_ANALYSIS, data=null)]
2026-06-16T19:35:37.061+08:00 DEBUG 54320 --- [threat-platform] [io-8081-exec-10] .m.m.a.ExceptionHandlerExceptionResolver : Resolved [com.cd.common.exception.LicenseAccessDeniedException: License feature not allowed: AI_ANALYSIS]
2026-06-16T19:35:37.061+08:00 DEBUG 54320 --- [threat-platform] [io-8081-exec-10] o.s.web.servlet.DispatcherServlet        : Completed 200 OK
